{
"type": "FeatureCollection",
"name": "admin_boundaries_ssd2",
"crs": { "type": "name", "properties": { "name": "urn:ogc:def:crs:OGC:1.3:CRS84" } },
"features": [
{ "type": "Feature", "properties": { }, "geometry": { "type": "MultiLineString", "coordinates": [ [ [ 22.879028320312447, 10.919617760254663 ], [ 22.879028320312447, 10.900739195404581 ], [ 23.0136108398437, 10.695695224886398 ], [ 23.150939941406197, 10.601220285877357 ], [ 23.203125, 10.541821094659044 ], [ 23.233337402343697, 10.522918945386282 ], [ 23.255310058593697, 10.490512566946043 ], [ 23.307495117187447, 10.458102794213419 ], [ 23.670043945312447, 9.86604011578544 ], [ 23.697509765624947, 9.671153534953017 ], [ 23.623352050781197, 9.535748998133599 ], [ 23.637084960937447, 9.508661614180836 ], [ 23.634338378906197, 9.443643151732539 ], [ 23.639831542968697, 9.43822439134332 ], [ 23.664550781249947, 9.440933782190029 ], [ 23.659057617187447, 9.389451719801773 ], [ 23.639831542968697, 9.332541593870559 ], [ 23.653564453124947, 9.286464684304059 ], [ 23.650817871093693, 9.27562217679208 ], [ 23.62060546874995, 9.256646982513724 ], [ 23.606872558593697, 9.229537785857611 ], [ 23.560180664062447, 9.183447371012857 ], [ 23.497009277343693, 9.178024574578354 ], [ 23.47229003906245, 9.12921568064573 ], [ 23.461303710937447, 9.050565088042507 ], [ 23.447570800781197, 9.020727597059922 ], [ 23.458557128906197, 8.990887639094643 ], [ 23.49975585937495, 8.961045222037107 ], [ 23.5244750976562, 8.955619064443392 ], [ 23.532714843749947, 8.961045222037107 ], [ 23.560180664062447, 9.004451561672067 ], [ 23.571166992187447, 9.004451561672067 ], [ 23.584899902343697, 8.988174793586204 ], [ 23.584899902343697, 8.912206892260199 ], [ 23.549194335937443, 8.847078969093289 ], [ 23.505249023437447, 8.806368159416261 ], [ 23.497009277343693, 8.765652867885231 ], [ 23.516235351562447, 8.735792150582714 ], [ 23.5189819335937, 8.714073762701158 ], [ 23.5519409179687, 8.705929041749645 ], [ 23.58764648437495, 8.730362672081613 ], [ 23.634338378906197, 8.738506860189165 ], [ 23.667297363281197, 8.716788630258721 ], [ 23.7002563476562, 8.719503478093225 ], [ 23.733215332031197, 8.705929041749645 ], [ 23.782653808593697, 8.724933114569247 ], [ 23.823852539062447, 8.727647903198863 ], [ 23.8760375976562, 8.708643968440668 ], [ 23.925476074218697, 8.719503478093225 ], [ 23.955688476562447, 8.714073762701158 ], [ 23.988647460937447, 8.697784143504894 ], [ 24.016113281249947, 8.703214095359373 ], [ 24.125976562499947, 8.684208919548572 ], [ 24.167175292968693, 8.697784143504894 ], [ 24.200134277343697, 8.686924003666894 ], [ 24.238586425781197, 8.697784143504894 ], [ 24.255065917968693, 8.686924003666894 ] ] ] } },
{ "type": "Feature", "properties": { }, "geometry": { "type": "MultiLineString", "coordinates": [ [ [ 34.387207031249922, 4.610646932717071 ], [ 34.476470947265547, 4.724252074523251 ], [ 34.498443603515547, 4.737938193476733 ], [ 34.71267700195304, 4.798153887556911 ], [ 34.97360229492179, 4.89530889194458 ], [ 35.009307861328047, 4.91035982053226 ], [ 35.152130126953047, 4.988345532685297 ], [ 35.19607543945304, 4.955510564186131 ], [ 35.299072265624922, 5.018442811324137 ], [ 35.321044921874915, 5.023914894893506 ], [ 35.33615112304679, 5.018442811324137 ], [ 35.345764160156172, 5.007498506556263 ], [ 35.329284667968665, 4.976032611384596 ], [ 35.310058593749915, 4.907623313295853 ], [ 35.451507568359297, 4.922673964053035 ], [ 35.469360351562415, 4.921305737130188 ], [ 35.47622680664054, 4.914464560331356 ], [ 35.477600097656172, 4.90215026516211 ], [ 35.421295166015547, 4.770783772016453 ], [ 35.509185791015547, 4.617491134677782 ] ], [ [ 35.608062744140547, 4.617491134677782 ], [ 35.623168945312422, 4.668136170529932 ], [ 35.643768310546797, 4.688666902768198 ], [ 35.665740966796797, 4.691404288203811 ], [ 35.683593749999922, 4.688666902768198 ], [ 35.700073242187422, 4.677717253825127 ], [ 35.69869995117179, 4.618859967149382 ] ] ] } },
{ "type": "Feature", "properties": { }, "geometry": { "type": "MultiLineString", "coordinates": [ [ [ 23.696136474609322, 9.671153534953017 ], [ 24.058685302734322, 9.667092188303704 ] ] ] } },
{ "type": "Feature", "properties": { }, "geometry": { "type": "MultiLineString", "coordinates": [ [ [ 28.212890624999936, 10.166263750813524 ], [ 27.833862304687436, 10.166263750813524 ], [ 27.832489013671815, 9.763197528547222 ] ], [ [ 28.212890624999936, 9.346092468633998 ], [ 28.035736083984315, 9.343382335853448 ], [ 27.906646728515565, 9.610228195100213 ] ] ] } },
{ "type": "Feature", "properties": { }, "geometry": { "type": "MultiLineString", "coordinates": [ [ [ 34.387207031249922, 4.610646932717071 ], [ 35.509185791015547, 4.617491134677782 ] ], [ [ 35.608062744140547, 4.617491134677782 ], [ 35.69869995117179, 4.618859967149382 ] ] ] } },
{ "type": "Feature", "properties": { }, "geometry": { "type": "MultiLineString", "coordinates": [ [ [ 24.256439208984322, 8.686924003666894 ], [ 24.267425537109318, 8.700499129275803 ], [ 24.281158447265572, 8.710001424397104 ], [ 24.300384521484322, 8.712716321528092 ], [ 24.319610595703068, 8.724933114569247 ], [ 24.360809326171822, 8.720860894612468 ], [ 24.385528564453072, 8.729005290108969 ], [ 24.396514892578072, 8.739864207578764 ], [ 24.402008056640572, 8.75343740946442 ], [ 24.400634765624947, 8.784653893731981 ], [ 24.410247802734322, 8.798225459016329 ], [ 24.425354003906197, 8.807725258724483 ], [ 24.437713623046822, 8.807725258724483 ], [ 24.447326660156197, 8.796868324864839 ], [ 24.455566406249947, 8.803653945861047 ], [ 24.458312988281193, 8.81315360614412 ], [ 24.448699951171818, 8.844365054952485 ], [ 24.502258300781197, 8.867432686968051 ], [ 24.532470703124943, 8.875573858422678 ], [ 24.531097412109322, 8.879644376420817 ], [ 24.543457031249943, 8.889142076017079 ], [ 24.546203613281197, 8.887785276858526 ], [ 24.550323486328072, 8.895925996417867 ], [ 24.554443359374943, 8.894569222392445 ], [ 24.554443359374943, 8.89999628831805 ], [ 24.561309814453072, 8.909493459962755 ], [ 24.570922851562443, 8.908136736259253 ], [ 24.576416015624943, 8.917633696396058 ], [ 24.576416015624943, 8.952905955274604 ], [ 24.570922851562443, 8.955619064443392 ], [ 24.566802978515572, 8.969184306479045 ], [ 24.561309814453072, 8.969184306479045 ], [ 24.558563232421822, 8.978679674348037 ], [ 24.548950195312447, 8.986818363212684 ], [ 24.551696777343697, 9.003095192298911 ], [ 24.546203613281197, 9.016658656973421 ], [ 24.551696777343697, 9.02479649127277 ], [ 24.540710449218697, 9.047852691011128 ], [ 24.546203613281197, 9.049208892083131 ], [ 24.546203613281197, 9.064126766278838 ], [ 24.543457031249943, 9.064126766278838 ], [ 24.544830322265575, 9.06819516992836 ], [ 24.540710449218697, 9.07497574020781 ], [ 24.546203613281197, 9.091248585779359 ], [ 24.540710449218697, 9.095316681671699 ], [ 24.548950195312447, 9.110232637514503 ], [ 24.547576904296818, 9.115656467130982 ], [ 24.551696777343697, 9.115656467130982 ], [ 24.557189941406197, 9.131927461496799 ], [ 24.569549560546818, 9.148197713142954 ], [ 24.568176269531197, 9.152265159854769 ], [ 24.572296142578072, 9.157688349769566 ], [ 24.566802978515572, 9.168534481304134 ], [ 24.570922851562443, 9.169890224453878 ], [ 24.566802978515572, 9.186158738117824 ], [ 24.570922851562443, 9.187514413889648 ], [ 24.569549560546818, 9.19700399898448 ], [ 24.557189941406197, 9.21462683884409 ], [ 24.558563232421822, 9.225471226435424 ], [ 24.554443359374943, 9.225471226435424 ], [ 24.554443359374943, 9.230893295244 ], [ 24.559936523437443, 9.237670763985141 ], [ 24.559936523437443, 9.244448102340579 ], [ 24.569549560546818, 9.249869879085185 ], [ 24.559936523437443, 9.248514442730299 ], [ 24.565429687499943, 9.259357787309943 ], [ 24.569549560546818, 9.259357787309943 ], [ 24.569549560546818, 9.263423955298098 ], [ 24.573669433593697, 9.26477933416955 ], [ 24.566802978515572, 9.270200797346012 ], [ 24.575042724609318, 9.276977508565187 ], [ 24.577789306640572, 9.283754088863345 ], [ 24.575042724609318, 9.285109389204338 ], [ 24.577789306640572, 9.289175258776742 ], [ 24.581909179687443, 9.287819974161774 ], [ 24.580535888671818, 9.293241081157797 ], [ 24.592895507812447, 9.293241081157797 ], [ 24.591522216796822, 9.300017346869103 ], [ 24.598388671874947, 9.302727816413082 ], [ 24.591522216796822, 9.305438264953612 ], [ 24.592895507812447, 9.309503898370018 ], [ 24.601135253906197, 9.309503898370018 ], [ 24.601135253906197, 9.316279848963156 ], [ 24.610748291015572, 9.318990192397889 ], [ 24.612121582031193, 9.328476228699669 ], [ 24.608001708984318, 9.335251810983586 ], [ 24.610748291015572, 9.336606911637617 ], [ 24.612121582031193, 9.351512670895589 ], [ 24.609375, 9.354222740364833 ], [ 24.610748291015572, 9.359642815950728 ], [ 24.617614746093693, 9.360997821644442 ], [ 24.612121582031193, 9.363707817183405 ], [ 24.617614746093693, 9.379967346350375 ], [ 24.624481201171818, 9.386741925294887 ], [ 24.632720947265572, 9.386741925294887 ], [ 24.629974365234322, 9.392161493116433 ], [ 24.640960693359322, 9.392161493116433 ], [ 24.635467529296822, 9.397580976145488 ], [ 24.642333984374947, 9.397580976145488 ], [ 24.645080566406193, 9.404355210620531 ], [ 24.650573730468693, 9.401645532743842 ], [ 24.651947021484322, 9.405710041599999 ], [ 24.656066894531193, 9.401645532743842 ], [ 24.662933349609322, 9.409774502694072 ], [ 24.665679931640572, 9.419258059393707 ], [ 24.664306640624943, 9.42467711775301 ], [ 24.658813476562443, 9.426031869051647 ], [ 24.665679931640572, 9.427386615032336 ], [ 24.662933349609322, 9.435514979198304 ], [ 24.667053222656193, 9.43822439134332 ], [ 24.662933349609322, 9.43822439134332 ], [ 24.662933349609322, 9.443643151732539 ], [ 24.668426513671822, 9.453125777275725 ], [ 24.6615600585937, 9.453125777275725 ], [ 24.667053222656193, 9.46260814151778 ], [ 24.669799804687447, 9.459898921269581 ], [ 24.671173095703068, 9.465317340414657 ], [ 24.676666259765568, 9.463962743635504 ], [ 24.682159423828068, 9.469381098713376 ], [ 24.676666259765568, 9.474799368327089 ], [ 24.682159423828068, 9.474799368327089 ], [ 24.679412841796822, 9.478863014423181 ], [ 24.684906005859322, 9.478863014423181 ], [ 24.684906005859322, 9.482926612399316 ], [ 24.691772460937443, 9.486990162235625 ], [ 24.689025878906197, 9.48969916870567 ], [ 24.697265624999943, 9.492408153765513 ], [ 24.694519042968697, 9.495117117409281 ], [ 24.697265624999943, 9.505952757705781 ], [ 24.690399169921822, 9.508661614180836 ], [ 24.700012207031197, 9.507307188624363 ], [ 24.695892333984318, 9.512724858670213 ], [ 24.700012207031197, 9.515433661505742 ], [ 24.700012207031197, 9.524914302345863 ], [ 24.708251953124943, 9.526268658127917 ], [ 24.706878662109322, 9.528977353574057 ], [ 24.712371826171822, 9.533040356437311 ], [ 24.712371826171822, 9.542520508254164 ], [ 24.716491699218697, 9.541166216989581 ], [ 24.712371826171822, 9.549291883843841 ], [ 24.720611572265572, 9.547937619492789 ], [ 24.720611572265572, 9.557417356841285 ], [ 24.716491699218697, 9.558771583482519 ], [ 24.723358154296818, 9.558771583482519 ], [ 24.724731445312443, 9.56418843613953 ], [ 24.721984863281197, 9.566896830112986 ], [ 24.742584228515572, 9.583146740612666 ], [ 24.739837646484322, 9.591271404164402 ], [ 24.750823974609318, 9.588563204603433 ], [ 24.753570556640572, 9.59397958209459 ], [ 24.756317138671818, 9.61429022649666 ], [ 24.752197265624943, 9.62918392411207 ], [ 24.754943847656197, 9.633245727691181 ], [ 24.750823974609318, 9.635953569592825 ], [ 24.754943847656197, 9.637307482396118 ], [ 24.757690429687447, 9.644076964907885 ], [ 24.753570556640572, 9.644076964907885 ], [ 24.752197265624943, 9.654907854198992 ], [ 24.742584228515572, 9.654907854198992 ], [ 24.743957519531193, 9.661676983157964 ], [ 24.739837646484322, 9.667092188303704 ], [ 24.748077392578068, 9.669799758186617 ], [ 24.749450683593697, 9.683337280466773 ], [ 24.753570556640572, 9.687398430760597 ], [ 24.746704101562447, 9.694166905377411 ], [ 24.750823974609318, 9.702288894614354 ], [ 24.746704101562447, 9.702288894614354 ], [ 24.743957519531193, 9.707703444757605 ], [ 24.739837646484322, 9.704996180624699 ], [ 24.742584228515572, 9.711764299923948 ], [ 24.735717773437443, 9.718532282397575 ], [ 24.741210937499943, 9.72936076952927 ], [ 24.748077392578068, 9.725300127953904 ], [ 24.756317138671818, 9.734774881537195 ], [ 24.752197265624943, 9.746956312582373 ], [ 24.765930175781193, 9.741542398118074 ], [ 24.775543212890568, 9.755077019501533 ], [ 24.787902832031193, 9.751016690766241 ], [ 24.793395996093693, 9.757783877843853 ], [ 24.793395996093693, 9.76455092747269 ], [ 24.798889160156193, 9.761844124120872 ], [ 24.800262451171822, 9.767257708818045 ], [ 24.805755615234322, 9.765904320896544 ], [ 24.805755615234322, 9.782144612590082 ], [ 24.818115234374943, 9.776731270141292 ], [ 24.823608398437447, 9.78485125075057 ], [ 24.829101562499947, 9.78485125075057 ], [ 24.841461181640568, 9.815976003248123 ], [ 24.837341308593693, 9.817329187067754 ], [ 24.835968017578068, 9.814622813899037 ], [ 24.834594726562443, 9.818682365357208 ], [ 24.830474853515568, 9.814622813899037 ], [ 24.823608398437447, 9.818682365357208 ], [ 24.811248779296822, 9.817329187067754 ], [ 24.808502197265568, 9.814622813899037 ], [ 24.813995361328072, 9.807856784237503 ], [ 24.809875488281193, 9.805150333692369 ], [ 24.811248779296822, 9.791617749668379 ], [ 24.797515869140568, 9.790264460914424 ], [ 24.786529541015572, 9.798384110679496 ], [ 24.771423339843693, 9.795677582829711 ], [ 24.760437011718693, 9.80244386105287 ], [ 24.759063720703072, 9.809210001222851 ], [ 24.748077392578068, 9.809210001222851 ], [ 24.746704101562447, 9.806503561727098 ], [ 24.745330810546818, 9.81191641861545 ], [ 24.741210937499943, 9.809210001222851 ], [ 24.727478027343697, 9.824095023198554 ], [ 24.728851318359318, 9.830860720983285 ], [ 24.720611572265572, 9.837626280330445 ], [ 24.708251953124943, 9.833566961339784 ], [ 24.704132080078072, 9.822741867037148 ], [ 24.695892333984318, 9.824095023198554 ], [ 24.697265624999943, 9.810563212682412 ], [ 24.686279296874943, 9.809210001222851 ], [ 24.687652587890568, 9.806503561727098 ], [ 24.682159423828068, 9.803797100134048 ], [ 24.675292968749947, 9.805150333692369 ], [ 24.678039550781197, 9.801090616449562 ], [ 24.673919677734318, 9.80244386105287 ], [ 24.673919677734318, 9.798384110679496 ], [ 24.669799804687447, 9.799737366324862 ], [ 24.668426513671822, 9.797030849514202 ], [ 24.662933349609322, 9.799737366324862 ], [ 24.656066894531193, 9.794324310626756 ], [ 24.653320312499947, 9.799737366324862 ], [ 24.646453857421822, 9.795677582829711 ], [ 24.639587402343693, 9.803797100134048 ], [ 24.632720947265572, 9.80244386105287 ], [ 24.631347656249947, 9.797030849514202 ], [ 24.610748291015572, 9.807856784237503 ], [ 24.609375, 9.803797100134048 ], [ 24.599761962890568, 9.801090616449562 ], [ 24.595642089843697, 9.80244386105287 ], [ 24.597015380859318, 9.807856784237503 ], [ 24.588775634765572, 9.81326961902124 ], [ 24.586029052734322, 9.810563212682412 ], [ 24.580535888671818, 9.815976003248123 ], [ 24.577789306640572, 9.809210001222851 ], [ 24.572296142578072, 9.810563212682412 ], [ 24.573669433593697, 9.807856784237503 ], [ 24.568176269531197, 9.805150333692369 ], [ 24.557189941406197, 9.809210001222851 ], [ 24.555816650390572, 9.799737366324862 ], [ 24.551696777343697, 9.799737366324862 ], [ 24.536590576171822, 9.805150333692369 ], [ 24.537963867187443, 9.809210001222851 ], [ 24.531097412109322, 9.81191641861545 ], [ 24.529724121093697, 9.825448173826114 ], [ 24.522857666015568, 9.824095023198554 ], [ 24.522857666015568, 9.829507592498418 ], [ 24.509124755859322, 9.829507592498418 ], [ 24.509124755859322, 9.833566961339784 ], [ 24.506378173828068, 9.829507592498418 ], [ 24.503631591796822, 9.833566961339784 ], [ 24.500885009765568, 9.830860720983285 ], [ 24.498138427734322, 9.836273179540413 ], [ 24.496765136718693, 9.830860720983285 ], [ 24.487152099609322, 9.833566961339784 ], [ 24.487152099609322, 9.830860720983285 ], [ 24.478912353515568, 9.828154458476776 ], [ 24.477539062499947, 9.822741867037148 ], [ 24.469299316406193, 9.821388705342638 ], [ 24.465179443359322, 9.815976003248123 ], [ 24.454193115234318, 9.820035538115745 ], [ 24.450073242187447, 9.814622813899037 ], [ 24.447326660156197, 9.818682365357208 ], [ 24.443206787109318, 9.815976003248123 ], [ 24.441833496093693, 9.818682365357208 ], [ 24.43359374999995, 9.817329187067754 ], [ 24.432220458984318, 9.814622813899037 ], [ 24.436340332031193, 9.81191641861545 ], [ 24.430847167968693, 9.807856784237503 ], [ 24.43359374999995, 9.801090616449562 ], [ 24.428100585937447, 9.803797100134048 ], [ 24.418487548828072, 9.791617749668379 ], [ 24.412994384765572, 9.791617749668379 ], [ 24.414367675781197, 9.786204561562272 ], [ 24.411621093749943, 9.787557866860638 ], [ 24.408874511718693, 9.782144612590082 ], [ 24.399261474609318, 9.783497934426263 ], [ 24.397888183593697, 9.787557866860638 ], [ 24.392395019531197, 9.782144612590082 ], [ 24.391021728515572, 9.786204561562272 ], [ 24.385528564453072, 9.783497934426263 ], [ 24.382781982421822, 9.792971032906069 ], [ 24.378662109374947, 9.787557866860638 ], [ 24.369049072265568, 9.790264460914424 ], [ 24.366302490234322, 9.786204561562272 ], [ 24.366302490234322, 9.790264460914424 ], [ 24.355316162109322, 9.794324310626756 ], [ 24.355316162109322, 9.799737366324862 ], [ 24.351196289062447, 9.801090616449562 ], [ 24.337463378906193, 9.799737366324862 ], [ 24.333343505859322, 9.795677582829711 ], [ 24.329223632812447, 9.798384110679496 ], [ 24.315490722656193, 9.786204561562272 ], [ 24.308624267578072, 9.787557866860638 ], [ 24.299011230468697, 9.783497934426263 ], [ 24.292144775390572, 9.787557866860638 ], [ 24.290771484374947, 9.783497934426263 ], [ 24.285278320312447, 9.78485125075057 ], [ 24.285278320312447, 9.778084614017635 ], [ 24.277038574218697, 9.778084614017635 ], [ 24.268798828124947, 9.78485125075057 ], [ 24.244079589843697, 9.776731270141292 ], [ 24.233093261718697, 9.779437952385038 ], [ 24.219360351562447, 9.761844124120872 ], [ 24.222106933593697, 9.759137298768453 ], [ 24.213867187499943, 9.746956312582373 ], [ 24.201507568359322, 9.734774881537195 ], [ 24.179534912109322, 9.728007227819059 ], [ 24.157562255859322, 9.73206783650128 ], [ 24.157562255859322, 9.738835407948057 ], [ 24.153442382812447, 9.733421361761616 ], [ 24.138336181640572, 9.733421361761616 ], [ 24.138336181640572, 9.736128395827283 ], [ 24.135589599609322, 9.73206783650128 ], [ 24.131469726562447, 9.736128395827283 ], [ 24.120483398437447, 9.73206783650128 ], [ 24.116363525390572, 9.726653680627029 ], [ 24.119110107421818, 9.725300127953904 ], [ 24.113616943359318, 9.723946569800422 ], [ 24.120483398437447, 9.714471509337608 ], [ 24.113616943359318, 9.711764299923948 ], [ 24.119110107421818, 9.704996180624699 ], [ 24.113616943359318, 9.703642540353838 ], [ 24.119110107421818, 9.702288894614354 ], [ 24.114990234374947, 9.700935243406981 ], [ 24.120483398437447, 9.698227924591491 ], [ 24.117736816406197, 9.696874256984845 ], [ 24.120483398437447, 9.692813221378096 ], [ 24.109497070312447, 9.684691002689981 ], [ 24.109497070312447, 9.6765685875011 ], [ 24.105377197265572, 9.675214832543173 ], [ 24.09851074218745, 9.661676983157964 ], [ 24.097137451171818, 9.664384596625531 ], [ 24.079284667968697, 9.658969347906879 ], [ 24.077911376953072, 9.654907854198992 ], [ 24.076538085937443, 9.658969347906879 ], [ 24.072418212890572, 9.657615522114352 ], [ 24.071044921874947, 9.661676983157964 ], [ 24.069671630859318, 9.658969347906879 ], [ 24.058685302734322, 9.667092188303704 ] ], [ [ 27.832489013671815, 9.763197528547222 ], [ 27.906646728515565, 9.610228195100213 ] ] ] } },
{ "type": "Feature", "properties": { }, "geometry": { "type": "MultiLineString", "coordinates": [ [ [ 28.037109374999936, 10.166263750813524 ], [ 28.999786376953065, 10.166263750813524 ], [ 28.999786376953065, 9.671153534953017 ], [ 28.81713867187494, 9.497826059631073 ], [ 28.767700195312436, 9.419258059393707 ], [ 28.767700195312436, 9.351512670895589 ], [ 28.037109374999936, 9.343382335853448 ] ] ] } },
{ "type": "Feature", "properties": { }, "geometry": { "type": "MultiLineString", "coordinates": [ [ [ 39.462890624999908, 3.455849464749424 ], [ 39.443664550781158, 3.4572202575059 ], [ 39.429931640624908, 3.450366273926059 ], [ 39.425811767578033, 3.462703408710897 ], [ 39.418945312499908, 3.458591048281068 ], [ 39.412078857421783, 3.462703408710897 ], [ 39.331054687499915, 3.464074191553008 ], [ 39.33517456054679, 3.477781910658152 ], [ 39.332427978515533, 3.498343115377489 ], [ 39.324188232421783, 3.499713846349879 ], [ 39.303588867187408, 3.476411147703398 ], [ 39.282989501953033, 3.476411147703398 ], [ 39.26651000976554, 3.46955730306146 ], [ 39.25552368164054, 3.475040382756391 ], [ 39.23355102539054, 3.473669615817912 ], [ 39.223937988281165, 3.479152671619871 ], [ 39.19509887695304, 3.476411147703398 ], [ 39.190979003906165, 3.477781910658152 ], [ 39.188232421874908, 3.490118687470546 ], [ 39.177246093749908, 3.487377195492666 ], [ 39.152526855468665, 3.499713846349879 ], [ 39.149780273437415, 3.509308906957676 ], [ 39.118194580078033, 3.513421045640031 ], [ 39.092102050781158, 3.533981466826558 ] ] ] } },
{ "type": "Feature", "properties": { }, "geometry": { "type": "MultiLineString", "coordinates": [ [ [ 35.944519042968665, 4.618859967149382 ], [ 35.944519042968665, 4.575056021865307 ], [ 35.960998535156165, 4.562735678291745 ], [ 35.95413208007804, 4.543570279371752 ], [ 35.955505371093672, 4.533987388730692 ], [ 36.037902832031165, 4.449104839543743 ], [ 36.05026245117179, 4.446366528877151 ], [ 36.23428344726554, 4.449104839543743 ], [ 36.246643066406172, 4.454581430322443 ], [ 36.26449584960929, 4.447735685482903 ], [ 36.547393798828047, 4.442259043798195 ], [ 36.644897460937415, 4.451843140027579 ], [ 36.661376953124915, 4.439520707701913 ], [ 36.845397949218665, 4.447735685482903 ], [ 36.87973022460929, 4.429936451387879 ], [ 36.90994262695304, 4.421721275679629 ], [ 36.960754394531172, 4.401182938278333 ], [ 36.95938110351554, 4.395705952493872 ], [ 36.98684692382804, 4.392967444506271 ], [ 37.004699707031165, 4.375166897767143 ], [ 37.010192871093665, 4.377905471002946 ], [ 37.021179199218665, 4.369689721257175 ], [ 37.032165527343665, 4.383382587405086 ], [ 37.04452514648429, 4.37242831451648 ], [ 37.048645019531165, 4.373797607393281 ], [ 37.048645019531165, 4.368320420876225 ], [ 37.05551147460929, 4.36421250473752 ], [ 37.065124511718665, 4.346411275333179 ], [ 37.078857421874915, 4.346411275333179 ], [ 37.089843749999915, 4.340933889327535 ], [ 37.114562988281165, 4.303960496615185 ], [ 37.128295898437415, 4.293005071744626 ], [ 37.136535644531172, 4.293005071744626 ], [ 37.408447265624915, 4.11632741128293 ], [ 37.426300048828033, 4.108108878310169 ], [ 37.633666992187415, 3.964270994972075 ], [ 37.64877319335929, 3.950570829407642 ], [ 37.934417724609283, 3.762856112719358 ], [ 37.990722656249915, 3.72996756158347 ], [ 38.00033569335929, 3.731337942528426 ], [ 38.008575439453033, 3.72585640593112 ], [ 38.012695312499915, 3.712152415137368 ], [ 38.01681518554679, 3.713522823799409 ], [ 38.019561767578033, 3.703929918533448 ], [ 38.033294677734297, 3.687484696325304 ], [ 38.042907714843665, 3.683373343187839 ], [ 38.048400878906165, 3.672409642028704 ], [ 38.114318847656165, 3.623071326235673 ], [ 38.12942504882804, 3.605254049130217 ], [ 38.136291503906158, 3.612106889424814 ], [ 38.191223144531165, 3.620330229472508 ], [ 38.44802856445304, 3.602512898546958 ], [ 38.523559570312415, 3.625812414695392 ], [ 38.523559570312415, 3.642258770731396 ], [ 38.51669311523429, 3.64911133046834 ], [ 38.538665771484283, 3.654593340629962 ], [ 38.551025390624908, 3.642258770731396 ], [ 38.559265136718665, 3.614848011060829 ], [ 38.579864501953033, 3.60388347487105 ], [ 38.605957031249915, 3.605254049130217 ], [ 38.615570068359283, 3.612106889424814 ], [ 38.619689941406165, 3.60388347487105 ], [ 38.66500854492179, 3.592918806525992 ], [ 38.677368164062408, 3.607995191450646 ], [ 38.673248291015533, 3.620330229472508 ], [ 38.688354492187415, 3.623071326235673 ], [ 38.713073730468665, 3.580583397168952 ], [ 38.71444702148429, 3.57235969857171 ], [ 38.849029541015533, 3.532610786227172 ], [ 38.90670776367179, 3.512050334758227 ], [ 38.960266113281165, 3.514791754508477 ], [ 38.95889282226554, 3.524386660147947 ], [ 38.968505859374915, 3.531240103603488 ], [ 39.00009155273429, 3.518903869025856 ], [ 39.00283813476554, 3.523015965394884 ], [ 39.008331298828033, 3.513421045640031 ], [ 39.012451171874908, 3.514791754508477 ], [ 39.020690917968651, 3.509308906957676 ], [ 39.02206420898429, 3.521645268622994 ], [ 39.041290283203033, 3.525757352881401 ], [ 39.05502319335929, 3.518903869025856 ], [ 39.061889648437408, 3.525757352881401 ], [ 39.078369140624915, 3.529869418956288 ], [ 39.078369140624915, 3.539464168965488 ], [ 39.08798217773429, 3.539464168965488 ], [ 39.092102050781158, 3.533981466826558 ] ] ] } },
{ "type": "Feature", "properties": { }, "geometry": { "type": "MultiLineString", "coordinates": [ [ [ 33.934020996093672, -0.999705130841964 ], [ 33.925781249999922, -0.560293804172074 ], [ 33.928527832031172, -0.457301052892661 ], [ 33.984832763671797, -0.13320910850883 ], [ 33.951873779296797, -0.032958982557289 ] ] ] } },
{ "type": "Feature", "properties": { }, "geometry": { "type": "MultiLineString", "coordinates": [ [ [ 33.934020996093672, -0.999705130841964 ], [ 33.662109374999922, -0.999705130841964 ] ] ] } },
{ "type": "Feature", "properties": { }, "geometry": { "type": "MultiLineString", "coordinates": [ [ [ 42.404479980468651, 12.468760144823191 ], [ 42.463531494140526, 12.523731220862107 ], [ 42.482757568359276, 12.522390602069164 ], [ 42.529449462890533, 12.500939754339916 ], [ 42.566528320312408, 12.475464560067548 ], [ 42.642059326171776, 12.403047708545328 ], [ 42.665405273437401, 12.386952336673115 ], [ 42.669525146484276, 12.377562911055184 ], [ 42.701110839843658, 12.354758614864997 ], [ 42.702484130859283, 12.360124510614407 ], [ 42.698364257812401, 12.365490296244319 ], [ 42.717590332031151, 12.384269678111252 ], [ 42.732696533203033, 12.380245638557211 ], [ 42.749176025390526, 12.382928338487369 ], [ 42.753295898437408, 12.389634967649119 ], [ 42.751922607421783, 12.39768269500599 ], [ 42.758789062499901, 12.39768269500599 ], [ 42.760162353515526, 12.404388944669764 ], [ 42.767028808593651, 12.403047708545328 ], [ 42.762908935546783, 12.411095021694555 ], [ 42.790374755859276, 12.416459758955577 ], [ 42.804107666015526, 12.415118585006356 ], [ 42.824707031249901, 12.43389439106236 ], [ 42.826080322265526, 12.443281785521044 ], [ 42.819213867187408, 12.454009820766947 ], [ 42.820587158203033, 12.462055556101108 ], [ 42.813720703124901, 12.466078330146797 ], [ 42.810974121093651, 12.474123690901084 ], [ 42.804107666015526, 12.472782814792721 ], [ 42.797241210937408, 12.476805422291408 ], [ 42.795867919921783, 12.486191263406916 ], [ 42.801361083984283, 12.50898403106798 ], [ 42.806854248046783, 12.510324719499868 ], [ 42.806854248046783, 12.517028057234029 ], [ 42.813720703124901, 12.517028057234029 ], [ 42.813720703124901, 12.523731220862107 ], [ 42.819213867187408, 12.523731220862107 ], [ 42.827453613281158, 12.543839666237654 ], [ 42.842559814453026, 12.541158630852747 ], [ 42.848052978515533, 12.550542132569278 ], [ 42.859039306640533, 12.54920165326353 ], [ 42.861785888671783, 12.557244424358817 ], [ 42.854919433593651, 12.563946541519114 ], [ 42.863159179687408, 12.569308109455724 ], [ 42.859039306640533, 12.577350251603365 ], [ 42.867279052734276, 12.581371228245635 ], [ 42.867279052734276, 12.59209352467434 ], [ 42.881011962890533, 12.594774028762531 ], [ 42.889251708984276, 12.617557181692822 ], [ 42.904357910156151, 12.616217052325123 ], [ 42.912597656249908, 12.609516300263094 ], [ 42.927703857421776, 12.622917628991376 ], [ 42.940063476562401, 12.622917628991376 ], [ 42.949676513671783, 12.626937890764941 ], [ 42.963409423828026, 12.644358294649894 ], [ 43.126831054687408, 12.710009125046252 ], [ 43.132324218749901, 12.70866948145172 ], [ 43.136444091796783, 12.714028013439862 ] ] ] } },
{ "type": "Feature", "properties": { }, "geometry": { "type": "MultiLineString", "coordinates": [ [ [ 33.987579345703047, 4.234116978858439 ], [ 34.048004150390547, 4.179333333107453 ], [ 34.065856933593672, 4.143721907519254 ], [ 34.049377441406172, 4.120436645965102 ], [ 34.063110351562422, 4.094411135280787 ], [ 34.079589843749922, 4.084822575634898 ], [ 34.091949462890547, 4.061535597066095 ], [ 34.091949462890547, 4.049206924322046 ], [ 34.087829589843679, 4.036878063781346 ], [ 34.058990478515547, 4.027288820556349 ], [ 34.060363769531172, 4.009479926416884 ], [ 34.082336425781172, 4.002630248339746 ], [ 34.105682373046797, 3.976600949903679 ], [ 34.134521484374922, 3.961530979995516 ], [ 34.119415283203047, 3.901248365733443 ], [ 34.091949462890547, 3.884806899235445 ], [ 34.087829589843679, 3.861514273570376 ], [ 34.093322753906172, 3.860144099176962 ], [ 34.127655029296797, 3.872475589031819 ], [ 34.167480468749922, 3.869735273458357 ], [ 34.174346923828047, 3.879326339138284 ], [ 34.215545654296797, 3.880696482497249 ], [ 34.225158691406165, 3.851923006414943 ], [ 34.226531982421797, 3.831369927399399 ], [ 34.179840087890547, 3.831369927399399 ], [ 34.163360595703047, 3.810816354618015 ], [ 34.153747558593672, 3.80670558104155 ], [ 34.153747558593672, 3.799854248148416 ], [ 34.188079833984297, 3.795743422287455 ], [ 34.190826416015547, 3.783410827380473 ], [ 34.166107177734297, 3.773818687726817 ], [ 34.170227050781172, 3.768337417492061 ], [ 34.219665527343672, 3.7847811243827 ], [ 34.226531982421797, 3.78204052821104 ], [ 34.229278564453047, 3.773818687726817 ], [ 34.233398437499922, 3.780670226875182 ], [ 34.245758056640547, 3.783410827380473 ], [ 34.266357421874922, 3.747782346915923 ], [ 34.307556152343672, 3.710782004348708 ], [ 34.330902099609297, 3.732708321335835 ], [ 34.365234374999922, 3.735449072534886 ], [ 34.394073486328047, 3.717634037018013 ], [ 34.402313232421797, 3.705300339943493 ], [ 34.405059814453047, 3.692966470929028 ], [ 34.455871582031172, 3.676521045764677 ], [ 34.46273803710929, 3.669668695683538 ], [ 34.453125, 3.610736325501996 ], [ 34.457244873046797, 3.575100939633624 ], [ 34.451751708984297, 3.517533166202171 ], [ 34.424285888671797, 3.491489430459772 ], [ 34.395446777343672, 3.487377195492666 ], [ 34.388580322265547, 3.491489430459772 ], [ 34.391326904296797, 3.483264942538997 ], [ 34.41604614257804, 3.450366273926059 ], [ 34.418792724609297, 3.433916511825676 ], [ 34.409179687499922, 3.417466466330663 ], [ 34.402313232421797, 3.414724764624108 ], [ 34.400939941406165, 3.370856476926312 ], [ 34.429779052734297, 3.342066836345086 ], [ 34.447631835937415, 3.283113991917235 ], [ 34.457244873046797, 3.178909795503294 ], [ 34.459991455078047, 3.174796253737775 ], [ 34.481964111328047, 3.165197925949629 ], [ 34.494323730468672, 3.141887331661721 ], [ 34.512176513671797, 3.14874344301816 ], [ 34.545135498046797, 3.136402410147466 ], [ 34.572601318359297, 3.091150714460589 ], [ 34.576721191406165, 3.019841106168965 ], [ 34.587707519531172, 3.003384373753559 ], [ 34.598693847656172, 2.925211531099634 ], [ 34.639892578124922, 2.907381868633795 ], [ 34.652252197265547, 2.867606993317946 ], [ 34.668731689453047, 2.863492271774463 ], [ 34.692077636718672, 2.863492271774463 ], [ 34.701690673828047, 2.877207952653333 ], [ 34.708557128906165, 2.873093265680471 ], [ 34.711303710937422, 2.864863847265636 ], [ 34.736022949218665, 2.855262784366563 ], [ 34.749755859374922, 2.826459115291928 ], [ 34.755249023437415, 2.827830734849997 ], [ 34.764862060546797, 2.816857733037727 ], [ 34.76760864257804, 2.801769686793358 ], [ 34.775848388671797, 2.788053112352701 ], [ 34.784088134765547, 2.7482741449521 ], [ 34.775848388671797, 2.697519747041427 ], [ 34.790954589843672, 2.68380197690245 ], [ 34.799194335937415, 2.656365975542953 ], [ 34.832153320312422, 2.620698263445491 ], [ 34.85275268554679, 2.583657640731236 ], [ 34.867858886718672, 2.569938616535878 ], [ 34.878845214843672, 2.572682433195396 ], [ 34.880218505859297, 2.589145208949905 ], [ 34.893951416015547, 2.593260869519902 ], [ 34.913177490234297, 2.516433020620472 ], [ 34.932403564453047, 2.516433020620472 ], [ 34.948883056640547, 2.47252935096681 ], [ 34.95437622070304, 2.47252935096681 ], [ 34.953002929687422, 2.457437127707456 ], [ 34.942016601562422, 2.45057696976175 ], [ 34.94338989257804, 2.446460858114755 ], [ 34.939270019531172, 2.447832896735219 ], [ 34.935150146484297, 2.435484498681975 ], [ 34.931030273437415, 2.436856548510458 ], [ 34.932403564453047, 2.428624228593239 ], [ 34.91592407226554, 2.421763923665967 ], [ 34.914550781249922, 2.394322357535074 ], [ 34.920043945312422, 2.391578170592386 ], [ 34.917297363281172, 2.38746187988781 ], [ 34.94613647460929, 2.211822265049723 ], [ 34.980468749999922, 2.05263085512157 ], [ 34.984588623046797, 1.985381373962927 ], [ 34.999694824218672, 1.962049277259014 ], [ 34.999694824218672, 1.758909455775242 ], [ 34.991455078124922, 1.664194661571254 ], [ 34.94338989257804, 1.576339185978925 ], [ 34.906311035156172, 1.553001943600245 ], [ 34.889831542968672, 1.555747514978087 ], [ 34.863739013671797, 1.528291641442131 ], [ 34.844512939453047, 1.456904743170157 ], [ 34.830780029296797, 1.45141334819116 ], [ 34.817047119140547, 1.432193361079429 ], [ 34.800567626953047, 1.422583306939634 ], [ 34.793701171874922, 1.414346085806865 ], [ 34.806060791015547, 1.384142692791997 ], [ 34.786834716796797, 1.36492215094792 ], [ 34.828033447265547, 1.310005477942465 ], [ 34.828033447265547, 1.286665524490346 ], [ 34.832153320312422, 1.271563087631471 ], [ 34.819793701171797, 1.26332535748932 ], [ 34.817047119140547, 1.250968713356125 ], [ 34.804687499999922, 1.230374177432604 ], [ 34.795074462890547, 1.223509296662618 ], [ 34.782714843749915, 1.224882274225119 ], [ 34.768981933593672, 1.21939035976221 ], [ 34.756622314453047, 1.22213631839744 ], [ 34.670104980468672, 1.208406497271854 ], [ 34.663238525390547, 1.191930620381517 ], [ 34.649505615234297, 1.179573647949258 ], [ 34.620666503906172, 1.167216620642921 ], [ 34.609680175781172, 1.157605561834809 ], [ 34.580841064453047, 1.150740499867814 ], [ 34.575347900390547, 1.098565496040655 ], [ 34.525909423828047, 1.10680371622128 ], [ 34.505310058593672, 1.072477649761057 ], [ 34.492950439453047, 1.042270392406859 ], [ 34.488830566406172, 1.002451293652671 ], [ 34.49020385742179, 0.980481927209727 ], [ 34.480590820312422, 0.9379158723334 ], [ 34.465484619140547, 0.907707388901787 ], [ 34.453125, 0.896722422828807 ], [ 34.44351196289054, 0.855528509760517 ], [ 34.421539306640547, 0.847289673392613 ], [ 34.417419433593672, 0.839050819504029 ], [ 34.414672851562422, 0.840423963028279 ], [ 34.41604614257804, 0.832185094669232 ], [ 34.406433105468672, 0.825319357884135 ], [ 34.414672851562422, 0.817080458106407 ], [ 34.410552978515547, 0.812961001870832 ], [ 34.414672851562422, 0.808841541432505 ], [ 34.395446777343672, 0.799229450851967 ], [ 34.391326904296797, 0.803348921013919 ], [ 34.385833740234297, 0.800602608032756 ], [ 34.384460449218672, 0.789617337776164 ], [ 34.380340576171804, 0.795109976558231 ], [ 34.377593994140547, 0.793736817545825 ], [ 34.373474121093665, 0.782751529099234 ], [ 34.361114501953047, 0.77451254385799 ], [ 34.319915771484297, 0.764900374179207 ], [ 34.313049316406172, 0.756661354451602 ], [ 34.307556152343672, 0.720958757008275 ], [ 34.314422607421797, 0.697614598755705 ], [ 34.295196533203047, 0.688002264416573 ], [ 34.296569824218672, 0.6852558796081 ], [ 34.278717041015547, 0.679763105273871 ], [ 34.281463623046797, 0.666031142215242 ], [ 34.275970458984297, 0.639940307651733 ], [ 34.260864257812422, 0.637193896199878 ], [ 34.251251220703047, 0.628954653084851 ], [ 34.240264892578047, 0.631701068910127 ], [ 34.236145019531172, 0.626208235814387 ], [ 34.221038818359297, 0.630327861178532 ], [ 34.216918945312422, 0.622088607212765 ], [ 34.207305908203047, 0.626208235814387 ], [ 34.205932617187422, 0.622088607212765 ], [ 34.197692871093665, 0.624835026639181 ], [ 34.197692871093665, 0.617968975394962 ], [ 34.192199707031172, 0.620715396963132 ], [ 34.192199707031172, 0.613849340382273 ], [ 34.185333251953054, 0.609729702195993 ], [ 34.186706542968672, 0.604236846381062 ], [ 34.178466796874922, 0.606983274985883 ], [ 34.174346923828047, 0.601490416387839 ], [ 34.161987304687422, 0.597370768808558 ], [ 34.153747558593672, 0.585011807625438 ], [ 34.142761230468672, 0.580892147820292 ], [ 34.137268066406172, 0.582265368090084 ], [ 34.127655029296797, 0.55892057865786 ], [ 34.127655029296797, 0.541068618042637 ], [ 34.116668701171797, 0.523216604899142 ], [ 34.122161865234297, 0.519096902281692 ], [ 34.118041992187422, 0.510857489016747 ], [ 34.119415283203047, 0.483392702789702 ], [ 34.089202880859297, 0.454554557819201 ], [ 34.090576171874922, 0.42708955067844 ], [ 34.098815917968679, 0.416103519989753 ], [ 34.10842895507804, 0.37902555583082 ], [ 34.097442626953047, 0.351560293992271 ], [ 34.100189208984297, 0.347440497594591 ], [ 34.080963134765547, 0.333707830081628 ], [ 34.080963134765547, 0.328214757664489 ], [ 34.075469970703047, 0.328214757664489 ], [ 34.072723388671797, 0.322721682230536 ], [ 34.056243896484304, 0.321348412906587 ], [ 34.060363769531172, 0.310362251735427 ], [ 34.050750732421797, 0.306242438332674 ], [ 34.050750732421797, 0.295256261575647 ], [ 34.039764404296797, 0.284270073963084 ], [ 34.038391113281172, 0.270537324797113 ], [ 34.023284912109297, 0.266417496980781 ], [ 34.023284912109297, 0.254058005352229 ], [ 34.013671874999929, 0.247191615969044 ], [ 34.008178710937422, 0.233458826650799 ], [ 33.912048339843672, 0.10848992540496 ], [ 33.909301757812422, 0.100250192988995 ], [ 33.951873779296797, -0.032958982557289 ] ] ] } },
{ "type": "Feature", "properties": { }, "geometry": { "type": "MultiLineString", "coordinates": [ [ [ 33.934020996093672, -0.999705130841964 ], [ 34.019165039062422, -0.999705130841964 ], [ 34.028778076171797, -1.01480899770882 ], [ 34.028778076171797, -1.035405065934943 ], [ 34.041137695312429, -1.046389581112656 ], [ 34.046630859374922, -1.046389581112656 ], [ 34.080963134765547, -1.021674368487386 ], [ 36.073608398437415, -2.148696612364114 ], [ 37.479858398437415, -2.936183490271959 ], [ 37.672119140624915, -3.060981843308472 ], [ 37.711944580078047, -3.311905354533014 ], [ 37.681732177734297, -3.357147230086609 ], [ 37.663879394531165, -3.358518163442497 ], [ 37.585601806640533, -3.440770613885357 ], [ 37.585601806640533, -3.461332623884347 ], [ 37.60757446289054, -3.461332623884347 ], [ 37.617187499999908, -3.465444972409903 ], [ 37.62680053710929, -3.480523430587772 ], [ 37.608947753906165, -3.496972382400339 ], [ 37.60482788085929, -3.506567471113073 ], [ 37.608947753906165, -3.520274569833057 ], [ 37.66525268554679, -3.505196750176207 ], [ 37.67898559570304, -3.505196750176207 ], [ 37.69271850585929, -3.509308906957676 ], [ 37.699584960937408, -3.518903869025856 ], [ 37.738037109374915, -3.535352145400864 ], [ 37.749023437499915, -3.544946838653131 ], [ 37.75863647460929, -3.564135926283976 ], [ 37.761383056640533, -3.605254049130217 ], [ 37.784729003906158, -3.671039169907719 ], [ 38.449401855468665, -4.14235220519175 ], [ 39.190979003906165, -4.659923709282432 ], [ 39.196472167968658, -4.666767433658979 ], [ 39.193725585937415, -4.669504904730955 ] ], [ [ 39.20608520507804, -4.67361109130669 ], [ 39.207458496093658, -4.676348535659974 ] ], [ [ 39.19509887695304, -4.669504904730955 ], [ 39.201965332031165, -4.669504904730955 ] ] ] } },
{ "type": "Feature", "properties": { }, "geometry": { "type": "MultiLineString", "coordinates": [ [ [ 41.907348632812408, 3.982080870700519 ], [ 41.885375976562408, 3.977970933520599 ], [ 41.871643066406158, 3.962900988618485 ], [ 41.866149902343651, 3.962900988618485 ], [ 41.866149902343651, 3.967011000867998 ], [ 41.863403320312408, 3.960160969103947 ], [ 41.853790283203033, 3.961530979995516 ], [ 41.848297119140533, 3.949200800395335 ], [ 41.844177246093651, 3.949200800395335 ], [ 41.841430664062408, 3.954680902867259 ], [ 41.833190917968658, 3.954680902867259 ], [ 41.833190917968658, 3.946460735586751 ], [ 41.826324462890526, 3.951940856157584 ], [ 41.822204589843658, 3.947830769121445 ], [ 41.818084716796783, 3.953310880644383 ], [ 41.819458007812408, 3.958790955944557 ], [ 41.798858642578033, 3.957420940518126 ], [ 41.793365478515526, 3.968381000408772 ], [ 41.797485351562408, 3.969750997677047 ], [ 41.791992187499908, 3.982080870700519 ], [ 41.787872314453033, 3.976600949903679 ], [ 41.782379150390526, 3.979340914859566 ], [ 41.772766113281151, 3.972490985392988 ], [ 41.753540039062408, 3.976600949903679 ], [ 41.750793457031151, 3.983450845200946 ], [ 41.723327636718658, 3.987560755012677 ], [ 41.720581054687415, 3.993040602790276 ], [ 41.713714599609283, 3.983450845200946 ], [ 41.693115234374908, 3.977970933520599 ], [ 41.687622070312401, 3.969750997677047 ], [ 41.680755615234283, 3.969750997677047 ], [ 41.673889160156158, 3.960160969103947 ], [ 41.664276123046776, 3.965640999055506 ], [ 41.654663085937408, 3.965640999055506 ], [ 41.627197265624908, 3.983450845200946 ], [ 41.617584228515533, 3.973860975839095 ], [ 41.602478027343651, 3.975230964009584 ], [ 41.592864990234283, 3.969750997677047 ], [ 41.566772460937401, 3.967011000867998 ], [ 41.550292968749908, 3.982080870700519 ], [ 41.544799804687408, 3.982080870700519 ], [ 41.524200439453033, 3.971120992672046 ], [ 41.51870727539054, 3.960160969103947 ], [ 41.509094238281158, 3.954680902867259 ], [ 41.504974365234276, 3.954680902867259 ], [ 41.506347656249908, 3.964270994972075 ], [ 41.484375, 3.958790955944557 ], [ 41.480255126953033, 3.951940856157584 ], [ 41.459655761718658, 3.956050922825434 ], [ 41.437683105468658, 3.954680902867259 ], [ 41.430816650390526, 3.945090699792031 ], [ 41.414337158203033, 3.949200800395335 ], [ 41.390991210937408, 3.962900988618485 ], [ 41.378631591796783, 3.951940856157584 ], [ 41.364898681640533, 3.954680902867259 ], [ 41.359405517578033, 3.961530979995516 ], [ 41.353912353515533, 3.960160969103947 ], [ 41.348419189453033, 3.950570829407642 ], [ 41.326446533203026, 3.938240486945352 ], [ 41.309967041015533, 3.947830769121445 ], [ 41.281127929687408, 3.949200800395335 ], [ 41.271514892578033, 3.957420940518126 ], [ 41.252288818359276, 3.954680902867259 ], [ 41.235809326171783, 3.958790955944557 ], [ 41.227569580078026, 3.950570829407642 ], [ 41.215209960937401, 3.953310880644383 ], [ 41.20285034179679, 3.947830769121445 ], [ 41.201477050781158, 3.938240486945352 ], [ 41.169891357421783, 3.942350621425637 ], [ 41.163024902343658, 3.951940856157584 ], [ 41.132812499999908, 3.967011000867998 ], [ 41.135559082031165, 3.971120992672046 ], [ 41.125946044921783, 3.975230964009584 ], [ 41.117706298828033, 3.987560755012677 ], [ 41.105346679687415, 3.984820817420302 ], [ 41.091613769531151, 4.013589705718842 ], [ 41.072387695312408, 4.023179110282752 ], [ 41.057281494140533, 4.047837060192156 ], [ 41.035308837890533, 4.069754607616846 ], [ 41.025695800781158, 4.071124434557611 ], [ 41.000976562499908, 4.102629809278479 ], [ 40.981750488281158, 4.110848398717291 ], [ 40.965270996093658, 4.131394501265222 ], [ 40.947418212890533, 4.140982500492805 ], [ 40.929565429687408, 4.143721907519254 ], [ 40.904846191406158, 4.154679440673931 ], [ 40.897979736328033, 4.171115454867418 ], [ 40.882873535156165, 4.193029605360739 ], [ 40.882873535156165, 4.212203983099339 ], [ 40.873260498046783, 4.220421429014575 ], [ 40.855407714843658, 4.227269234182832 ], [ 40.844421386718658, 4.24644276652254 ], [ 40.814208984374901, 4.254659848956591 ], [ 40.783996582031151, 4.272463226583703 ], [ 40.78125, 4.283418945973961 ], [ 40.759277343749908, 4.284788399873675 ], [ 40.759277343749908, 4.279310569568281 ], [ 40.748291015624908, 4.261507350688853 ], [ 40.718078613281158, 4.245073244271889 ], [ 40.697479248046776, 4.24644276652254 ], [ 40.652160644531158, 4.2245301193692 ], [ 40.429687499999908, 4.132764222542458 ], [ 40.40359497070304, 4.119066903428989 ], [ 40.387115478515533, 4.105369348495156 ], [ 40.376129150390533, 4.10673911457826 ], [ 40.212707519531165, 4.043727453899412 ], [ 40.19210815429679, 4.043727453899412 ], [ 40.172882080078033, 4.027288820556349 ], [ 40.122070312499908, 3.999890361059553 ], [ 39.869384765624908, 3.875215895733613 ], [ 39.78561401367179, 3.698448211681733 ], [ 39.773254394531158, 3.665557260399629 ], [ 39.767761230468665, 3.657334333150946 ], [ 39.758148193359283, 3.65870482626875 ], [ 39.605712890624915, 3.502455302277252 ], [ 39.58786010742179, 3.491489430459772 ], [ 39.553527832031165, 3.396903512996569 ], [ 39.531555175781165, 3.399645265475165 ], [ 39.515075683593665, 3.406499612559746 ], [ 39.495849609374908, 3.464074191553008 ], [ 39.484863281249908, 3.4572202575059 ], [ 39.472503662109283, 3.458591048281068 ], [ 39.454650878906158, 3.454478670012419 ], [ 39.443664550781158, 3.4572202575059 ], [ 39.429931640624908, 3.450366273926059 ], [ 39.425811767578033, 3.462703408710897 ], [ 39.418945312499908, 3.458591048281068 ], [ 39.412078857421783, 3.462703408710897 ], [ 39.331054687499915, 3.464074191553008 ], [ 39.33517456054679, 3.477781910658152 ], [ 39.332427978515533, 3.498343115377489 ], [ 39.324188232421783, 3.499713846349879 ], [ 39.303588867187408, 3.476411147703398 ], [ 39.287109374999915, 3.476411147703398 ] ] ] } },
{ "type": "Feature", "properties": { }, "geometry": { "type": "MultiLineString", "coordinates": [ [ [ 22.434082031249947, 4.128655051615892 ], [ 22.405242919921825, 4.130024777622773 ], [ 22.3764038085937, 4.120436645965102 ], [ 22.3324584960937, 4.125915592511942 ], [ 22.2885131835937, 4.11632741128293 ], [ 22.25830078124995, 4.114957661674542 ], [ 22.221221923828075, 4.131394501265222 ], [ 22.199249267578075, 4.135503657998178 ], [ 22.16491699218745, 4.154679440673931 ], [ 22.130584716796822, 4.193029605360739 ], [ 22.1017456054687, 4.213573563450947 ], [ 22.08251953124995, 4.219051860730366 ], [ 22.050933837890572, 4.220421429014575 ], [ 22.034454345703075, 4.22589967798548 ], [ 22.001495361328075, 4.245073244271889 ], [ 21.949310302734325, 4.234116978858439 ], [ 21.930084228515579, 4.243703719591416 ], [ 21.897125244140579, 4.243703719591416 ], [ 21.87377929687495, 4.250551318687773 ], [ 21.85729980468745, 4.247812286342589 ], [ 21.835327148437454, 4.261507350688853 ], [ 21.809234619140575, 4.287527300315168 ], [ 21.784515380859325, 4.295743942720145 ], [ 21.75842285156245, 4.295743942720145 ], [ 21.737823486328079, 4.312176961832265 ], [ 21.71447753906245, 4.306699328215615 ], [ 21.70349121093745, 4.294374508461302 ], [ 21.69250488281245, 4.309438149956715 ], [ 21.687011718749954, 4.301221655161648 ], [ 21.67602539062495, 4.299852230741909 ], [ 21.663665771484329, 4.309438149956715 ], [ 21.6513061523437, 4.313546364068512 ], [ 21.632080078124954, 4.302591077119666 ], [ 21.62658691406245, 4.291635632570897 ], [ 21.58264160156245, 4.275202171119132 ], [ 21.5744018554687, 4.26287684372094 ], [ 21.56066894531245, 4.253290341301216 ], [ 21.53869628906245, 4.253290341301216 ], [ 21.5194702148437, 4.261507350688853 ], [ 21.479644775390575, 4.264246334313087 ], [ 21.443939208984325, 4.293005071744626 ], [ 21.42883300781245, 4.293005071744626 ], [ 21.386260986328075, 4.280680030820486 ], [ 21.361541748046829, 4.283418945973961 ], [ 21.34094238281245, 4.294374508461302 ], [ 21.3162231445312, 4.313546364068512 ], [ 21.295623779296825, 4.338195181415946 ], [ 21.281890869140579, 4.345041932560903 ], [ 21.24755859374995, 4.334087100930102 ], [ 21.240692138671829, 4.324501493019189 ], [ 21.24206542968745, 4.312176961832265 ], [ 21.2393188476562, 4.306699328215615 ], [ 21.226959228515575, 4.293005071744626 ], [ 21.213226318359329, 4.291635632570897 ], [ 21.191253662109329, 4.310807557128073 ], [ 21.183013916015575, 4.305329913647427 ], [ 21.176147460937454, 4.305329913647427 ], [ 21.161041259765579, 4.314915763836039 ], [ 21.1514282226562, 4.327240250522976 ], [ 21.1129760742187, 4.342303239557305 ], [ 21.10473632812495, 4.351888621540636 ], [ 21.101989746093704, 4.373797607393281 ], [ 21.073150634765575, 4.402552178430176 ], [ 21.042938232421829, 4.413506008886139 ], [ 21.020965576171829, 4.416244441260854 ], [ 20.993499755859329, 4.432674823020449 ], [ 20.948181152343704, 4.446366528877151 ], [ 20.931701660156204, 4.442259043798195 ], [ 20.91247558593745, 4.444997369727264 ], [ 20.901489257812454, 4.442259043798195 ], [ 20.887756347656204, 4.454581430322443 ], [ 20.856170654296829, 4.449104839543743 ], [ 20.841064453124954, 4.454581430322443 ], [ 20.835571289062454, 4.443628208034021 ], [ 20.823211669921832, 4.440889877020568 ], [ 20.792999267578079, 4.421721275679629 ], [ 20.76416015624995, 4.432674823020449 ], [ 20.731201171874954, 4.434044005032577 ], [ 20.70922851562495, 4.432674823020449 ], [ 20.6625366210937, 4.417613653658046 ], [ 20.648803710937454, 4.423090477960902 ], [ 20.622711181640579, 4.417613653658046 ], [ 20.613098144531204, 4.410767566409495 ], [ 20.602111816406204, 4.418982863527424 ], [ 20.58288574218745, 4.412136788910169 ], [ 20.563659667968704, 4.423090477960902 ], [ 20.521087646484332, 4.457319710422118 ], [ 20.5142211914062, 4.475118282132962 ], [ 20.494995117187454, 4.491547348913976 ], [ 20.482635498046829, 4.512083161853449 ], [ 20.46752929687495, 4.517559280651296 ], [ 20.462036132812454, 4.549046159713614 ], [ 20.446929931640579, 4.564104615806477 ], [ 20.464782714843704, 4.599696072478887 ], [ 20.459289550781204, 4.621597624165829 ], [ 20.441436767578082, 4.646236060730788 ], [ 20.420837402343704, 4.659923709282432 ], [ 20.40710449218745, 4.662661207034304 ], [ 20.401611328124954, 4.670873636261273 ], [ 20.401611328124954, 4.684560804504965 ], [ 20.391998291015575, 4.696879026871404 ], [ 20.385131835937454, 4.733832386205053 ], [ 20.374145507812454, 4.740675384778359 ], [ 20.352172851562454, 4.766678160414343 ], [ 20.339813232421825, 4.77215230376199 ], [ 20.320587158203079, 4.77215230376199 ], [ 20.304107666015579, 4.778994921541024 ], [ 20.278015136718704, 4.778994921541024 ], [ 20.261535644531204, 4.792679952045747 ], [ 20.250549316406207, 4.78857447163436 ], [ 20.245056152343704, 4.802259310385137 ], [ 20.227203369140579, 4.814575430505817 ], [ 20.2011108398437, 4.848785703543223 ], [ 20.196990966796829, 4.86931103645614 ], [ 20.172271728515579, 4.892572323061784 ], [ 20.12695312499995, 4.904886794837073 ], [ 20.106353759765582, 4.90215026516211 ], [ 20.099487304687454, 4.904886794837073 ], [ 20.067901611328075, 4.924042188161768 ], [ 20.056915283203079, 4.934987879630609 ], [ 20.045928955078079, 4.934987879630609 ], [ 20.040435791015575, 4.947301566700432 ], [ 20.007476806640579, 4.971928253058893 ], [ 19.964904785156204, 4.982873151697556 ], [ 19.930572509765582, 4.977400725138907 ], [ 19.914093017578075, 4.982873151697556 ], [ 19.886627197265579, 5.003394345022144 ], [ 19.871520996093704, 5.028018927423531 ], [ 19.863281249999954, 5.033490930561173 ], [ 19.853668212890579, 5.054010531976511 ], [ 19.855041503906204, 5.063586123720577 ], [ 19.823455810546832, 5.105990607613737 ], [ 19.795989990234329, 5.10325491882932 ], [ 19.772644042968707, 5.116933245976844 ], [ 19.721832275390579, 5.126507901047888 ], [ 19.688873291015579, 5.145656780300511 ], [ 19.642181396484329, 5.141553497473782 ], [ 19.616088867187454, 5.12924349042932 ], [ 19.569396972656207, 5.148392287485079 ], [ 19.528198242187454, 5.149760036665068 ], [ 19.480133056640582, 5.122404495007047 ], [ 19.429321289062454, 5.1319790680869 ], [ 19.397735595703079, 5.116933245976844 ], [ 19.370269775390579, 5.096415645847077 ], [ 19.362030029296832, 5.073161573666519 ], [ 19.345550537109332, 5.069057826784027 ], [ 19.335937499999957, 5.055378482325695 ], [ 19.300231933593704, 5.041698848947628 ], [ 19.283752441406207, 5.028018927423531 ], [ 19.254913330078079, 5.019810836520873 ], [ 19.234313964843707, 5.008866554677772 ], [ 19.217834472656207, 4.984241251218699 ], [ 19.209594726562457, 4.955510564186131 ], [ 19.197235107421832, 4.941828845138593 ], [ 19.183502197265582, 4.937724274302473 ], [ 19.172515869140582, 4.947301566700432 ], [ 19.151916503906204, 4.950037910516135 ], [ 19.127197265624954, 4.947301566700432 ], [ 19.103851318359332, 4.939092467404845 ], [ 19.070892333984332, 4.89530889194458 ], [ 19.066772460937457, 4.870679369741361 ], [ 19.039306640624957, 4.815943874542803 ], [ 19.015960693359332, 4.789942967844035 ], [ 19.020080566406204, 4.766678160414343 ], [ 19.006347656249957, 4.757098304643485 ], [ 19.003601074218704, 4.750255468895526 ], [ 18.970642089843707, 4.731095167820154 ], [ 18.955535888671832, 4.710565685396265 ], [ 18.939056396484329, 4.700985052669486 ], [ 18.940429687499957, 4.687298206027653 ], [ 18.921203613281207, 4.653079918274036 ], [ 18.914337158203079, 4.648973611726062 ], [ 18.899230957031211, 4.650342383235488 ], [ 18.889617919921832, 4.646236060730788 ], [ 18.880004882812457, 4.612015778386986 ], [ 18.831939697265582, 4.583269466510849 ], [ 18.819580078124957, 4.554521998417121 ], [ 18.818206787109332, 4.528511394139627 ], [ 18.809967041015582, 4.507976045647357 ], [ 18.803100585937457, 4.462796240011034 ], [ 18.779754638671832, 4.418982863527424 ], [ 18.717956542968707, 4.368320420876225 ], [ 18.642425537109336, 4.362843194361925 ], [ 18.621826171874957, 4.355996605048731 ], [ 18.606719970703082, 4.369689721257175 ], [ 18.599853515624957, 4.371059019137519 ], [ 18.592987060546832, 4.358735248257942 ], [ 18.575134277343707, 4.345041932560903 ], [ 18.560028076171832, 4.339564536613489 ], [ 18.546295166015582, 4.324501493019189 ], [ 18.544921874999957, 4.310807557128073 ], [ 18.554534912109336, 4.280680030820486 ], [ 18.576507568359332, 4.234116978858439 ], [ 18.594360351562457, 4.209464815163465 ], [ 18.602600097656207, 4.177963692710732 ], [ 18.630065917968707, 4.113587909710287 ], [ 18.632812499999957, 4.087562175810497 ], [ 18.646545410156207, 4.061535597066095 ], [ 18.647918701171832, 4.0286587193699 ], [ 18.656158447265582, 4.009479926416884 ], [ 18.657531738281207, 3.975230964009584 ], [ 18.652038574218707, 3.958790955944557 ], [ 18.641052246093707, 3.943720661738067 ], [ 18.621826171874957, 3.936870437606855 ], [ 18.610839843749957, 3.928650094257255 ], [ 18.608093261718707, 3.912209164738431 ], [ 18.597106933593707, 3.894397793715424 ], [ 18.592987060546832, 3.843701834229134 ], [ 18.594360351562457, 3.817667600245481 ], [ 18.577880859374957, 3.776559309876856 ], [ 18.590240478515582, 3.72585640593112 ], [ 18.594360351562457, 3.657334333150946 ], [ 18.603973388671832, 3.621700778891631 ], [ 18.608093261718707, 3.575100939633624 ], [ 18.606719970703082, 3.525757352881401 ], [ 18.623199462890582, 3.49560164741921 ], [ 18.625946044921832, 3.470928075969665 ] ], [ [ 22.434082031249947, 4.128655051615892 ], [ 22.41210937499995, 4.130024777622773 ] ], [ [ 22.446441650390575, 4.131394501265222 ], [ 22.43408203124995, 4.128655051615892 ], [ 22.434082031249947, 4.128655051615892 ] ], [ [ 22.446441650390575, 4.131394501265222 ], [ 22.434082031249947, 4.128655051615892 ] ], [ [ 22.51098632812495, 4.190290370087155 ], [ 22.50549316406245, 4.175224404743011 ], [ 22.491760253906197, 4.168376143010095 ], [ 22.484893798828072, 4.156049121623417 ], [ 22.446441650390575, 4.131394501265222 ] ], [ [ 22.550811767578075, 4.221790994882968 ], [ 22.545318603515575, 4.213573563450947 ], [ 22.51098632812495, 4.190290370087155 ] ], [ [ 22.550811767578075, 4.221790994882968 ], [ 22.545318603515572, 4.213573563450947 ], [ 22.51098632812495, 4.190290370087155 ] ], [ [ 22.543945312499947, 4.287527300315168 ], [ 22.545318603515575, 4.280680030820486 ], [ 22.53845214843745, 4.258768357307982 ] ], [ [ 22.543945312499947, 4.287527300315168 ], [ 22.545318603515572, 4.280680030820486 ], [ 22.53845214843745, 4.258768357307982 ] ], [ [ 22.53845214843745, 4.258768357307982 ], [ 22.552185058593697, 4.243703719591416 ], [ 22.550811767578075, 4.221790994882968 ] ], [ [ 22.53845214843745, 4.258768357307982 ], [ 22.5521850585937, 4.243703719591416 ], [ 22.550811767578075, 4.221790994882968 ] ], [ [ 22.56042480468745, 4.316285161134067 ], [ 22.561798095703075, 4.312176961832265 ], [ 22.543945312499947, 4.287527300315168 ] ], [ [ 22.56042480468745, 4.316285161134067 ], [ 22.561798095703072, 4.312176961832265 ], [ 22.543945312499947, 4.287527300315168 ] ], [ [ 22.564544677734325, 4.317654555961816 ], [ 22.56042480468745, 4.316285161134067 ] ], [ [ 22.56591796874995, 4.332717735806341 ], [ 22.561798095703075, 4.32313211055449 ], [ 22.564544677734325, 4.317654555961816 ] ], [ [ 22.56591796874995, 4.332717735806341 ], [ 22.561798095703072, 4.32313211055449 ], [ 22.564544677734325, 4.317654555961816 ] ], [ [ 22.576904296874947, 4.345041932560903 ], [ 22.571411132812447, 4.334087100930102 ], [ 22.56591796874995, 4.332717735806341 ] ], [ [ 22.5796508789062, 4.413506008886139 ], [ 22.582397460937447, 4.392967444506271 ], [ 22.58789062499995, 4.392967444506271 ], [ 22.594757080078075, 4.392967444506271 ], [ 22.594757080078075, 4.384751860236617 ], [ 22.6071166992187, 4.387490398371424 ], [ 22.616729736328075, 4.37242831451648 ], [ 22.6126098632812, 4.369689721257175 ], [ 22.613983154296822, 4.366951117995448 ], [ 22.59887695312495, 4.362843194361925 ], [ 22.59887695312495, 4.350519288722573 ], [ 22.576904296874947, 4.345041932560903 ] ], [ [ 22.58789062499995, 4.347780615618067 ], [ 22.576904296874947, 4.345041932560903 ] ], [ [ 27.449340820312443, 5.019810836520873 ], [ 27.44110107421869, 5.030754934742893 ], [ 27.44110107421869, 5.043066825264773 ], [ 27.447967529296815, 5.056746429785681 ], [ 27.44110107421869, 5.07452948349654 ], [ 27.425994873046815, 5.084104771062581 ], [ 27.376556396484315, 5.100519218379822 ], [ 27.36968994140619, 5.107358447629607 ], [ 27.36145019531244, 5.107358447629607 ], [ 27.351837158203065, 5.114197603914624 ], [ 27.342224121093693, 5.114197603914624 ], [ 27.318878173828065, 5.1319790680869 ], [ 27.305145263671815, 5.12924349042932 ], [ 27.27081298828119, 5.145656780300511 ], [ 27.266693115234311, 5.144289022297478 ], [ 27.262573242187436, 5.151127782902496 ], [ 27.230987548828068, 5.15249552619659 ], [ 27.225494384765565, 5.160701924107864 ], [ 27.220001220703061, 5.159334198490004 ], [ 27.211761474609315, 5.167540507950522 ], [ 27.203521728515568, 5.168908215864317 ], [ 27.18566894531244, 5.186688149704431 ], [ 27.17468261718744, 5.188055816200526 ], [ 27.16644287109369, 5.194894104202485 ], [ 27.145843505859315, 5.203099951850091 ], [ 27.14172363281244, 5.201732318002744 ], [ 27.134857177734311, 5.207202835552814 ], [ 27.122497558593686, 5.204467582724734 ], [ 27.107391357421811, 5.209938076480802 ], [ 27.096405029296815, 5.205835210625899 ], [ 27.077178955078065, 5.207202835552814 ], [ 27.05383300781244, 5.196261752901764 ], [ 27.05108642578119, 5.198997041393026 ], [ 27.045593261718693, 5.197629398632202 ], [ 27.048339843749936, 5.192158797900495 ], [ 27.041473388671815, 5.194894104202485 ], [ 27.022247314453065, 5.186688149704431 ], [ 27.02087402343744, 5.175746711117082 ], [ 27.012634277343693, 5.181217454093471 ], [ 26.99890136718744, 5.171643622830982 ], [ 26.98242187499994, 5.167540507950522 ], [ 26.98242187499994, 5.164805083265878 ], [ 26.97692871093744, 5.166172797084118 ], [ 26.961822509765565, 5.151127782902496 ], [ 26.956329345703068, 5.15386326654658 ], [ 26.94671630859369, 5.148392287485079 ], [ 26.943969726562443, 5.142921261354978 ], [ 26.938476562499943, 5.144289022297478 ], [ 26.928863525390568, 5.138817960898399 ], [ 26.93023681640619, 5.133346852517311 ], [ 26.92749023437494, 5.133346852517311 ], [ 26.931610107421811, 5.125140101962661 ], [ 26.92474365234369, 5.126507901047888 ], [ 26.917877197265565, 5.119668876343047 ], [ 26.917877197265565, 5.108726284726885 ], [ 26.912384033203065, 5.104622764680052 ], [ 26.912384033203065, 5.096415645847077 ], [ 26.90551757812494, 5.095047782510324 ], [ 26.90826416015619, 5.081368989130752 ], [ 26.89727783203119, 5.073161573666519 ], [ 26.887664794921815, 5.078633195583339 ], [ 26.884918212890568, 5.071793660937245 ], [ 26.887664794921815, 5.064954053829131 ], [ 26.879425048828061, 5.058114374355698 ], [ 26.88079833984369, 5.044434798699684 ], [ 26.876678466796815, 5.047170736919707 ], [ 26.873931884765568, 5.041698848947628 ], [ 26.868438720703065, 5.041698848947628 ], [ 26.869812011718693, 5.036226914872183 ], [ 26.858825683593693, 5.041698848947628 ], [ 26.85333251953119, 5.036226914872183 ], [ 26.846466064453065, 5.045802769251586 ], [ 26.847839355468693, 5.051274622613644 ], [ 26.840972900390565, 5.054010531976511 ], [ 26.840972900390565, 5.058114374355698 ], [ 26.83410644531244, 5.056746429785681 ], [ 26.82586669921869, 5.060850254822721 ], [ 26.821746826171818, 5.058114374355698 ], [ 26.824493408203065, 5.054010531976511 ], [ 26.821746826171818, 5.048538701703274 ], [ 26.80389404296869, 5.048538701703274 ], [ 26.80114746093744, 5.052642578738902 ], [ 26.80389404296869, 5.058114374355698 ], [ 26.79840087890619, 5.058114374355698 ], [ 26.79840087890619, 5.060850254822721 ], [ 26.791534423828065, 5.058114374355698 ], [ 26.78741455078119, 5.07452948349654 ], [ 26.777801513671815, 5.075897390426532 ], [ 26.786041259765565, 5.084104771062581 ], [ 26.78192138671869, 5.084104771062581 ], [ 26.783294677734311, 5.089576300054745 ], [ 26.777801513671815, 5.08547265767072 ], [ 26.77093505859369, 5.090944175033377 ], [ 26.769561767578065, 5.086840541372643 ], [ 26.76544189453119, 5.088208422167575 ], [ 26.769561767578065, 5.090944175033377 ], [ 26.766815185546815, 5.097783506271427 ], [ 26.77093505859369, 5.107358447629607 ], [ 26.768188476562443, 5.108726284726885 ], [ 26.761322021484315, 5.10325491882932 ], [ 26.75445556640619, 5.107358447629607 ], [ 26.75445556640619, 5.10325491882932 ], [ 26.74896240234369, 5.101887070062321 ], [ 26.747589111328068, 5.108726284726885 ], [ 26.746215820312443, 5.105990607613737 ], [ 26.72973632812494, 5.10325491882932 ], [ 26.72698974609369, 5.0991513637826 ], [ 26.72698974609369, 5.10325491882932 ], [ 26.72149658203119, 5.107358447629607 ], [ 26.717376708984315, 5.101887070062321 ], [ 26.71875, 5.095047782510324 ], [ 26.716003417968693, 5.101887070062321 ], [ 26.70776367187494, 5.107358447629607 ], [ 26.706390380859318, 5.0991513637826 ], [ 26.689910888671815, 5.090944175033377 ], [ 26.68579101562494, 5.093679916261942 ], [ 26.687164306640565, 5.097783506271427 ], [ 26.677551269531193, 5.0991513637826 ], [ 26.68029785156244, 5.095047782510324 ], [ 26.677551269531193, 5.086840541372643 ], [ 26.661071777343693, 5.080001093808606 ], [ 26.65557861328119, 5.082736881549001 ], [ 26.65283203124994, 5.078633195583339 ], [ 26.651458740234318, 5.08547265767072 ], [ 26.645965576171818, 5.08547265767072 ], [ 26.637725830078065, 5.093679916261942 ], [ 26.637725830078065, 5.08547265767072 ], [ 26.62811279296869, 5.086840541372643 ], [ 26.632232666015565, 5.073161573666519 ], [ 26.62536621093744, 5.067689905361631 ], [ 26.626739501953068, 5.071793660937245 ], [ 26.621246337890565, 5.069057826784027 ], [ 26.618499755859318, 5.071793660937245 ], [ 26.621246337890565, 5.081368989130752 ], [ 26.613006591796815, 5.081368989130752 ], [ 26.618499755859318, 5.089576300054745 ], [ 26.613006591796815, 5.093679916261942 ], [ 26.61163330078119, 5.089576300054745 ], [ 26.602020263671815, 5.088208422167575 ], [ 26.59515380859369, 5.078633195583339 ], [ 26.589660644531193, 5.078633195583339 ], [ 26.591033935546815, 5.082736881549001 ], [ 26.58416748046869, 5.088208422167575 ], [ 26.58142089843744, 5.080001093808606 ], [ 26.57318115234369, 5.086840541372643 ], [ 26.569061279296815, 5.067689905361631 ], [ 26.56494140624994, 5.066321981043074 ], [ 26.55120849609369, 5.081368989130752 ], [ 26.552581787109318, 5.07452948349654 ], [ 26.544342041015568, 5.069057826784027 ], [ 26.549835205078065, 5.064954053829131 ], [ 26.549835205078065, 5.060850254822721 ], [ 26.54296874999994, 5.062218190718181 ], [ 26.544342041015568, 5.056746429785681 ], [ 26.536102294921815, 5.048538701703274 ], [ 26.540222167968693, 5.069057826784027 ], [ 26.53747558593744, 5.07452948349654 ], [ 26.527862548828061, 5.067689905361631 ], [ 26.530609130859318, 5.063586123720577 ], [ 26.525115966796818, 5.055378482325695 ], [ 26.52099609374994, 5.055378482325695 ], [ 26.522369384765565, 5.047170736919707 ], [ 26.514129638671815, 5.048538701703274 ], [ 26.511383056640565, 5.055378482325695 ], [ 26.51000976562494, 5.049906663601511 ], [ 26.49902343749994, 5.045802769251586 ], [ 26.500396728515565, 5.056746429785681 ], [ 26.49627685546869, 5.058114374355698 ], [ 26.488037109374943, 5.058114374355698 ], [ 26.483917236328065, 5.047170736919707 ], [ 26.478424072265568, 5.049906663601511 ], [ 26.478424072265568, 5.058114374355698 ], [ 26.482543945312443, 5.060850254822721 ], [ 26.47979736328119, 5.064954053829131 ], [ 26.470184326171818, 5.062218190718181 ], [ 26.466064453124943, 5.070425745309489 ], [ 26.464691162109315, 5.063586123720577 ], [ 26.460571289062443, 5.060850254822721 ], [ 26.450958251953068, 5.067689905361631 ], [ 26.448211669921818, 5.075897390426532 ], [ 26.45233154296869, 5.080001093808606 ], [ 26.456451416015565, 5.075897390426532 ], [ 26.453704833984311, 5.078633195583339 ], [ 26.456451416015565, 5.084104771062581 ], [ 26.45233154296869, 5.08547265767072 ], [ 26.453704833984311, 5.096415645847077 ], [ 26.448211669921818, 5.100519218379822 ], [ 26.435852050781193, 5.093679916261942 ], [ 26.434478759765565, 5.0991513637826 ], [ 26.439971923828065, 5.107358447629607 ], [ 26.434478759765565, 5.118301062622334 ], [ 26.428985595703068, 5.112829778499443 ], [ 26.42211914062494, 5.116933245976844 ], [ 26.416625976562443, 5.11556542640735 ], [ 26.41937255859369, 5.1278756972037 ], [ 26.409759521484315, 5.123772299948789 ], [ 26.412506103515568, 5.136082412577514 ], [ 26.401519775390568, 5.136082412577514 ], [ 26.401519775390568, 5.12924349042932 ], [ 26.393280029296815, 5.123772299948789 ], [ 26.396026611328068, 5.130611280723978 ], [ 26.387786865234315, 5.130611280723978 ], [ 26.393280029296815, 5.138817960898399 ], [ 26.385040283203068, 5.15249552619659 ], [ 26.36718749999994, 5.142921261354978 ], [ 26.358947753906193, 5.145656780300511 ], [ 26.349334716796818, 5.160701924107864 ], [ 26.339721679687443, 5.148392287485079 ], [ 26.324615478515568, 5.15386326654658 ], [ 26.324615478515568, 5.140185730654665 ], [ 26.321868896484318, 5.140185730654665 ], [ 26.316375732421818, 5.15249552619659 ], [ 26.308135986328065, 5.156598738411144 ], [ 26.30950927734369, 5.149760036665068 ], [ 26.297149658203068, 5.141553497473782 ], [ 26.299896240234318, 5.15249552619659 ], [ 26.29302978515619, 5.156598738411144 ], [ 26.29302978515619, 5.163437366496574 ], [ 26.279296874999943, 5.162069646776978 ], [ 26.284790039062443, 5.171643622830982 ], [ 26.280670166015565, 5.171643622830982 ], [ 26.27655029296869, 5.177114401298983 ], [ 26.253204345703068, 5.174379017977932 ], [ 26.247711181640568, 5.178482088522863 ], [ 26.257324218749943, 5.192158797900495 ], [ 26.25183105468744, 5.192158797900495 ], [ 26.24908447265619, 5.201732318002744 ], [ 26.24359130859369, 5.201732318002744 ], [ 26.23535156249994, 5.186688149704431 ], [ 26.232604980468693, 5.189423479732417 ], [ 26.22985839843744, 5.205835210625899 ], [ 26.23535156249994, 5.214040915546589 ], [ 26.228485107421815, 5.208570457504706 ], [ 26.220245361328068, 5.211305692480329 ], [ 26.216125488281193, 5.193526452535138 ], [ 26.217498779296818, 5.201732318002744 ], [ 26.212005615234315, 5.212673305502516 ], [ 26.206512451171815, 5.215408522611775 ], [ 26.21887207031244, 5.219511325926287 ], [ 26.207885742187443, 5.223614102403006 ], [ 26.207885742187443, 5.238657386201592 ], [ 26.201019287109318, 5.245495122823734 ], [ 26.19689941406244, 5.24276003715944 ], [ 26.195526123046818, 5.231819574759607 ], [ 26.185913085937443, 5.223614102403006 ], [ 26.183166503906193, 5.227716852021064 ], [ 26.188659667968693, 5.230452003501327 ], [ 26.184539794921815, 5.235922270597771 ], [ 26.184539794921815, 5.248230196501405 ], [ 26.163940429687443, 5.235922270597771 ], [ 26.158447265624943, 5.237289829895692 ], [ 26.15570068359369, 5.249597728843325 ], [ 26.161193847656193, 5.259170371222238 ], [ 26.14471435546869, 5.260537879550738 ], [ 26.12823486328119, 5.267375376100496 ], [ 26.132354736328065, 5.256435345552867 ], [ 26.12274169921869, 5.246862661161285 ], [ 26.114501953124943, 5.245495122823734 ], [ 26.114501953124943, 5.237289829895692 ], [ 26.107635498046815, 5.235922270597771 ], [ 26.103515624999943, 5.246862661161285 ], [ 26.089782714843693, 5.244127581489529 ], [ 26.087036132812443, 5.240024939514698 ], [ 26.096649169921818, 5.231819574759607 ], [ 26.093902587890568, 5.214040915546589 ], [ 26.089782714843693, 5.208570457504706 ], [ 26.084289550781193, 5.219511325926287 ], [ 26.074676513671818, 5.2208789210682 ], [ 26.06506347656244, 5.216776126697303 ], [ 26.066436767578068, 5.209938076480802 ], [ 26.060943603515568, 5.194894104202485 ], [ 26.045837402343693, 5.209938076480802 ], [ 26.049957275390565, 5.215408522611775 ], [ 26.04858398437494, 5.22498168859435 ], [ 26.044464111328068, 5.223614102403006 ], [ 26.036224365234318, 5.208570457504706 ], [ 26.025238037109318, 5.212673305502516 ], [ 26.00738525390619, 5.209938076480802 ], [ 26.004638671874943, 5.214040915546589 ], [ 26.00738525390619, 5.227716852021064 ], [ 26.004638671874943, 5.235922270597771 ], [ 25.99365234374994, 5.238657386201592 ], [ 25.990905761718697, 5.227716852021064 ], [ 25.986785888671818, 5.22498168859435 ], [ 25.97991943359369, 5.246862661161285 ], [ 25.97442626953119, 5.246862661161285 ], [ 25.964813232421815, 5.235922270597771 ], [ 25.956573486328065, 5.215408522611775 ], [ 25.955200195312443, 5.205835210625899 ], [ 25.962066650390568, 5.198997041393026 ], [ 25.955200195312443, 5.196261752901764 ], [ 25.948333740234322, 5.204467582724734 ], [ 25.934600830078068, 5.209938076480802 ], [ 25.927734374999943, 5.208570457504706 ], [ 25.923614501953068, 5.200364681183466 ], [ 25.912628173828068, 5.205835210625899 ], [ 25.903015136718693, 5.205835210625899 ], [ 25.904388427734315, 5.193526452535138 ], [ 25.91125488281244, 5.189423479732417 ], [ 25.914001464843693, 5.179849772787951 ], [ 25.901641845703072, 5.168908215864317 ], [ 25.897521972656193, 5.170275920824727 ], [ 25.89477539062494, 5.204467582724734 ], [ 25.887908935546818, 5.201732318002744 ], [ 25.875549316406193, 5.209938076480802 ], [ 25.882415771484315, 5.216776126697303 ], [ 25.882415771484315, 5.222246513227365 ], [ 25.878295898437443, 5.22498168859435 ], [ 25.871429443359318, 5.222246513227365 ], [ 25.861816406249943, 5.226349271800628 ], [ 25.842590332031197, 5.216776126697303 ], [ 25.838470458984318, 5.200364681183466 ], [ 25.831604003906193, 5.197629398632202 ], [ 25.827484130859322, 5.19079114029933 ], [ 25.82611083984369, 5.201732318002744 ], [ 25.819244384765568, 5.201732318002744 ], [ 25.819244384765568, 5.207202835552814 ], [ 25.812377929687443, 5.215408522611775 ], [ 25.813751220703068, 5.223614102403006 ], [ 25.804138183593693, 5.218143727802397 ], [ 25.800018310546822, 5.2208789210682 ], [ 25.81512451171869, 5.25096525818627 ], [ 25.806884765624943, 5.25233278452947 ], [ 25.789031982421818, 5.240024939514698 ], [ 25.780792236328068, 5.241392489834237 ], [ 25.780792236328068, 5.245495122823734 ], [ 25.790405273437447, 5.249597728843325 ], [ 25.79315185546869, 5.257802859889356 ], [ 25.791778564453068, 5.270110353662698 ], [ 25.784912109374943, 5.278315214071152 ], [ 25.779418945312443, 5.279682680257221 ], [ 25.76568603515619, 5.268742866386491 ], [ 25.768432617187443, 5.263272887191508 ], [ 25.773925781249943, 5.266007882805485 ], [ 25.780792236328068, 5.263272887191508 ], [ 25.780792236328068, 5.257802859889356 ], [ 25.739593505859318, 5.240024939514698 ], [ 25.74096679687494, 5.253700307872151 ], [ 25.736846923828068, 5.270110353662698 ], [ 25.731353759765568, 5.271477837928345 ], [ 25.724487304687443, 5.267375376100496 ], [ 25.714874267578068, 5.270110353662698 ], [ 25.706634521484318, 5.302929143347417 ], [ 25.676422119140565, 5.307031369598627 ], [ 25.669555664062443, 5.316603124716059 ], [ 25.658569335937443, 5.307031369598627 ], [ 25.655822753906193, 5.311133568567143 ], [ 25.658569335937443, 5.32617473102957 ], [ 25.647583007812443, 5.331644153439745 ], [ 25.635223388671815, 5.328909448322183 ], [ 25.631103515624943, 5.317970506163181 ], [ 25.637969970703068, 5.308398772287239 ], [ 25.633850097656193, 5.304296555127944 ], [ 25.622863769531193, 5.309766171943668 ], [ 25.618743896484322, 5.323440001568081 ], [ 25.596771240234318, 5.323440001568081 ], [ 25.595397949218693, 5.327542091197373 ], [ 25.603637695312443, 5.338480862927271 ], [ 25.615997314453068, 5.341215525383518 ], [ 25.622863769531193, 5.349419439510515 ], [ 25.613250732421818, 5.353521355337321 ], [ 25.589904785156193, 5.3480521281232 ], [ 25.588531494140568, 5.353521355337321 ], [ 25.577545166015572, 5.3603578205519 ], [ 25.581665039062443, 5.372663264997805 ], [ 25.574798583984315, 5.379499515663162 ], [ 25.548706054687443, 5.379499515663162 ], [ 25.53771972656244, 5.390437356926965 ], [ 25.532226562499943, 5.391804573239823 ], [ 25.528106689453065, 5.383601229200708 ], [ 25.543212890624943, 5.363092385212522 ], [ 25.540466308593693, 5.358990533628929 ], [ 25.518493652343693, 5.354888654498638 ], [ 25.499267578124943, 5.343950175636925 ], [ 25.491027832031197, 5.356255950601526 ], [ 25.480041503906193, 5.36445966294863 ], [ 25.470428466796822, 5.356255950601526 ], [ 25.469055175781193, 5.345317496185632 ], [ 25.460815429687447, 5.339848195680363 ], [ 25.452575683593693, 5.343950175636925 ], [ 25.445709228515568, 5.343950175636925 ], [ 25.441589355468693, 5.337113527125011 ], [ 25.433349609374947, 5.341215525383518 ], [ 25.429229736328068, 5.32480736781955 ], [ 25.418243408203072, 5.322072632275939 ], [ 25.423736572265572, 5.312500962156893 ], [ 25.418243408203072, 5.309766171943668 ], [ 25.404510498046818, 5.309766171943668 ], [ 25.396270751953072, 5.32480736781955 ], [ 25.399017333984318, 5.333011501430951 ], [ 25.388031005859318, 5.337113527125011 ], [ 25.393524169921818, 5.331644153439745 ], [ 25.385284423828068, 5.316603124716059 ], [ 25.361938476562443, 5.315235740232122 ], [ 25.356445312499943, 5.308398772287239 ], [ 25.359191894531197, 5.298826889834364 ], [ 25.364685058593693, 5.304296555127944 ], [ 25.372924804687443, 5.302929143347417 ], [ 25.375671386718693, 5.290622301106121 ], [ 25.363311767578068, 5.278315214071152 ], [ 25.356445312499943, 5.285152514834113 ], [ 25.350952148437443, 5.283785060716542 ], [ 25.335845947265568, 5.261905384874086 ], [ 25.328979492187443, 5.207202835552814 ], [ 25.308380126953068, 5.19079114029933 ], [ 25.316619873046822, 5.163437366496574 ], [ 25.326232910156193, 5.149760036665068 ], [ 25.348205566406193, 5.15249552619659 ], [ 25.341339111328068, 5.130611280723978 ], [ 25.344085693359322, 5.110094118904799 ], [ 25.320739746093693, 5.07452948349654 ], [ 25.326232910156193, 5.043066825264773 ], [ 25.3125, 5.030754934742893 ], [ 25.267181396484318, 5.025282908609281 ], [ 25.250701904296818, 5.028018927423531 ], [ 25.236968994140572, 5.014338718527192 ], [ 25.223236083984318, 5.010234599936394 ], [ 25.208129882812443, 5.015706752326524 ], [ 25.199890136718697, 5.014338718527192 ], [ 25.190277099609318, 5.006130455572639 ], [ 25.191650390624943, 4.999290157749894 ], [ 25.168304443359322, 5.002026285456821 ], [ 25.160064697265568, 5.014338718527192 ], [ 25.161437988281197, 5.022546878306331 ], [ 25.149078369140568, 5.029386932520461 ], [ 25.143585205078068, 5.018442811324137 ], [ 25.120239257812443, 5.011602642331355 ], [ 25.125732421874947, 5.006130455572639 ], [ 25.122985839843693, 4.986977441713343 ], [ 25.116119384765572, 4.988345532685297 ], [ 25.096893310546818, 4.978768836048132 ], [ 25.087280273437447, 4.978768836048132 ], [ 25.083160400390568, 4.965087599019936 ], [ 25.073547363281193, 4.956878720523821 ], [ 25.072174072265572, 4.94456521157252 ], [ 25.063934326171818, 4.926778627933795 ], [ 25.047454833984318, 4.930883266466624 ], [ 25.044708251953072, 4.940460657683809 ], [ 25.028228759765568, 4.955510564186131 ], [ 25.014495849609322, 4.959615024698007 ], [ 24.996643066406193, 4.958246874028037 ], [ 24.989776611328068, 4.973296375343815 ], [ 24.982910156249947, 4.978768836048132 ], [ 24.956817626953068, 4.988345532685297 ], [ 24.921112060546818, 4.976032611384596 ], [ 24.916992187499947, 4.959615024698007 ], [ 24.910125732421818, 4.95140607817997 ], [ 24.874420166015572, 4.948669740022697 ], [ 24.864807128906193, 4.955510564186131 ], [ 24.859313964843697, 4.948669740022697 ], [ 24.862060546874943, 4.936356078377471 ], [ 24.848327636718697, 4.924042188161768 ], [ 24.812622070312443, 4.929515056440075 ], [ 24.797515869140568, 4.925410409455613 ], [ 24.782409667968693, 4.89667717218843 ], [ 24.774169921874947, 4.892572323061784 ], [ 24.764556884765572, 4.89667717218843 ], [ 24.768676757812447, 4.904886794837073 ], [ 24.767303466796822, 4.91035982053226 ], [ 24.757690429687447, 4.908991568317242 ], [ 24.752197265624943, 4.89667717218843 ], [ 24.742584228515572, 4.899413724277164 ], [ 24.726104736328072, 4.893940608902107 ], [ 24.720611572265572, 4.89667717218843 ], [ 24.721984863281197, 4.907623313295853 ], [ 24.715118408203072, 4.911728069940135 ], [ 24.687652587890568, 4.911728069940135 ], [ 24.676666259765568, 4.907623313295853 ], [ 24.658813476562443, 4.919937507394002 ], [ 24.6615600585937, 4.929515056440075 ], [ 24.669799804687447, 4.934987879630609 ], [ 24.672546386718697, 4.965087599019936 ], [ 24.656066894531193, 4.976032611384596 ], [ 24.631347656249947, 4.974664494785973 ], [ 24.625854492187447, 5.008866554677772 ], [ 24.617614746093693, 5.025282908609281 ], [ 24.610748291015572, 5.029386932520461 ], [ 24.569549560546818, 5.032122934090056 ], [ 24.548950195312447, 5.052642578738902 ], [ 24.547576904296818, 5.067689905361631 ], [ 24.533843994140568, 5.082736881549001 ], [ 24.514617919921822, 5.082736881549001 ], [ 24.503631591796822, 5.090944175033377 ], [ 24.466552734374947, 5.104622764680052 ], [ 24.443206787109318, 5.096415645847077 ], [ 24.443206787109318, 5.088208422167575 ], [ 24.452819824218697, 5.075897390426532 ], [ 24.452819824218697, 5.069057826784027 ], [ 24.448699951171818, 5.056746429785681 ], [ 24.441833496093693, 5.055378482325695 ], [ 24.419860839843697, 5.078633195583339 ], [ 24.419860839843697, 5.092312047102701 ], [ 24.408874511718693, 5.101887070062321 ], [ 24.385528564453072, 5.112829778499443 ], [ 24.375915527343697, 5.112829778499443 ], [ 24.363555908203072, 5.096415645847077 ], [ 24.363555908203072, 5.073161573666519 ], [ 24.344329833984322, 5.066321981043074 ], [ 24.340209960937447, 5.058114374355698 ], [ 24.344329833984322, 5.049906663601511 ], [ 24.356689453124943, 5.044434798699684 ], [ 24.369049072265568, 5.045802769251586 ], [ 24.384155273437443, 5.054010531976511 ], [ 24.395141601562443, 5.045802769251586 ], [ 24.397888183593697, 5.034858924155474 ], [ 24.373168945312447, 5.018442811324137 ], [ 24.364929199218697, 5.008866554677772 ], [ 24.353942871093697, 5.006130455572639 ], [ 24.336090087890572, 5.011602642331355 ], [ 24.319610595703068, 5.00065822303248 ], [ 24.293518066406197, 5.003394345022144 ], [ 24.282531738281193, 4.996554018613086 ], [ 24.266052246093697, 4.973296375343815 ], [ 24.275665283203072, 4.952774243013431 ], [ 24.267425537109318, 4.934987879630609 ], [ 24.252319335937443, 4.933619678062666 ], [ 24.242706298828075, 4.936356078377471 ], [ 24.239959716796822, 4.939092467404845 ], [ 24.246826171874947, 4.952774243013431 ], [ 24.241333007812443, 4.956878720523821 ], [ 24.227600097656197, 4.958246874028037 ], [ 24.215240478515575, 4.954142405015743 ], [ 24.179534912109322, 4.928146843595541 ], [ 24.164428710937447, 4.899413724277164 ], [ 24.152069091796822, 4.892572323061784 ], [ 24.135589599609322, 4.89530889194458 ], [ 24.119110107421818, 4.915832801313155 ], [ 24.110870361328072, 4.918569274845253 ], [ 24.050445556640572, 4.887099151737504 ], [ 24.050445556640572, 4.867942700387015 ], [ 24.042205810546822, 4.867942700387015 ], [ 24.032592773437443, 4.861100978309945 ], [ 24.009246826171822, 4.863837675483961 ], [ 23.999633789062447, 4.876152675027712 ], [ 23.996887207031197, 4.873416027956994 ], [ 23.987274169921825, 4.877520994381793 ], [ 23.961181640624947, 4.874784352885854 ], [ 23.952941894531193, 4.848785703543223 ], [ 23.961181640624947, 4.83647020422169 ], [ 23.961181640624947, 4.817312315826106 ], [ 23.955688476562447, 4.810470081880519 ], [ 23.940582275390575, 4.817312315826106 ], [ 23.914489746093697, 4.820049190128565 ], [ 23.907623291015572, 4.82962816333225 ], [ 23.891143798828075, 4.832364987977747 ], [ 23.870544433593697, 4.817312315826106 ], [ 23.852691650390572, 4.813206983715925 ], [ 23.845825195312447, 4.828259746866964 ], [ 23.837585449218697, 4.835101801571317 ], [ 23.830718994140572, 4.833733396156411 ], [ 23.819732666015572, 4.822786053406995 ], [ 23.793640136718697, 4.806364708499983 ], [ 23.779907226562447, 4.787205972686505 ], [ 23.760681152343697, 4.783100459421616 ], [ 23.712615966796825, 4.787205972686505 ], [ 23.67553710937495, 4.765309617761054 ], [ 23.630218505859325, 4.766678160414343 ], [ 23.613739013671818, 4.757098304643485 ], [ 23.591766357421822, 4.761203973454299 ], [ 23.572540283203072, 4.739306790482678 ], [ 23.565673828124947, 4.736569593761296 ], [ 23.558807373046822, 4.720146186118082 ], [ 23.5464477539062, 4.71467163045643 ], [ 23.535461425781197, 4.698247704824688 ], [ 23.5025024414062, 4.677717253825127 ], [ 23.461303710937447, 4.679085969314919 ], [ 23.448944091796822, 4.662661207034304 ], [ 23.42834472656245, 4.65171115208507 ], [ 23.425598144531197, 4.635285750511221 ], [ 23.429718017578075, 4.599696072478887 ], [ 23.4201049804687, 4.592851699293238 ], [ 23.377532958984322, 4.591482816771273 ], [ 23.372039794921822, 4.596958331092567 ], [ 23.369293212890572, 4.607909233466009 ], [ 23.355560302734325, 4.614753461811711 ], [ 23.339080810546822, 4.613384621418793 ], [ 23.328094482421825, 4.607909233466009 ], [ 23.314361572265572, 4.613384621418793 ], [ 23.292388916015572, 4.636654548576385 ], [ 23.275909423828075, 4.633916949794751 ], [ 23.262176513671822, 4.67224236512011 ], [ 23.253936767578075, 4.676348535659974 ], [ 23.240203857421822, 4.67224236512011 ], [ 23.230590820312447, 4.674979814820236 ], [ 23.220977783203075, 4.690035596827175 ], [ 23.207244873046825, 4.699616380090974 ], [ 23.1948852539062, 4.725620698589204 ], [ 23.171539306640572, 4.740675384778359 ], [ 23.159179687499947, 4.740675384778359 ], [ 23.106994628906197, 4.710565685396265 ], [ 23.078155517578075, 4.720146186118082 ], [ 23.058929443359325, 4.737938193476733 ], [ 23.034210205078072, 4.750255468895526 ], [ 23.012237548828072, 4.755729742931485 ], [ 22.982025146484325, 4.828259746866964 ], [ 22.968292236328072, 4.839207001225739 ], [ 22.93945312499995, 4.815943874542803 ], [ 22.927093505859325, 4.813206983715925 ], [ 22.910614013671822, 4.818680754354952 ], [ 22.8927612304687, 4.807733169042783 ], [ 22.884521484374947, 4.794048440036234 ], [ 22.884521484374947, 4.776257882622241 ], [ 22.8872680664062, 4.769415237542817 ], [ 22.896881103515575, 4.76394107238277 ], [ 22.898254394531197, 4.755729742931485 ], [ 22.86804199218745, 4.736569593761296 ], [ 22.861175537109322, 4.709197031653884 ], [ 22.84057617187495, 4.699616380090974 ], [ 22.819976806640572, 4.725620698589204 ], [ 22.804870605468697, 4.728357938612802 ], [ 22.795257568359325, 4.726989319952646 ], [ 22.781524658203075, 4.71467163045643 ], [ 22.771911621093697, 4.684560804504965 ], [ 22.754058837890575, 4.653079918274036 ], [ 22.734832763671822, 4.628441720431337 ], [ 22.729339599609325, 4.595589456454662 ], [ 22.730712890624947, 4.558628850089681 ], [ 22.704620361328075, 4.524404370990755 ], [ 22.704620361328075, 4.476487385132384 ], [ 22.677154541015575, 4.466903610394119 ], [ 22.675781249999947, 4.475118282132962 ], [ 22.667541503906204, 4.479225583446765 ], [ 22.65930175781245, 4.494285490770212 ], [ 22.646942138671825, 4.494285490770212 ], [ 22.6400756835937, 4.486071034370415 ], [ 22.616729736328075, 4.491547348913976 ], [ 22.608489990234322, 4.481963771510014 ], [ 22.593383789062454, 4.477856485570578 ], [ 22.596130371093697, 4.432674823020449 ], [ 22.592010498046822, 4.421721275679629 ], [ 22.5796508789062, 4.413506008886139 ] ], [ [ 22.58789062499995, 4.418982863527424 ], [ 22.5796508789062, 4.413506008886139 ] ] ] } },
{ "type": "Feature", "properties": { }, "geometry": { "type": "MultiLineString", "coordinates": [ [ [ 15.493469238281214, 7.524511305631091 ], [ 15.547027587890591, 7.510896436975546 ], [ 15.728302001953091, 7.519065409404966 ], [ 15.728302001953091, 7.505450370032945 ], [ 15.743408203124964, 7.478219013257336 ], [ 15.755767822265591, 7.47413416305411 ], [ 15.758514404296839, 7.463241042443507 ], [ 15.766754150390591, 7.457794380373268 ], [ 15.773620605468714, 7.463241042443507 ], [ 15.784606933593713, 7.461879383282855 ], [ 15.799713134765589, 7.455071023918081 ], [ 15.809326171874964, 7.441453987683328 ], [ 15.816192626953091, 7.445539142972732 ], [ 15.834045410156214, 7.445539142972732 ], [ 15.846405029296839, 7.45234765052424 ], [ 15.864257812499964, 7.45234765052424 ], [ 15.950775146484341, 7.483665420726284 ], [ 15.975494384765588, 7.483665420726284 ], [ 16.009826660156214, 7.505450370032945 ], [ 16.013946533203089, 7.521788366061406 ], [ 16.011199951171839, 7.524511305631091 ], [ 16.018066406249964, 7.525872769006511 ], [ 16.018066406249964, 7.529957133486022 ], [ 16.033172607421839, 7.531318579761093 ], [ 16.034545898437461, 7.561269314400274 ], [ 16.046905517578089, 7.576243902936029 ], [ 16.053771972656214, 7.574882598199872 ], [ 16.055145263671839, 7.580327791330121 ], [ 16.078491210937464, 7.589856713568937 ], [ 16.097717285156214, 7.589856713568937 ], [ 16.103210449218714, 7.593940472759054 ], [ 16.118316650390589, 7.588495451885676 ], [ 16.119689941406214, 7.591217970942755 ], [ 16.125183105468714, 7.587134185893729 ], [ 16.133422851562468, 7.595301717200021 ], [ 16.159515380859339, 7.593940472759054 ], [ 16.180114746093714, 7.615719865896775 ], [ 16.193847656249964, 7.618442212274354 ], [ 16.197967529296839, 7.617081041247832 ], [ 16.200714111328089, 7.610275121262305 ], [ 16.208953857421839, 7.611636313903951 ], [ 16.218566894531214, 7.606191517415826 ], [ 16.229553222656214, 7.606191517415826 ], [ 16.233673095703089, 7.610275121262305 ], [ 16.250152587890589, 7.612997502224081 ], [ 16.250152587890589, 7.622525699399182 ], [ 16.257019042968714, 7.62797028830971 ], [ 16.258392333984339, 7.625248002512565 ], [ 16.269378662109336, 7.626609147576048 ], [ 16.285858154296836, 7.638859258215186 ], [ 16.284484863281211, 7.644303639113575 ], [ 16.295471191406214, 7.655192192560285 ], [ 16.306457519531211, 7.651109017589437 ], [ 16.325683593749964, 7.66199739725522 ], [ 16.336669921874961, 7.663358425148949 ], [ 16.342163085937464, 7.660636365012067 ], [ 16.349029541015586, 7.668802493214531 ], [ 16.355895996093714, 7.663358425148949 ], [ 16.386108398437461, 7.674246491628987 ], [ 16.390228271484339, 7.68377332111112 ], [ 16.398468017578093, 7.682412358549252 ], [ 16.425933837890589, 7.721878499324483 ], [ 16.416320800781214, 7.723239335097134 ], [ 16.408081054687464, 7.73684745161525 ], [ 16.419067382812464, 7.749094381082646 ], [ 16.405334472656214, 7.772226497749416 ], [ 16.419067382812464, 7.783111758889557 ], [ 16.431427001953089, 7.810323674279209 ], [ 16.449279785156214, 7.80216028551332 ], [ 16.452026367187464, 7.79399673737429 ], [ 16.447906494140586, 7.788554283487946 ], [ 16.450653076171839, 7.78719365896572 ], [ 16.464385986328089, 7.78719365896572 ], [ 16.473999023437464, 7.792636130534593 ], [ 16.479492187499964, 7.78991490359067 ], [ 16.487731933593714, 7.796717937785387 ], [ 16.489105224609339, 7.811684223567498 ], [ 16.504211425781211, 7.821207944438929 ], [ 16.502838134765586, 7.826649973041198 ], [ 16.508331298828086, 7.833452408875327 ], [ 16.508331298828086, 7.848417376475769 ], [ 16.526184082031214, 7.848417376475769 ], [ 16.537170410156214, 7.859300650934131 ], [ 16.552276611328089, 7.857940257224174 ], [ 16.555023193359336, 7.863381805309158 ], [ 16.550903320312461, 7.867462919536119 ], [ 16.552276611328089, 7.872904342684421 ], [ 16.561889648437461, 7.870183640039585 ], [ 16.571502685546836, 7.876985363153584 ], [ 16.578369140624961, 7.874264687307973 ], [ 16.590728759765589, 7.886507587818561 ], [ 16.592102050781211, 7.88106634340698 ], [ 16.586608886718711, 7.874264687307973 ], [ 16.590728759765589, 7.868823282019806 ], [ 16.586608886718711, 7.868823282019806 ], [ 16.585235595703089, 7.86066104018545 ], [ 16.578369140624961, 7.856579859056329 ], [ 16.581115722656214, 7.844336075064958 ], [ 16.578369140624961, 7.842975632359625 ], [ 16.586608886718711, 7.834812882712135 ], [ 16.581115722656214, 7.823928967618213 ], [ 16.582489013671836, 7.818486903509366 ], [ 16.586608886718711, 7.808963120559375 ], [ 16.592102050781211, 7.808963120559375 ], [ 16.592102050781211, 7.803520861379604 ], [ 16.586608886718711, 7.80216028551332 ], [ 16.589355468749964, 7.800799705220001 ], [ 16.586608886718711, 7.79399673737429 ], [ 16.592102050781211, 7.780390470088404 ], [ 16.589355468749964, 7.773587170836471 ], [ 16.607208251953089, 7.761340954339427 ], [ 16.616821289062464, 7.766783761304053 ], [ 16.630554199218714, 7.759980241585282 ], [ 16.637420654296836, 7.761340954339427 ], [ 16.659393310546839, 7.745012110812016 ], [ 16.663513183593714, 7.735486659709973 ], [ 16.655273437499964, 7.721878499324483 ], [ 16.659393310546839, 7.672885498557805 ], [ 16.671752929687461, 7.668802493214531 ], [ 16.674499511718711, 7.659275328420242 ], [ 16.682739257812464, 7.652470080257449 ], [ 16.684112548828086, 7.640220359946577 ], [ 16.710205078124961, 7.641581457340608 ], [ 16.717071533203086, 7.634775927004418 ], [ 16.729431152343714, 7.638859258215186 ], [ 16.743164062499964, 7.632053684524277 ], [ 16.748657226562461, 7.623886853120026 ], [ 16.776123046874964, 7.60755272301749 ], [ 16.780242919921839, 7.598024193143826 ], [ 16.787261964932657, 7.592226298470933 ] ], [ [ 16.787109374999961, 7.592579224006379 ], [ 16.787261964932657, 7.592226298470933 ] ], [ [ 16.787261964932657, 7.592226298470933 ], [ 16.791229248046836, 7.583050362073319 ] ], [ [ 16.787261964932657, 7.592226298470933 ], [ 16.788482666015589, 7.591217970942755 ], [ 16.791229248046836, 7.583050362073319 ] ], [ [ 16.791229248046836, 7.583050362073319 ], [ 16.789855957031211, 7.563992005533061 ], [ 16.800842285156211, 7.557185245501064 ] ], [ [ 16.800842285156211, 7.557185245501064 ], [ 16.807708740234339, 7.539487167568583 ], [ 16.811828613281211, 7.535402892921425 ] ], [ [ 16.800842285156211, 7.557185245501064 ], [ 16.811828613281211, 7.535402892921425 ] ], [ [ 16.811828613281211, 7.535402892921425 ], [ 16.826934814453086, 7.538125746966697 ], [ 16.837921142578086, 7.532680021759187 ], [ 16.842041015624961, 7.542209995927078 ], [ 16.851654052734336, 7.540848583888962 ] ], [ [ 16.851654052734336, 7.540848583888962 ], [ 16.859893798828089, 7.544932807153502 ], [ 16.859893798828089, 7.557185245501064 ], [ 16.866760253906211, 7.562630662113839 ] ], [ [ 16.851654052734336, 7.540848583888962 ], [ 16.859893798828086, 7.544932807153502 ], [ 16.859893798828086, 7.557185245501064 ], [ 16.866760253906211, 7.562630662113839 ] ], [ [ 16.866760253906211, 7.562630662113839 ], [ 16.884613037109336, 7.563992005533061 ], [ 16.885986328124961, 7.559907962393119 ], [ 16.881866455078089, 7.557185245501064 ], [ 16.892852783203086, 7.551739760227107 ], [ 16.906585693359336, 7.565353344657185 ], [ 16.901092529296836, 7.574882598199872 ], [ 16.888732910156211, 7.574882598199872 ], [ 16.885986328124961, 7.578966499501908 ] ], [ [ 16.885986328124961, 7.578966499501908 ], [ 16.899719238281214, 7.596662957328533 ], [ 16.901092529296836, 7.603469093257766 ] ], [ [ 16.885986328124961, 7.578966499501908 ], [ 16.899719238281211, 7.596662957328533 ], [ 16.901092529296836, 7.603469093257766 ] ], [ [ 16.901092529296836, 7.603469093257766 ], [ 16.891479492187461, 7.610275121262305 ], [ 16.891479492187461, 7.61980337897559 ], [ 16.921691894531211, 7.610275121262305 ], [ 16.923065185546836, 7.626609147576048 ], [ 16.936798095703086, 7.630692556784581 ], [ 16.940917968749961, 7.638859258215186 ], [ 16.950531005859336, 7.645664723491005 ] ], [ [ 16.950531005859336, 7.645664723491005 ], [ 16.962890624999961, 7.632053684524277 ], [ 16.962890624999964, 7.632053684524277 ] ], [ [ 16.950531005859336, 7.645664723491005 ], [ 16.962890624999964, 7.632053684524277 ] ], [ [ 16.962890624999964, 7.632053684524277 ], [ 16.972503662109336, 7.632053684524277 ], [ 16.976623535156211, 7.642942550396524 ], [ 16.986236572265586, 7.637498152147196 ], [ 16.997222900390586, 7.641581457340608 ], [ 17.002716064453086, 7.636137041743353 ], [ 17.017822265624961, 7.640220359946577 ], [ 17.035675048828086, 7.638859258215186 ], [ 17.039794921874961, 7.642942550396524 ], [ 17.034301757812461, 7.651109017589437 ], [ 17.039794921874961, 7.657914287480502 ], [ 17.049407958984339, 7.657914287480502 ], [ 17.057647705078086, 7.652470080257449 ], [ 17.070007324218711, 7.663358425148949 ], [ 17.087860107421836, 7.666080467885116 ], [ 17.076873779296836, 7.689217127736167 ], [ 17.083740234374961, 7.691939004864678 ], [ 17.082366943359336, 7.698743621267552 ], [ 17.091979980468711, 7.701465437245512 ], [ 17.096099853515586, 7.693299936880293 ], [ 17.108459472656211, 7.694660864529143 ], [ 17.122192382812461, 7.666080467885116 ], [ 17.144165039062461, 7.671524501131167 ], [ 17.153778076171836, 7.670163499349822 ], [ 17.153778076171836, 7.685134279311499 ], [ 17.164764404296836, 7.690578068483052 ], [ 17.157897949218711, 7.702826338677937 ], [ 17.163391113281207, 7.717795965713981 ], [ 17.173004150390586, 7.716435112415477 ], [ 17.174377441406214, 7.712352526245502 ], [ 17.182617187499961, 7.723239335097134 ], [ 17.200469970703082, 7.721878499324483 ], [ 17.205963134765586, 7.731404257656391 ], [ 17.212829589843711, 7.734125863414571 ], [ 17.207336425781211, 7.747733628722427 ], [ 17.219696044921836, 7.75589807690374 ], [ 17.222442626953086, 7.770865820251893 ], [ 17.233428955078086, 7.768144452028457 ], [ 17.237548828124957, 7.753176611774315 ], [ 17.249908447265586, 7.749094381082646 ], [ 17.258148193359336, 7.753176611774315 ], [ 17.262268066406214, 7.766783761304053 ], [ 17.255401611328086, 7.78719365896572 ], [ 17.258148193359336, 7.78991490359067 ], [ 17.265014648437461, 7.788554283487946 ], [ 17.269134521484336, 7.798078531355283 ], [ 17.274627685546832, 7.795357339791472 ], [ 17.276000976562461, 7.810323674279209 ], [ 17.293853759765586, 7.810323674279209 ], [ 17.295227050781211, 7.830731447869436 ], [ 17.304840087890586, 7.832091930594178 ], [ 17.321319580078086, 7.82528947254962 ], [ 17.332305908203086, 7.829370960701858 ], [ 17.335052490234336, 7.844336075064958 ], [ 17.348785400390586, 7.842975632359625 ], [ 17.359771728515586, 7.856579859056329 ], [ 17.374877929687461, 7.848417376475769 ], [ 17.383117675781211, 7.852498637812999 ], [ 17.384490966796836, 7.86066104018545 ], [ 17.394104003906211, 7.848417376475769 ], [ 17.399597167968707, 7.847056947123783 ], [ 17.399597167968707, 7.872904342684421 ], [ 17.405090332031207, 7.872904342684421 ], [ 17.414703369140582, 7.863381805309158 ], [ 17.420196533203086, 7.867462919536119 ], [ 17.413330078124957, 7.870183640039585 ], [ 17.413330078124957, 7.876985363153584 ], [ 17.429809570312461, 7.885147283424311 ], [ 17.432556152343711, 7.882426661217768 ], [ 17.429809570312461, 7.871543993594708 ], [ 17.440795898437461, 7.871543993594708 ], [ 17.446289062499961, 7.88106634340698 ], [ 17.440795898437461, 7.88786788773913 ], [ 17.442169189453082, 7.891948760651218 ], [ 17.454528808593711, 7.88786788773913 ], [ 17.461395263671836, 7.90147064072682 ], [ 17.472381591796836, 7.900110385584438 ], [ 17.495727539062461, 7.88378697455713 ], [ 17.501220703124961, 7.872904342684421 ], [ 17.510833740234336, 7.872904342684421 ], [ 17.517700195312461, 7.882426661217768 ], [ 17.520446777343711, 7.896029593273088 ], [ 17.535552978515582, 7.890588474156209 ], [ 17.531433105468711, 7.904191137564964 ], [ 17.536926269531211, 7.919153549446227 ], [ 17.532806396484336, 7.924594291794736 ], [ 17.547912597656211, 7.931395118593191 ], [ 17.561645507812461, 7.923234112947831 ], [ 17.563018798828086, 7.915072945519067 ], [ 17.571258544921836, 7.916433151318596 ], [ 17.580871582031211, 7.932755270460407 ], [ 17.589111328124961, 7.936835699063581 ], [ 17.598724365234336, 7.936835699063581 ], [ 17.605590820312457, 7.93003496222748 ], [ 17.637176513671836, 7.949076741710938 ], [ 17.644042968749961, 7.944996434709139 ], [ 17.656402587890582, 7.961317419188942 ], [ 17.652282714843711, 7.976277750509622 ], [ 17.661895751953086, 7.985797676445856 ], [ 17.685241699218711, 7.98307772023841 ], [ 17.697601318359332, 7.970837693302856 ], [ 17.711334228515586, 7.981717735343739 ], [ 17.716827392578082, 7.98307772023841 ], [ 17.725067138671836, 7.978997751976266 ], [ 17.921447753906207, 7.958597300224175 ], [ 17.944793701171832, 7.962677471899162 ], [ 17.995605468749957, 7.992597487701728 ], [ 17.999725341796832, 7.985797676445856 ], [ 18.031311035156207, 8.008916572242047 ], [ 18.270263671874957, 8.021155456563886 ], [ 18.274383544921832, 8.023875158625865 ], [ 18.583374023437457, 8.045632119478368 ], [ 18.599853515624957, 8.053790678898514 ], [ 18.609466552734332, 8.052430930406004 ], [ 18.620452880859332, 8.061949073939454 ], [ 18.621826171874957, 8.072826678012877 ], [ 18.632812499999957, 8.07962503184382 ], [ 18.635559082031207, 8.110895983145365 ], [ 18.631439208984332, 8.139445597430985 ], [ 18.641052246093707, 8.163915076369433 ], [ 18.657531738281207, 8.18566446595112 ], [ 18.657531738281207, 8.19517945064856 ], [ 18.691864013671832, 8.223723038356431 ], [ 18.733062744140582, 8.240032737708344 ], [ 18.748168945312454, 8.241391848991743 ], [ 18.801727294921832, 8.260418916317645 ], [ 18.808593749999954, 8.272650118203357 ], [ 18.819580078124957, 8.276727101164024 ], [ 18.818206787109332, 8.279445066360738 ], [ 18.833312988281207, 8.290316739468027 ], [ 18.833312988281207, 8.29711138254884 ], [ 18.844299316406204, 8.306623685431802 ], [ 18.842926025390582, 8.313418046342324 ], [ 18.852539062499957, 8.324288778882032 ], [ 18.853912353515582, 8.331082833500291 ], [ 18.848419189453082, 8.339235543309625 ], [ 18.849792480468704, 8.346029338263911 ], [ 18.853912353515582, 8.348746823160843 ], [ 18.858032226562457, 8.347388083076321 ], [ 18.858032226562457, 8.343311834458399 ], [ 18.869018554687457, 8.341953075466794 ], [ 18.871765136718704, 8.344670588724352 ], [ 18.867645263671832, 8.346029338263911 ], [ 18.869018554687457, 8.35010555851672 ], [ 18.873138427734332, 8.351464289143212 ], [ 18.870391845703082, 8.355540452638881 ], [ 18.878631591796832, 8.359616573543137 ], [ 18.877258300781207, 8.355540452638881 ], [ 18.880004882812457, 8.355540452638881 ], [ 18.881378173828082, 8.366410013681174 ], [ 18.893737792968711, 8.362333963807449 ], [ 18.896484374999954, 8.371844680505623 ], [ 18.901977539062454, 8.371844680505623 ], [ 18.900604248046832, 8.377279271468492 ], [ 18.906097412109332, 8.378637907350232 ], [ 18.904724121093707, 8.386789622967703 ], [ 18.908843994140579, 8.389506823518273 ], [ 18.911590576171832, 8.384072403418854 ], [ 18.912963867187457, 8.388148225618146 ], [ 18.918457031249957, 8.386789622967703 ], [ 18.922576904296832, 8.392224005064584 ], [ 18.919830322265582, 8.397658311120523 ], [ 18.925323486328082, 8.399016875747504 ], [ 18.915710449218707, 8.404451086685013 ], [ 18.915710449218707, 8.408526694918285 ], [ 18.921203613281207, 8.408526694918285 ], [ 18.922576904296832, 8.413960772564474 ], [ 18.918457031249957, 8.419394773978455 ], [ 18.919830322265582, 8.424828699112417 ], [ 18.925323486328082, 8.427545633059454 ], [ 18.929443359374954, 8.424828699112417 ], [ 18.928070068359332, 8.437054751517413 ], [ 18.937683105468707, 8.437054751517413 ], [ 18.933563232421829, 8.441130016356173 ], [ 18.939056396484329, 8.443846835686005 ], [ 18.934936523437457, 8.4479220288218 ], [ 18.940429687499957, 8.446563635892057 ], [ 18.941802978515582, 8.451997178908931 ], [ 18.944549560546832, 8.449280416968355 ], [ 18.948669433593707, 8.458789000002374 ], [ 18.952789306640582, 8.457430645359015 ], [ 18.956909179687454, 8.461505694920874 ], [ 18.955535888671832, 8.46693902726409 ], [ 18.962402343749957, 8.462864035194521 ], [ 18.966522216796829, 8.469655664676862 ], [ 18.969268798828082, 8.465580701366875 ], [ 18.969268798828082, 8.476447174280956 ], [ 18.973388671874961, 8.479163744535784 ], [ 18.972075089614172, 8.483061396518918 ] ], [ [ 18.972075089614172, 8.483061396518918 ], [ 18.977508544921832, 8.484596827435206 ], [ 18.977508544921832, 8.491388072978731 ], [ 18.983001708984329, 8.485955086153577 ], [ 18.985748291015579, 8.494104537551863 ], [ 18.992614746093707, 8.491388072978731 ], [ 18.988494873046829, 8.502253815841831 ], [ 18.995361328124957, 8.503612012048867 ], [ 18.984375, 8.509044748731672 ], [ 18.989868164062457, 8.511761088175422 ], [ 18.988494873046829, 8.515835561202206 ], [ 18.993988037109329, 8.517193709237791 ], [ 18.993988037109329, 8.513119250670275 ], [ 18.999481201171829, 8.513119250670275 ], [ 18.999481201171829, 8.519909990844468 ], [ 19.009094238281207, 8.514477408346119 ], [ 19.010467529296836, 8.522626253160183 ], [ 19.020080566406204, 8.518551852452124 ], [ 19.020080566406204, 8.523984377082066 ], [ 19.024200439453082, 8.521268124414068 ], [ 19.028320312499957, 8.525342496178968 ], [ 19.026947021484332, 8.528058719894856 ], [ 19.035186767578079, 8.528058719894856 ], [ 19.033813476562457, 8.534849194695248 ], [ 19.039306640624957, 8.53620727516547 ], [ 19.035186767578079, 8.538923421610102 ], [ 19.037933349609332, 8.542997605026313 ], [ 19.035186767578079, 8.547071744923743 ], [ 19.043426513671832, 8.553861881323035 ], [ 19.040679931640579, 8.556577901998274 ], [ 19.043426513671832, 8.56200988522826 ], [ 19.040679931640579, 8.56200988522826 ], [ 19.048919677734332, 8.574231563940277 ], [ 19.046173095703079, 8.593242282695385 ], [ 19.066772460937457, 8.616325445300273 ], [ 19.065399169921832, 8.638049487699286 ], [ 19.070892333984332, 8.640764905085122 ], [ 19.079132080078082, 8.638049487699286 ], [ 19.084625244140579, 8.647553362977797 ], [ 19.092864990234332, 8.647553362977797 ], [ 19.098358154296832, 8.658414641141615 ], [ 19.123077392578082, 8.669275605784808 ], [ 19.123077392578082, 8.673348386618663 ], [ 19.105224609374954, 8.685566464064559 ], [ 19.101104736328082, 8.700499129275803 ], [ 19.084625244140579, 8.711358875426493 ], [ 19.062652587890579, 8.714073762701158 ], [ 19.033813476562457, 8.731720049116054 ], [ 19.022827148437457, 8.743936220084111 ], [ 19.013214111328079, 8.762938356253189 ], [ 18.974761962890582, 8.77651071605232 ], [ 18.961029052734329, 8.787368246556216 ], [ 18.948669433593707, 8.810439442398438 ], [ 18.936309814453086, 8.81315360614412 ], [ 18.918457031249957, 8.806368159416261 ], [ 18.908843994140579, 8.810439442398438 ], [ 18.904724121093707, 8.818581873826888 ], [ 18.907470703124957, 8.849792863225595 ], [ 18.903350830078082, 8.85386366689511 ], [ 18.888244628906207, 8.855220591440933 ], [ 18.875885009765582, 8.844365054952485 ], [ 18.860778808593707, 8.857934425512084 ], [ 18.863525390624957, 8.863362033551656 ], [ 18.862152099609332, 8.87828754210706 ], [ 18.874511718749957, 8.882358029987753 ], [ 18.881378173828082, 8.889142076017079 ], [ 18.881378173828082, 8.89999628831805 ], [ 18.889617919921832, 8.904066534938524 ], [ 18.901977539062454, 8.89999628831805 ], [ 18.901977539062454, 8.906780007520219 ], [ 18.908843994140579, 8.910850178629984 ], [ 18.911590576171832, 8.923060419880317 ], [ 18.921203613281207, 8.916277002921328 ], [ 18.923950195312454, 8.929843710746983 ], [ 18.930816650390586, 8.928487062665488 ], [ 18.939056396484329, 8.93391362470409 ], [ 18.952789306640582, 8.932556991767026 ], [ 18.958282470703082, 8.936626875428594 ], [ 18.952789306640582, 8.956975611435915 ], [ 18.955535888671832, 8.961045222037107 ], [ 18.961029052734329, 8.961045222037107 ], [ 18.977508544921832, 8.94069671363016 ], [ 18.983001708984329, 8.943409913832427 ], [ 18.985748291015579, 8.971897294082993 ], [ 18.993988037109329, 8.975966737459126 ], [ 18.998107910156204, 8.969184306479045 ], [ 19.003601074218704, 8.97325378027975 ], [ 19.010467529296836, 8.966471298599458 ], [ 19.025573730468704, 8.980036135181715 ], [ 19.017333984374957, 8.984105487230744 ], [ 19.015960693359332, 8.989531218880437 ], [ 19.020080566406204, 8.99360046428 ], [ 19.026947021484332, 8.994956869249673 ], [ 19.037933349609332, 8.98274904162381 ], [ 19.051666259765582, 9.001738817838316 ], [ 19.051666259765582, 9.012589671033275 ], [ 19.070892333984332, 9.003095192298911 ], [ 19.072265624999954, 9.015302333420566 ], [ 19.080505371093707, 9.019371288793838 ], [ 19.087371826171829, 9.016658656973421 ], [ 19.085998535156207, 9.011233332200318 ], [ 19.116210937499957, 9.007164285153097 ], [ 19.117584228515582, 9.019371288793838 ], [ 19.123077392578082, 9.02479649127277 ], [ 19.128570556640582, 9.012589671033275 ], [ 19.134063720703082, 9.016658656973421 ], [ 19.147796630859329, 9.009876988275476 ], [ 19.158782958984329, 9.020727597059922 ], [ 19.164276123046836, 9.016658656973421 ], [ 19.171142578124957, 9.026152779146118 ], [ 19.202728271484332, 9.023440198300127 ], [ 19.198608398437457, 9.030221612162986 ], [ 19.213714599609332, 9.030221612162986 ], [ 19.219207763671832, 9.039715377255412 ], [ 19.223327636718707, 9.037002898469394 ], [ 19.219207763671832, 9.031577879631746 ], [ 19.221954345703079, 9.02750906191943 ], [ 19.231567382812454, 9.032934141997508 ], [ 19.260406494140582, 9.028865339591967 ], [ 19.263153076171829, 9.016658656973421 ], [ 19.282379150390582, 9.012589671033275 ], [ 19.291992187499957, 9.018014975431424 ], [ 19.307098388671832, 9.011233332200318 ], [ 19.315338134765579, 9.016658656973421 ], [ 19.331817626953082, 9.016658656973421 ], [ 19.334564208984332, 9.020727597059922 ], [ 19.351043701171832, 9.016658656973421 ], [ 19.362030029296832, 9.030221612162986 ], [ 19.390869140624957, 9.015302333420566 ], [ 19.399108886718707, 9.02750906191943 ], [ 19.407348632812454, 9.023440198300127 ], [ 19.418334960937457, 9.02479649127277 ], [ 19.423828124999954, 9.019371288793838 ], [ 19.436187744140582, 9.019371288793838 ], [ 19.437561035156207, 9.026152779146118 ], [ 19.443054199218707, 9.026152779146118 ], [ 19.449920654296829, 9.019371288793838 ], [ 19.444427490234329, 9.009876988275476 ], [ 19.449920654296829, 9.007164285153097 ], [ 19.463653564453082, 9.013946004773604 ], [ 19.458160400390582, 9.019371288793838 ], [ 19.460906982421829, 9.02479649127277 ], [ 19.477386474609329, 9.032934141997508 ], [ 19.482879638671829, 9.031577879631746 ], [ 19.480133056640582, 9.011233332200318 ], [ 19.489746093749957, 9.020727597059922 ], [ 19.500732421874957, 9.019371288793838 ], [ 19.497985839843707, 9.026152779146118 ], [ 19.502105712890582, 9.030221612162986 ], [ 19.506225585937454, 9.030221612162986 ], [ 19.510345458984325, 9.018014975431424 ], [ 19.515838623046832, 9.019371288793838 ], [ 19.524078369140579, 9.026152779146118 ], [ 19.522705078124957, 9.034290399259532 ], [ 19.526824951171832, 9.039715377255412 ], [ 19.536437988281207, 9.037002898469394 ], [ 19.543304443359329, 9.022083900228928 ], [ 19.546051025390579, 9.031577879631746 ], [ 19.561157226562454, 9.038359140415755 ], [ 19.570770263671829, 9.028865339591967 ], [ 19.622955322265582, 9.02479649127277 ], [ 19.640808105468704, 9.013946004773604 ], [ 19.658660888671829, 9.023440198300127 ], [ 19.683380126953082, 9.013946004773604 ], [ 19.705352783203079, 9.018014975431424 ], [ 19.721832275390579, 9.030221612162986 ], [ 19.747924804687454, 9.037002898469394 ], [ 19.765777587890582, 9.034290399259532 ], [ 19.786376953124954, 9.047852691011128 ], [ 19.811096191406204, 9.046496484827241 ], [ 19.837188720703082, 9.053277464620413 ], [ 19.848175048828079, 9.043784057126762 ], [ 19.855041503906204, 9.043784057126762 ], [ 19.872894287109329, 9.053277464620413 ], [ 19.878387451171829, 9.051921278888516 ], [ 19.883880615234332, 9.043784057126762 ], [ 19.894866943359329, 9.042427835611656 ], [ 19.903106689453079, 9.047852691011128 ], [ 19.908599853515582, 9.062770621486465 ], [ 19.937438964843704, 9.057345991124054 ], [ 19.942932128906204, 9.058702156392112 ], [ 19.948425292968707, 9.073619636402348 ], [ 19.953918457031204, 9.076331838886574 ], [ 19.963531494140582, 9.08040010415529 ], [ 19.982757568359329, 9.077687932437904 ], [ 19.992370605468704, 9.083112255354054 ], [ 20.0033569335937, 9.106164711267198 ], [ 20.010223388671829, 9.107520691827675 ], [ 20.019836425781204, 9.088536496172008 ], [ 20.029449462890579, 9.088536496172008 ], [ 20.029449462890579, 9.11158860263938 ], [ 20.039062499999954, 9.117012411664705 ], [ 20.051422119140579, 9.117012411664705 ], [ 20.062408447265579, 9.134639221716762 ], [ 20.073394775390579, 9.134639221716762 ], [ 20.087127685546829, 9.126503879169476 ], [ 20.098114013671829, 9.12785978248538 ], [ 20.100860595703079, 9.148197713142954 ], [ 20.10498046874995, 9.150909349452048 ], [ 20.113220214843704, 9.145486056167258 ], [ 20.12695312499995, 9.11836835104879 ], [ 20.142059326171825, 9.11158860263938 ], [ 20.151672363281204, 9.11294456261758 ], [ 20.169525146484325, 9.123792057073958 ], [ 20.187377929687454, 9.126503879169476 ], [ 20.196990966796829, 9.135995094088234 ], [ 20.206604003906207, 9.140062680239719 ], [ 20.231323242187454, 9.134639221716762 ], [ 20.25329589843745, 9.115656467130982 ], [ 20.269775390624954, 9.11836835104879 ], [ 20.28076171874995, 9.11430051744836 ], [ 20.298614501953079, 9.117012411664705 ], [ 20.316467285156204, 9.106164711267198 ], [ 20.328826904296829, 9.104808725563009 ], [ 20.352172851562454, 9.115656467130982 ], [ 20.365905761718704, 9.107520691827675 ], [ 20.371398925781204, 9.108876667243686 ], [ 20.411224365234329, 9.13735096129971 ], [ 20.422210693359329, 9.140062680239719 ], [ 20.43457031249995, 9.13735096129971 ], [ 20.442810058593704, 9.141418531966771 ], [ 20.455169677734329, 9.157688349769566 ], [ 20.462036132812454, 9.180735983164396 ], [ 20.4812622070312, 9.195648359544814 ], [ 20.482635498046829, 9.207848927482216 ], [ 20.515594482421832, 9.209204520155897 ], [ 20.5142211914062, 9.224115696209481 ], [ 20.499114990234325, 9.244448102340579 ], [ 20.500488281249954, 9.262068571197185 ], [ 20.496368408203079, 9.271556150059098 ], [ 20.501861572265579, 9.28104347246051 ], [ 20.518341064453075, 9.278332835101452 ], [ 20.527954101562454, 9.28104347246051 ], [ 20.529327392578079, 9.287819974161774 ], [ 20.536193847656204, 9.294596344794407 ], [ 20.536193847656204, 9.313569484495458 ], [ 20.5416870117187, 9.321700514793758 ], [ 20.562286376953079, 9.306793481345734 ], [ 20.58837890624995, 9.3108590990007 ], [ 20.603485107421829, 9.298662104222664 ], [ 20.622711181640579, 9.297306856327577 ], [ 20.646057128906204, 9.301372584266154 ], [ 20.6625366210937, 9.295951603184577 ], [ 20.6680297851562, 9.298662104222664 ], [ 20.6680297851562, 9.304083043309145 ], [ 20.661163330078079, 9.312214294376094 ], [ 20.6625366210937, 9.323055668100274 ], [ 20.6570434570312, 9.337962007022346 ], [ 20.6625366210937, 9.347447527112939 ], [ 20.677642822265579, 9.359642815950728 ], [ 20.706481933593707, 9.363707817183405 ], [ 20.713348388671829, 9.371837676959441 ], [ 20.722961425781204, 9.374547587918183 ], [ 20.738067626953079, 9.370482713546989 ], [ 20.749053955078079, 9.379967346350375 ], [ 20.760040283203079, 9.377257477717125 ], [ 20.771026611328082, 9.386741925294887 ], [ 20.771026611328082, 9.4030003743349 ], [ 20.790252685546829, 9.411129312441526 ], [ 20.801239013671825, 9.420612831956774 ], [ 20.821838378906204, 9.415193709821867 ], [ 20.831451416015579, 9.428741355694338 ], [ 20.825958251953075, 9.458544303140579 ], [ 20.835571289062454, 9.476153922371219 ], [ 20.8602905273437, 9.488344668146555 ], [ 20.868530273437454, 9.507307188624363 ], [ 20.895996093749954, 9.522205574667462 ], [ 20.92346191406245, 9.556063124810731 ], [ 20.93444824218745, 9.58179261110492 ], [ 20.953674316406204, 9.589917307087397 ], [ 20.95642089843745, 9.606166114941949 ], [ 20.974273681640575, 9.603458034423005 ], [ 20.985260009765579, 9.606166114941949 ], [ 20.9866333007812, 9.611582210984654 ], [ 20.975646972656204, 9.627829978728196 ], [ 20.9976196289062, 9.633245727691181 ], [ 20.990753173828079, 9.648138589184772 ], [ 20.998992919921825, 9.667092188303704 ], [ 20.993499755859329, 9.673861072132029 ], [ 20.993499755859329, 9.681983552785946 ], [ 21.000366210937454, 9.68875213660654 ], [ 21.001739501953075, 9.698227924591491 ], [ 21.016845703124954, 9.710410687007217 ], [ 21.0140991210937, 9.73206783650128 ], [ 21.018218994140579, 9.742895884969712 ], [ 21.042938232421829, 9.767257708818045 ], [ 21.048431396484325, 9.765904320896544 ], [ 21.062164306640575, 9.752370139173271 ], [ 21.067657470703075, 9.752370139173271 ], [ 21.08276367187495, 9.765904320896544 ], [ 21.103363037109325, 9.772671205465933 ], [ 21.114349365234325, 9.803797100134048 ], [ 21.11572265624995, 9.822741867037148 ], [ 21.129455566406204, 9.84303862807163 ], [ 21.150054931640575, 9.856569109235798 ], [ 21.1624145507812, 9.872804953782472 ], [ 21.19262695312495, 9.883628405409887 ], [ 21.202239990234325, 9.909332674647807 ], [ 21.2118530273437, 9.920154922509855 ], [ 21.218719482421829, 9.935034929529429 ], [ 21.24206542968745, 9.95261951965829 ], [ 21.255798339843704, 9.97426079198415 ], [ 21.276397705078075, 9.981023394938491 ], [ 21.2942504882812, 9.970203162825564 ], [ 21.313476562499954, 9.970203162825564 ], [ 21.335449218749954, 9.958029972336405 ], [ 21.350555419921829, 9.962087752981969 ], [ 21.372528076171829, 9.97426079198415 ], [ 21.408233642578079, 10.006720004332804 ], [ 21.41235351562495, 10.022948394510127 ], [ 21.438446044921825, 10.045937223048892 ], [ 21.43981933593745, 10.063515813179064 ], [ 21.4535522460937, 10.0865017559127 ], [ 21.454925537109325, 10.116245834693563 ], [ 21.465911865234325, 10.127061180755323 ], [ 21.474151611328079, 10.147338971518446 ], [ 21.489257812499954, 10.159505029629324 ], [ 21.50024414062495, 10.178429088614049 ], [ 21.526336669921829, 10.20681307248457 ], [ 21.540069580078075, 10.213570791008136 ], [ 21.563415527343704, 10.214922317483623 ], [ 21.5744018554687, 10.210867720825755 ], [ 21.5908813476562, 10.213570791008136 ], [ 21.603240966796825, 10.210867720825755 ], [ 21.62658691406245, 10.221679863674908 ], [ 21.638946533203075, 10.223031355670841 ], [ 21.649932861328079, 10.232491638625769 ], [ 21.67053222656245, 10.239248810981204 ], [ 21.688385009765575, 10.285193760871715 ], [ 21.715850830078075, 10.290598610169996 ], [ 21.722717285156197, 10.305461468297167 ], [ 21.713104248046825, 10.324376819199093 ], [ 21.718597412109325, 10.332483050053916 ], [ 21.724090576171829, 10.366256759561765 ], [ 21.74743652343745, 10.406780403388952 ], [ 21.739196777343704, 10.425689637204067 ], [ 21.739196777343704, 10.448649305897854 ], [ 21.71447753906245, 10.474308104240427 ], [ 21.7007446289062, 10.514817669538662 ], [ 21.702117919921829, 10.566122152661983 ], [ 21.715850830078075, 10.595820834654019 ], [ 21.715850830078075, 10.63496469651329 ], [ 21.71997070312495, 10.639013775260507 ], [ 21.765289306640575, 10.647111771479404 ], [ 21.781768798828075, 10.666006258971217 ], [ 21.8161010742187, 10.678152095697156 ], [ 21.828460693359322, 10.678152095697156 ], [ 21.844940185546829, 10.666006258971217 ], [ 21.85729980468745, 10.666006258971217 ], [ 21.872406005859329, 10.679501603153817 ], [ 21.887512207031204, 10.683550089556231 ], [ 21.89575195312495, 10.705141105125756 ], [ 21.908111572265575, 10.713237339606389 ], [ 21.95068359374995, 10.732127711422866 ], [ 21.996002197265575, 10.729429159098604 ], [ 22.006988525390575, 10.738873986831344 ], [ 22.009735107421822, 10.799583675590831 ], [ 22.026214599609329, 10.817119749037515 ], [ 22.048187255859325, 10.830608338604536 ], [ 22.063293457031204, 10.834654797047317 ], [ 22.083892822265572, 10.831957164161297 ], [ 22.100372314453079, 10.834654797047317 ], [ 22.13195800781245, 10.822515257716747 ], [ 22.149810791015575, 10.823864119711965 ], [ 22.169036865234322, 10.814421958288971 ], [ 22.18139648437495, 10.815770856696718 ], [ 22.19787597656245, 10.84139877290162 ], [ 22.199249267578075, 10.867024493996638 ], [ 22.212982177734325, 10.880510832263074 ], [ 22.229461669921825, 10.884556614796278 ], [ 22.237701416015575, 10.904784703078406 ], [ 22.2445678710937, 10.910178627704378 ], [ 22.2500610351562, 10.911527093569324 ], [ 22.270660400390575, 10.903436206633966 ], [ 22.276153564453075, 10.904784703078406 ], [ 22.2885131835937, 10.920966183278118 ], [ 22.311859130859322, 10.93175334697411 ], [ 22.322845458984325, 10.9411917934565 ], [ 22.364044189453072, 10.954674766991003 ], [ 22.3873901367187, 10.958719539333371 ], [ 22.40661621093745, 10.957371288028174 ], [ 22.4148559570312, 10.962764256386791 ], [ 22.435455322265529, 10.991075726040659 ] ], [ [ 18.972075089614172, 8.483061396518918 ], [ 18.972015380859332, 8.483238563913496 ], [ 18.967895507812461, 8.481880295589193 ], [ 18.972075089614172, 8.483061396518918 ] ], [ [ 22.435455322265529, 10.991075726040659 ], [ 22.41210937499995, 10.961416023513399 ] ], [ [ 22.465667724609322, 11.001860333561664 ], [ 22.435455322265575, 10.991075726040719 ], [ 22.435455322265529, 10.991075726040659 ] ], [ [ 22.465667724609322, 11.001860333561664 ], [ 22.435455322265572, 10.991075726040719 ], [ 22.435455322265529, 10.991075726040659 ] ], [ [ 22.495880126953075, 10.988379512541551 ], [ 22.465667724609325, 11.001860333561664 ], [ 22.465667724609322, 11.001860333561664 ] ], [ [ 22.495880126953075, 10.988379512541551 ], [ 22.465667724609322, 11.001860333561664 ] ], [ [ 22.5137329101562, 10.995120000084249 ], [ 22.495880126953075, 10.988379512541551 ] ], [ [ 22.5137329101562, 10.995120000084249 ], [ 22.5137329101562, 10.995120000084251 ], [ 22.495880126953075, 10.988379512541551 ] ], [ [ 22.5247192382812, 10.978942571323005 ], [ 22.513732910156204, 10.995120000084251 ], [ 22.5137329101562, 10.995120000084249 ] ], [ [ 22.5247192382812, 10.978942571323005 ], [ 22.5137329101562, 10.995120000084249 ] ], [ [ 22.546691894531204, 10.972201714389888 ], [ 22.5247192382812, 10.978942571323005 ] ], [ [ 22.587322446312179, 10.978849607020388 ], [ 22.582397460937447, 10.97624624700671 ], [ 22.546691894531204, 10.972201714389888 ] ], [ [ 22.587322446312179, 10.978849607020388 ], [ 22.546691894531204, 10.972201714389888 ] ], [ [ 22.58789062499995, 10.978942571323005 ], [ 22.587322446312179, 10.978849607020388 ] ], [ [ 22.877655029296825, 10.920966183278118 ], [ 22.825469970703075, 10.93175334697411 ], [ 22.78564453124995, 10.93175334697411 ], [ 22.777404785156197, 10.937146781752915 ], [ 22.767791748046822, 10.954674766991003 ], [ 22.7554321289062, 10.95332649726047 ], [ 22.719726562499947, 10.961416023513399 ], [ 22.701873779296825, 10.960067784495353 ], [ 22.682647705078072, 10.969505328558805 ], [ 22.652435302734325, 10.965460703696742 ], [ 22.613983154296822, 10.977594412241494 ], [ 22.600250244140575, 10.985683274406295 ], [ 22.587322446312179, 10.978849607020388 ] ] ] } },
{ "type": "Feature", "properties": { }, "geometry": { "type": "MultiLineString", "coordinates": [ [ [ 22.429962158203075, 12.389634967649119 ], [ 22.41210937499995, 12.405730173888635 ] ], [ [ 22.41210937499995, 12.499599017202293 ], [ 22.412452697757612, 12.500939730004154 ] ], [ [ 22.454681396484322, 12.6296180301748 ], [ 22.41210937499995, 12.641678309810434 ] ], [ [ 22.41210937499995, 14.505155836749241 ], [ 22.446441650390575, 14.485212176561316 ] ], [ [ 22.45056152343745, 14.606176068057676 ], [ 22.41210937499995, 14.592886576680193 ] ], [ [ 22.412452697757612, 12.500939730004154 ], [ 22.413482666015572, 12.502280484521666 ], [ 22.4148559570312, 12.510324719499868 ] ], [ [ 22.412452697757612, 12.500939730004154 ], [ 22.4148559570312, 12.510324719499868 ] ], [ [ 22.429962158203075, 12.389634967649119 ], [ 22.4038696289062, 12.413777404145975 ], [ 22.399749755859325, 12.424506657477536 ], [ 22.39013671874995, 12.432553307021761 ], [ 22.381896972656197, 12.42718890166393 ], [ 22.372283935546825, 12.431212216060919 ], [ 22.368164062499947, 12.441940749941717 ], [ 22.377777099609325, 12.455350793988607 ], [ 22.3873901367187, 12.460714617547046 ], [ 22.388763427734325, 12.471441931743151 ], [ 22.394256591796825, 12.478146277571966 ], [ 22.392883300781197, 12.483509629247237 ], [ 22.405242919921825, 12.491554448342425 ], [ 22.412452697757612, 12.500939730004154 ] ], [ [ 22.4148559570312, 12.510324719499868 ], [ 22.421722412109325, 12.511665400970999 ] ], [ [ 22.421722412109325, 12.511665400970999 ], [ 22.42858886718745, 12.523731220862107 ], [ 22.4588012695312, 12.618897304043992 ] ], [ [ 22.421722412109325, 12.511665400970999 ], [ 22.428588867187447, 12.523731220862107 ], [ 22.4588012695312, 12.618897304043992 ] ], [ [ 22.4258422851562, 12.350734120813978 ], [ 22.435455322265575, 12.353417123726729 ], [ 22.4258422851562, 12.372197373357924 ] ], [ [ 22.4258422851562, 12.350734120813978 ], [ 22.435455322265572, 12.353417123726729 ], [ 22.4258422851562, 12.372197373357924 ] ], [ [ 22.469787597656197, 12.242049445914887 ], [ 22.457427978515575, 12.254127737657345 ], [ 22.462921142578075, 12.260837660820448 ], [ 22.449188232421825, 12.263521582276292 ], [ 22.4533081054687, 12.27828266164372 ], [ 22.4423217773437, 12.283650121725366 ], [ 22.447814941406197, 12.301093610658047 ], [ 22.439575195312454, 12.311827489945465 ], [ 22.439575195312454, 12.321219274328319 ], [ 22.432708740234322, 12.323902579545921 ], [ 22.439575195312454, 12.32926910761279 ], [ 22.432708740234322, 12.334635525817855 ], [ 22.4313354492187, 12.344026493186922 ], [ 22.4258422851562, 12.350734120813978 ] ], [ [ 22.4258422851562, 12.372197373357924 ], [ 22.435455322265575, 12.378904278252332 ], [ 22.429962158203075, 12.389634967649119 ] ], [ [ 22.4258422851562, 12.372197373357924 ], [ 22.435455322265572, 12.378904278252332 ], [ 22.429962158203075, 12.389634967649119 ] ], [ [ 22.46154785156245, 14.3309208082241 ], [ 22.460174560546829, 14.322937322075644 ], [ 22.4368286132812, 14.312292232074213 ] ], [ [ 22.4368286132812, 14.312292232074213 ], [ 22.460174560546822, 14.322937322075644 ], [ 22.46154785156245, 14.3309208082241 ] ], [ [ 22.520599365234322, 14.243086862716858 ], [ 22.479400634765575, 14.232437996569326 ], [ 22.427215576171825, 14.288338935138389 ], [ 22.429962158203075, 14.304308083408388 ], [ 22.4368286132812, 14.312292232074213 ] ], [ [ 22.446441650390575, 14.485212176561316 ], [ 22.410736083984322, 14.505155836749241 ], [ 22.397003173828075, 14.509144353358369 ], [ 22.39013671874995, 14.502496785767855 ], [ 22.383270263671825, 14.507814855804607 ], [ 22.4038696289062, 14.570292599833374 ], [ 22.405242919921825, 14.590228582076849 ], [ 22.45056152343745, 14.606176068057676 ] ], [ [ 22.46154785156245, 14.3309208082241 ], [ 22.457427978515575, 14.358860770895163 ], [ 22.443695068359325, 14.369503649218954 ], [ 22.440948486328075, 14.418720368284692 ], [ 22.449188232421825, 14.473245119384162 ], [ 22.446441650390575, 14.485212176561316 ] ], [ [ 22.45056152343745, 14.606176068057676 ], [ 22.490386962890575, 14.626108798876807 ], [ 22.521972656249947, 14.635410120813098 ] ], [ [ 22.454681396484322, 12.6296180301748 ], [ 22.397003173828075, 12.645698276524293 ], [ 22.366790771484325, 12.659097708440314 ], [ 22.28027343749995, 12.700631471568228 ], [ 22.210235595703072, 12.743497917128849 ], [ 22.201995849609325, 12.712688391041018 ], [ 22.193756103515575, 12.697952078455634 ], [ 22.144317626953075, 12.661777510388497 ], [ 21.945190429687447, 12.616217052325123 ], [ 21.938323974609325, 12.644358294649894 ], [ 21.92871093749995, 12.65239808041515 ], [ 21.9259643554687, 12.663117400803687 ], [ 21.887512207031204, 12.687234223729757 ], [ 21.88476562499995, 12.70866948145172 ], [ 21.855926513671825, 12.728763393277324 ], [ 21.854553222656204, 12.742158450356166 ], [ 21.861419677734325, 12.760910340467465 ], [ 21.858673095703075, 12.771625082365341 ], [ 21.853179931640575, 12.776982283020764 ], [ 21.838073730468697, 12.77966084075566 ], [ 21.82983398437495, 12.797070773470619 ], [ 21.81884765624995, 12.801088279674294 ], [ 21.814727783203075, 12.809123100045481 ], [ 21.81884765624995, 12.819835795356353 ], [ 21.836700439453075, 12.827870017757268 ], [ 21.844940185546829, 12.835903983635541 ], [ 21.850433349609322, 12.849293356308936 ], [ 21.853179931640575, 12.877408715093337 ], [ 21.875152587890572, 12.918906574180394 ], [ 21.880645751953072, 12.922922130547494 ], [ 21.886138916015575, 12.956382587313163 ], [ 21.8984985351562, 12.988500396985339 ], [ 21.930084228515579, 13.017938075150152 ], [ 21.9259643554687, 13.047372256948751 ], [ 21.935577392578072, 13.066101276125391 ], [ 21.95068359374995, 13.072789867328373 ], [ 21.97265624999995, 13.071452163589415 ], [ 21.976776123046822, 13.074127563815134 ], [ 21.985015869140575, 13.094192140383681 ], [ 22.004241943359329, 13.111580118251617 ], [ 22.0083618164062, 13.119604924382559 ], [ 22.009735107421822, 13.141003126359811 ], [ 22.071533203124947, 13.145015081625989 ], [ 22.086639404296825, 13.165073873512991 ], [ 22.116851806640575, 13.163736671793078 ], [ 22.136077880859322, 13.171759772602494 ], [ 22.144317626953075, 13.182456831343801 ], [ 22.149810791015575, 13.199838554004215 ], [ 22.166290283203075, 13.211871329951423 ], [ 22.1786499023437, 13.229250958879732 ], [ 22.18139648437495, 13.24796609640279 ], [ 22.20336914062495, 13.261333170798238 ], [ 22.210235595703072, 13.273362909410881 ], [ 22.222595214843697, 13.276036103765749 ], [ 22.222595214843697, 13.28405551024446 ], [ 22.2335815429687, 13.301429981673046 ], [ 22.252807617187447, 13.306775722376059 ], [ 22.2500610351562, 13.317466849852279 ], [ 22.262420654296825, 13.32414856475854 ], [ 22.269287109374947, 13.336175186494899 ], [ 22.28027343749995, 13.340183927452774 ], [ 22.281646728515575, 13.348201209826044 ], [ 22.291259765624954, 13.354882075144696 ], [ 22.284393310546822, 13.384275684388756 ], [ 22.2665405273437, 13.405650601795006 ], [ 22.247314453124947, 13.412329873889792 ], [ 22.2390747070312, 13.421680542878269 ], [ 22.241821289062447, 13.432366575813729 ], [ 22.234954833984325, 13.449730364019821 ], [ 22.226715087890572, 13.452401604399848 ], [ 22.217102050781204, 13.468428420913288 ], [ 22.221221923828075, 13.483118726287932 ], [ 22.21435546874995, 13.512496627038223 ], [ 22.226715087890572, 13.547211297390181 ], [ 22.210235595703072, 13.551216510435076 ], [ 22.20336914062495, 13.556556689521116 ], [ 22.200622558593697, 13.565901714121043 ], [ 22.192382812499947, 13.572576506543736 ], [ 22.191009521484325, 13.58325578392574 ], [ 22.169036865234322, 13.593934580393681 ], [ 22.142944335937454, 13.628637343380886 ], [ 22.142944335937454, 13.64465228540384 ], [ 22.126464843749947, 13.660666140853877 ], [ 22.115478515624947, 13.683350573778363 ], [ 22.130584716796822, 13.706032820303554 ], [ 22.1237182617187, 13.736717079572392 ], [ 22.1127319335937, 13.74472100872508 ], [ 22.1072387695312, 13.754058580410211 ], [ 22.0962524414062, 13.756726389631703 ], [ 22.086639404296825, 13.770064979462022 ], [ 22.072906494140575, 13.776733989059567 ], [ 22.204742431640572, 13.919405039068634 ], [ 22.21435546874995, 13.92606976505621 ], [ 22.23083496093745, 13.947395596054804 ], [ 22.292633056640575, 13.976715394601756 ], [ 22.342071533203075, 14.022020463599386 ], [ 22.36267089843745, 14.026017540635381 ], [ 22.392883300781197, 14.049998539414256 ], [ 22.41210937499995, 14.049998539414256 ], [ 22.4258422851562, 14.049998539414256 ], [ 22.504119873046825, 14.109940039530501 ], [ 22.5357055664062, 14.119262858077844 ] ], [ [ 22.4588012695312, 12.618897304043992 ], [ 22.454681396484322, 12.6296180301748 ] ], [ [ 22.473907470703075, 12.238023225867856 ], [ 22.46154785156245, 12.236681138880533 ] ], [ [ 22.46154785156245, 12.236681138880533 ], [ 22.460174560546829, 12.239365306036492 ], [ 22.469787597656197, 12.242049445914887 ] ], [ [ 22.46154785156245, 12.236681138880533 ], [ 22.460174560546822, 12.239365306036492 ], [ 22.469787597656197, 12.242049445914887 ] ], [ [ 22.473907470703075, 12.046035898836859 ], [ 22.475280761718697, 12.056780095530348 ], [ 22.4807739257812, 12.063494999963554 ] ], [ [ 22.497253417968697, 12.031261926409863 ], [ 22.478027343749947, 12.033948163635889 ], [ 22.473907470703075, 12.046035898836859 ] ], [ [ 22.497253417968697, 12.031261926409863 ], [ 22.47802734374995, 12.033948163635889 ], [ 22.473907470703075, 12.046035898836859 ] ], [ [ 22.473907470703075, 12.216549016305269 ], [ 22.476654052734329, 12.225944197593368 ], [ 22.473907470703075, 12.238023225867856 ] ], [ [ 22.473907470703075, 12.216549016305269 ], [ 22.476654052734325, 12.225944197593368 ], [ 22.473907470703075, 12.238023225867856 ] ], [ [ 22.484893798828072, 12.207153501451698 ], [ 22.478027343749947, 12.209837968290255 ], [ 22.478027343749947, 12.215206820314375 ], [ 22.473907470703075, 12.216549016305269 ] ], [ [ 22.484893798828072, 12.207153501451698 ], [ 22.47802734374995, 12.209837968290255 ], [ 22.47802734374995, 12.215206820314375 ], [ 22.473907470703075, 12.216549016305269 ] ], [ [ 22.47802734374995, 12.072895583603366 ], [ 22.4862670898437, 12.072895583603366 ] ], [ [ 22.4807739257812, 12.063494999963554 ], [ 22.478027343749947, 12.072895583603366 ], [ 22.47802734374995, 12.072895583603366 ] ], [ [ 22.4807739257812, 12.063494999963554 ], [ 22.47802734374995, 12.072895583603366 ] ], [ [ 22.4862670898437, 12.080952964175106 ], [ 22.4862670898437, 12.10646640201854 ], [ 22.491760253906197, 12.110494616952174 ], [ 22.49450683593745, 12.136005232925344 ], [ 22.491760253906197, 12.15211594286702 ], [ 22.497253417968697, 12.162855874337216 ], [ 22.490386962890575, 12.170910538226291 ], [ 22.493133544921825, 12.182992076120863 ], [ 22.484893798828072, 12.196415362051871 ], [ 22.484893798828072, 12.207153501451698 ] ], [ [ 22.4862670898437, 12.072895583603366 ], [ 22.47802734374995, 12.078267197589527 ], [ 22.4862670898437, 12.080952964175106 ] ], [ [ 22.4862670898437, 12.072895583603366 ], [ 22.478027343749947, 12.078267197589527 ], [ 22.4862670898437, 12.080952964175106 ] ], [ [ 22.5576782226562, 12.052751072179332 ], [ 22.543945312499947, 12.062152032528715 ], [ 22.512359619140572, 12.037977469134562 ], [ 22.501373291015575, 12.037977469134562 ], [ 22.497253417968697, 12.031261926409863 ] ], [ [ 22.520599365234322, 14.243086862716858 ], [ 22.520599365234325, 14.243086862716858 ], [ 22.5576782226562, 14.227113375214953 ] ], [ [ 22.5576782226562, 14.227113375214953 ], [ 22.520599365234322, 14.243086862716858 ] ], [ [ 22.521972656249947, 14.635410120813098 ], [ 22.630462646484329, 14.654011581568605 ], [ 22.719726562499947, 14.68722454719679 ], [ 22.712860107421822, 14.736370473758896 ], [ 22.673034667968704, 14.84657636569132 ], [ 22.674407958984325, 14.870469041106164 ], [ 22.688140869140572, 14.883741606903154 ], [ 22.710113525390579, 14.89568621751833 ], [ 22.729339599609325, 14.898340485503221 ], [ 22.743072509765575, 14.89435907126011 ], [ 22.754058837890575, 14.900994720774971 ], [ 22.754058837890575, 14.918246452293083 ], [ 22.745819091796825, 14.951418968404429 ], [ 22.749938964843697, 14.968666650866476 ], [ 22.765045166015575, 14.979279919478238 ], [ 22.767791748046822, 14.988566098048413 ], [ 22.781524658203075, 14.991219217926483 ], [ 22.799377441406197, 15.017748606436058 ], [ 22.808990478515572, 15.021727730639354 ], [ 22.81311035156245, 15.034990942301716 ], [ 22.844696044921825, 15.046927127756566 ], [ 22.857055664062447, 15.057536509245029 ], [ 22.863922119140572, 15.078753686440161 ], [ 22.898254394531197, 15.093339268117299 ], [ 22.921600341796822, 15.092013347510024 ], [ 22.9367065429687, 15.10262048062272 ], [ 22.93945312499995, 15.11587865178157 ], [ 22.92846679687495, 15.150346017071151 ], [ 22.93395996093745, 15.158299227720896 ], [ 22.93395996093745, 15.166252139299013 ], [ 22.960052490234329, 15.17950632694 ], [ 22.979278564453075, 15.196735527225123 ], [ 22.987518310546825, 15.22191413441808 ], [ 23.005371093749947, 15.23118970476721 ], [ 23.001251220703072, 15.244439810284273 ], [ 22.984771728515572, 15.259013961876605 ], [ 22.987518310546825, 15.282860391881933 ], [ 23.005371093749947, 15.312002345705627 ], [ 23.0026245117187, 15.322598414152045 ], [ 22.991638183593697, 15.33716713155866 ], [ 22.987518310546825, 15.379543075264456 ], [ 22.993011474609325, 15.402051791032548 ], [ 22.987518310546825, 15.415291074481429 ], [ 22.953186035156197, 15.449709262398967 ], [ 22.931213378906197, 15.461621919974974 ], [ 22.918853759765575, 15.484121737015144 ], [ 22.918853759765575, 15.494709039547336 ], [ 22.92846679687495, 15.51191224933984 ], [ 22.925720214843697, 15.54631436698142 ], [ 22.9367065429687, 15.564836205125232 ], [ 22.973785400390575, 15.576742220576582 ], [ 22.997131347656197, 15.591293080633191 ], [ 23.014984130859322, 15.612456127149022 ], [ 23.034210205078072, 15.62303683152822 ], [ 23.045196533203075, 15.649486201412072 ], [ 23.075408935546822, 15.667998725762699 ], [ 23.111114501953075, 15.714272693412457 ], [ 23.126220703124947, 15.718238544734819 ], [ 23.1784057617187, 15.715594652435792 ], [ 23.207244873046825, 15.718238544734819 ], [ 23.236083984374947, 15.705018739998227 ], [ 23.255310058593697, 15.703696712339566 ], [ 23.280029296874947, 15.708984771508748 ], [ 23.304748535156197, 15.697086445411697 ], [ 23.32397460937495, 15.694442278623203 ], [ 23.396759033203075, 15.697086445411697 ], [ 23.5134887695312, 15.755249429439093 ], [ 23.5519409179687, 15.768465968950988 ], [ 23.663177490234325, 15.77507391593857 ], [ 23.723602294921822, 15.763179456408807 ], [ 23.777160644531197, 15.757892806176287 ], [ 23.892517089843697, 15.730135635115973 ], [ 23.921356201171822, 15.719560478009212 ], [ 23.954315185546822, 15.718238544734819 ], [ 23.999633789062447, 15.697086445411697 ], [ 23.999633789062447, 16.551961721972479 ], [ 23.999633789062447, 16.720385051693956 ], [ 23.999633789062447, 19.500253226982217 ] ], [ [ 22.521972656249947, 14.635410120813098 ], [ 22.58789062499995, 14.647368383896589 ] ], [ [ 22.5357055664062, 14.119262858077844 ], [ 22.575531005859325, 14.176523220962109 ], [ 22.5796508789062, 14.184511891326181 ] ], [ [ 22.5796508789062, 14.184511891326181 ], [ 22.5357055664062, 14.119262858077844 ] ], [ [ 22.553558349609325, 11.672410514863486 ], [ 22.553558349609325, 11.653581390435397 ] ], [ [ 22.553558349609325, 11.653581390435397 ], [ 22.561798095703072, 11.621299923155147 ], [ 22.561798095703235, 11.621299923154936 ] ], [ [ 22.553558349609325, 11.653581390435397 ], [ 22.561798095703075, 11.621299923155147 ], [ 22.561798095703235, 11.621299923154936 ] ], [ [ 22.586560022144301, 11.867546679836392 ], [ 22.553558349609325, 11.672410514863486 ] ], [ [ 22.586560022144301, 11.867546679836392 ], [ 22.572784423828075, 11.798801436203282 ], [ 22.553558349609325, 11.672410514863486 ] ], [ [ 22.5576782226562, 12.052751072179332 ], [ 22.583770751953079, 12.058123089867381 ], [ 22.594757080078075, 12.067523861901408 ], [ 22.6016235351562, 12.060809058367271 ], [ 22.6126098632812, 12.058123089867381 ], [ 22.620849609374954, 12.056780095530348 ], [ 22.633209228515572, 12.074238497200019 ], [ 22.6400756835937, 12.070209736214045 ], [ 22.613983154296822, 12.004398078790688 ], [ 22.586560022144301, 11.867546679836392 ] ], [ [ 22.58789062499995, 12.062152032528715 ], [ 22.583770751953072, 12.058123089867381 ], [ 22.5576782226562, 12.052751072179332 ] ], [ [ 22.5796508789062, 14.184511891326181 ], [ 22.556304931640572, 14.205813635597467 ], [ 22.5576782226562, 14.227113375214953 ] ], [ [ 22.5576782226562, 14.227113375214953 ], [ 22.556304931640579, 14.205813635597467 ], [ 22.5796508789062, 14.184511891326181 ] ], [ [ 22.561798095703235, 11.621299923154936 ], [ 22.641448974609325, 11.516359369553332 ], [ 22.6895141601562, 11.490790980367024 ], [ 22.776031494140575, 11.46252848319166 ], [ 22.787017822265572, 11.446377215051406 ], [ 22.79113769531245, 11.401956477722184 ], [ 22.931213378906197, 11.415418041941392 ], [ 22.949066162109322, 11.315787392354588 ], [ 22.971038818359325, 11.283467287604093 ], [ 22.975158691406197, 11.209386675644025 ] ], [ [ 22.561798095703235, 11.621299923154936 ], [ 22.58789062499995, 11.587669416896178 ] ], [ [ 22.58789062499995, 11.875414424662905 ], [ 22.586560022144301, 11.867546679836392 ] ], [ [ 22.9421997070312, 11.092165893501976 ], [ 22.924346923828075, 11.075993807840748 ], [ 22.907867431640575, 11.028820125023415 ], [ 22.888641357421822, 10.946585056517035 ], [ 22.877655029296825, 10.920966183278118 ] ], [ [ 22.958679199218697, 11.174360133476887 ], [ 22.946319580078075, 11.136634511248523 ], [ 22.9421997070312, 11.092165893501976 ] ], [ [ 22.958679199218697, 11.174360133476887 ], [ 22.946319580078075, 11.136634511248529 ], [ 22.9421997070312, 11.092165893501976 ] ], [ [ 22.975158691406197, 11.209386675644025 ], [ 22.958679199218697, 11.174360133476887 ] ], [ [ 22.97241210937495, 11.26461221250441 ], [ 22.975158691406197, 11.209386675644025 ] ] ] } },
{ "type": "Feature", "properties": { }, "geometry": { "type": "MultiLineString", "coordinates": [ [ [ 36.559753417968665, 14.25772823332607 ], [ 36.548767089843665, 14.265714034831841 ], [ 36.54190063476554, 14.277692206432436 ], [ 36.524047851562422, 14.36418227334171 ], [ 36.462249755859297, 14.966013251567123 ], [ 36.433410644531172, 15.167577595475654 ], [ 36.502075195312415, 15.224564339080182 ], [ 36.53366088867179, 15.229864648314514 ], [ 36.548767089843665, 15.252389472825605 ], [ 36.61056518554679, 15.4377959202409 ], [ 36.647644042968665, 15.449709262398967 ], [ 36.625671386718672, 15.489415456050803 ], [ 36.69845581054679, 15.752606018294845 ], [ 36.763000488281165, 15.808110419957954 ], [ 36.91543579101554, 16.21467458824851 ], [ 36.93191528320304, 16.234453562785493 ], [ 36.96212768554679, 16.252912145507398 ], [ 36.971740722656165, 16.264777461993152 ], [ 36.974487304687415, 16.281914986808943 ], [ 36.971740722656165, 16.293778550184282 ], [ 36.948394775390547, 16.358356454087474 ], [ 36.95663452148429, 16.425547506916697 ], [ 36.949768066406165, 16.438719502868363 ], [ 36.905822753906165, 16.486131286358852 ], [ 36.898956298828047, 16.500615906214069 ], [ 36.89620971679679, 16.517732694885645 ], [ 36.903076171874915, 16.553278101739508 ], [ 36.92092895507804, 16.599345725849354 ] ], [ [ 36.903076171874915, 16.551961721972479 ], [ 36.92092895507804, 16.599345725849354 ] ], [ [ 36.911315917968658, 16.624349243542142 ], [ 36.91268920898429, 16.641455036937714 ], [ 36.93191528320304, 16.671715392982886 ] ], [ [ 36.92092895507804, 16.605925914502059 ], [ 36.911315917968658, 16.624349243542138 ], [ 36.911315917968658, 16.624349243542142 ] ], [ [ 36.92092895507804, 16.605925914502059 ], [ 36.911315917968658, 16.624349243542142 ] ], [ [ 36.92092895507804, 16.599345725849354 ], [ 36.92092895507804, 16.605925914502059 ] ], [ [ 36.93191528320304, 16.671715392982886 ], [ 36.979980468749915, 16.705916989193028 ], [ 36.985473632812408, 16.720385051693956 ] ], [ [ 36.93191528320304, 16.671715392982886 ], [ 36.979980468749915, 16.705916989193032 ], [ 37.00881958007804, 16.78219076489982 ], [ 37.007446289062415, 16.824259753206906 ], [ 37.02255249023429, 16.850548130208534 ], [ 37.02255249023429, 16.855805367443477 ], [ 37.00881958007804, 16.870262016138206 ], [ 37.012939453124915, 16.913625322358111 ], [ 36.988220214843672, 16.937273830959597 ], [ 36.98684692382804, 16.942528651600966 ], [ 36.990966796874922, 16.95435146120391 ], [ 37.01156616210929, 16.981935124030517 ], [ 37.018432617187415, 17.004261786290328 ], [ 37.015686035156165, 17.021333321415959 ], [ 36.992340087890547, 17.052845909943741 ], [ 36.996459960937415, 17.073851349787482 ], [ 37.026672363281165, 17.077789606545341 ], [ 37.03628540039054, 17.072538579057547 ], [ 37.05276489257804, 17.055471719172221 ], [ 37.10494995117179, 17.051532991486809 ], [ 37.13516235351554, 17.021333321415959 ], [ 37.151641845703047, 17.016080707152195 ], [ 37.16262817382804, 17.017393874535834 ], [ 37.19009399414054, 17.03183810766707 ], [ 37.20382690429679, 17.033151164472855 ], [ 37.225799560546797, 17.026585788267585 ], [ 37.251892089843665, 17.025272685376759 ], [ 37.26699829101554, 17.03183810766707 ], [ 37.293090820312415, 17.054158819172418 ], [ 37.306823730468665, 17.060723226870142 ], [ 37.345275878906165, 17.056784609942518 ], [ 37.36862182617179, 17.062036080716183 ], [ 37.379608154296783, 17.056784609942518 ], [ 37.39059448242179, 17.058097491482684 ], [ 37.39608764648429, 17.054158819172418 ], [ 37.40432739257804, 17.0594103637921 ], [ 37.405700683593665, 17.073851349787482 ], [ 37.413940429687415, 17.076476863532005 ], [ 37.411193847656165, 17.086978548880499 ], [ 37.422180175781158, 17.093541801797866 ], [ 37.426300048828033, 17.101417400120948 ], [ 37.441406249999908, 17.101417400120948 ], [ 37.46200561523429, 17.122417367046609 ], [ 37.45925903320304, 17.139478094532365 ], [ 37.471618652343665, 17.149976225210246 ], [ 37.471618652343665, 17.164410185652088 ], [ 37.47848510742179, 17.169658620146031 ], [ 37.485351562499915, 17.190650872324738 ], [ 37.50595092773429, 17.201146106378371 ], [ 37.507324218749915, 17.206393500256933 ], [ 37.49771118164054, 17.211640745316931 ], [ 37.49221801757804, 17.223446502377957 ], [ 37.496337890624908, 17.227381587187672 ], [ 37.496337890624908, 17.240497931237329 ], [ 37.50045776367179, 17.24180951440729 ], [ 37.49771118164054, 17.254924833517901 ], [ 37.521057128906165, 17.265416417497526 ], [ 37.521057128906165, 17.274596063712075 ], [ 37.501831054687415, 17.292953983910028 ], [ 37.499084472656165, 17.307376779606255 ], [ 37.501831054687415, 17.316554333389455 ], [ 37.51693725585929, 17.325731428860884 ], [ 37.54165649414054, 17.328353371928973 ], [ 37.59384155273429, 17.351949174349141 ], [ 37.702331542968665, 17.367678022914319 ], [ 37.735290527343665, 17.376852561045347 ], [ 37.754516601562415, 17.392579271057727 ], [ 37.760009765624915, 17.422718351847557 ], [ 37.776489257812415, 17.434510551522859 ], [ 37.787475585937422, 17.464642709350727 ], [ 37.80807495117179, 17.477742093153925 ], [ 37.831420898437415, 17.482981582688073 ], [ 37.84378051757804, 17.475122291808304 ], [ 37.856140136718665, 17.452852458228698 ], [ 37.864379882812415, 17.447612101733974 ], [ 37.880859374999915, 17.442371594596796 ], [ 37.90695190429679, 17.443681735501659 ], [ 37.934417724609283, 17.458092664041459 ], [ 37.96875, 17.50131860739031 ], [ 38.04153442382804, 17.545843674914256 ], [ 38.062133789062408, 17.553699905094931 ], [ 38.092346191406158, 17.547153070268084 ], [ 38.09646606445304, 17.537987104123754 ], [ 38.09097290039054, 17.509176765934743 ], [ 38.092346191406158, 17.496079646210276 ], [ 38.104705810546783, 17.48167172445071 ], [ 38.11843872070304, 17.48167172445071 ], [ 38.130798339843665, 17.489530732385361 ], [ 38.137664794921797, 17.50393803134013 ], [ 38.137664794921797, 17.523582506809721 ], [ 38.130798339843665, 17.544534270099042 ], [ 38.133544921874915, 17.548462456159918 ], [ 38.158264160156165, 17.548462456159918 ], [ 38.174743652343658, 17.561555794532843 ], [ 38.180236816406165, 17.561555794532843 ], [ 38.189849853515533, 17.558937202588716 ], [ 38.20358276367179, 17.537987104123754 ], [ 38.22280883789054, 17.528820674552591 ], [ 38.248901367187408, 17.527511146795405 ], [ 38.261260986328033, 17.535368171525498 ], [ 38.270874023437415, 17.547153070268084 ], [ 38.27499389648429, 17.558937202588716 ], [ 38.273620605468658, 17.603448111283182 ], [ 38.28048706054679, 17.609992908606149 ], [ 38.345031738281165, 17.64402202787269 ], [ 38.345031738281165, 17.651873989224502 ], [ 38.36837768554679, 17.70290338604838 ], [ 38.390350341796783, 17.739530934289625 ], [ 38.388977050781158, 17.75522616321695 ], [ 38.452148437499908, 17.899034816533099 ], [ 38.581237792968658, 18.01922172776678 ] ] ] } },
{ "type": "Feature", "properties": { }, "geometry": { "type": "MultiLineString", "coordinates": [ [ [ 35.00106811523429, 11.18783238178894 ], [ 34.953002929687422, 10.949281651229686 ], [ 34.965362548828047, 10.949281651229686 ], [ 34.961242675781172, 10.93175334697411 ], [ 34.985961914062415, 10.906133193408387 ], [ 34.987335205078047, 10.889950906052485 ], [ 34.963989257812422, 10.87781361339885 ], [ 34.974975585937415, 10.864327153188544 ], [ 34.86923217773429, 10.786093691535855 ], [ 34.874725341796797, 10.760461055348564 ], [ 34.865112304687422, 10.734826239658087 ], [ 34.85275268554679, 10.726730582691074 ], [ 34.82528686523429, 10.733476978551966 ], [ 34.808807373046797, 10.729429159098604 ], [ 34.797821044921797, 10.719984036345819 ], [ 34.790954589843672, 10.691646900442016 ], [ 34.784088134765547, 10.683550089556231 ], [ 34.773101806640547, 10.687598521992127 ], [ 34.775848388671797, 10.741572454818716 ], [ 34.790954589843672, 10.756413597641936 ], [ 34.762115478515547, 10.756413597641936 ], [ 34.703063964843672, 10.821166389650969 ], [ 34.602813720703047, 10.906133193408387 ], [ 34.465484619140547, 10.814421958288971 ], [ 34.391326904296797, 10.678152095697156 ], [ 34.295196533203047, 10.585021646686414 ], [ 34.296569824218672, 10.562072109715841 ], [ 34.28421020507804, 10.537770731719222 ], [ 34.280090332031172, 10.537770731719222 ], [ 34.296569824218672, 10.479709686017609 ], [ 34.308929443359297, 10.45270083612718 ], [ 34.297943115234297, 10.398676095047733 ], [ 34.337768554687422, 10.28249130152415 ], [ 34.346008300781172, 10.244654445228306 ], [ 34.346008300781172, 10.218976862438533 ], [ 34.325408935546797, 10.135172451029314 ], [ 34.333648681640547, 10.118949705373279 ], [ 34.233398437499922, 10.048641683761284 ], [ 34.216918945312422, 9.925565912405473 ], [ 34.223785400390547, 9.886334212670965 ], [ 34.161987304687422, 9.765904320896544 ], [ 34.101562499999922, 9.556063124810731 ], [ 34.107055664062422, 9.500534980425014 ] ], [ [ 34.929656982421797, 11.247102821757299 ], [ 34.928283691406172, 11.237674247415971 ] ], [ [ 34.929656982421797, 11.247102821757299 ], [ 34.928283691406172, 11.237674247415969 ], [ 34.94338989257804, 11.239021205488093 ], [ 34.965362548828047, 11.233633335452881 ] ], [ [ 34.935150146484297, 11.249796643481853 ], [ 34.933776855468672, 11.24575590144976 ], [ 34.929656982421797, 11.247102821757299 ] ], [ [ 34.935150146484297, 11.249796643481853 ], [ 34.933776855468672, 11.245755901449762 ], [ 34.929656982421797, 11.247102821757299 ] ], [ [ 34.947509765624922, 11.255184211348881 ], [ 34.942016601562422, 11.25383732883167 ], [ 34.940643310546797, 11.249796643481853 ], [ 34.935150146484297, 11.249796643481853 ] ], [ [ 34.94613647460929, 11.26461221250441 ], [ 34.947509765624922, 11.255184211348881 ] ], [ [ 36.559753417968665, 14.25772823332607 ], [ 36.52816772460929, 14.212470019701088 ], [ 36.445770263671797, 13.956725027447346 ], [ 36.48696899414054, 13.839413364573685 ], [ 36.407318115234297, 13.651324857291048 ], [ 36.411437988281165, 13.609951872617685 ], [ 36.397705078124915, 13.567236687619133 ], [ 36.24801635742179, 13.368243250897264 ], [ 36.15463256835929, 13.024627969202358 ], [ 36.161499023437422, 13.008571920092695 ], [ 36.161499023437422, 12.995191085020426 ], [ 36.164245605468665, 12.993852961834953 ], [ 36.161499023437422, 12.983147716796543 ], [ 36.164245605468665, 12.980471333463777 ], [ 36.15188598632804, 12.957720912158331 ], [ 36.146392822265547, 12.953705916047197 ], [ 36.14364624023429, 12.933629965117291 ], [ 36.13540649414054, 12.929614580987199 ], [ 36.13265991210929, 12.922922130547494 ], [ 36.138153076171797, 12.908198108318485 ], [ 36.14913940429679, 12.890795873127779 ], [ 36.165618896484297, 12.874731197649023 ], [ 36.140899658203047, 12.704650508287868 ], [ 36.11618041992179, 12.693932935851395 ], [ 36.10794067382804, 12.693932935851395 ], [ 36.095581054687422, 12.703310836442149 ], [ 36.08047485351554, 12.723405172327483 ], [ 36.063995361328047, 12.723405172327483 ], [ 36.048889160156172, 12.716707237036992 ], [ 36.029663085937422, 12.718046838233889 ], [ 36.009063720703047, 12.724744738173909 ], [ 35.77285766601554, 12.663117400803687 ], [ 35.774230957031172, 12.671156595426403 ], [ 35.768737792968665, 12.673836270619777 ], [ 35.763244628906172, 12.668476892055551 ], [ 35.764617919921797, 12.663117400803687 ], [ 35.759124755859297, 12.664457284178685 ], [ 35.755004882812422, 12.659097708440314 ], [ 35.739898681640547, 12.65775779690871 ], [ 35.741271972656165, 12.661777510388497 ], [ 35.735778808593665, 12.661777510388497 ], [ 35.728912353515547, 12.669816747262816 ], [ 35.719299316406165, 12.672496436545625 ], [ 35.712432861328047, 12.668476892055551 ], [ 35.708312988281165, 12.673836270619777 ], [ 35.704193115234297, 12.669816747262816 ], [ 35.697326660156172, 12.672496436545625 ], [ 35.661621093749922, 12.636318255788366 ], [ 35.311431884765547, 12.047378946944477 ], [ 35.27023315429679, 11.943944636888784 ], [ 35.087585449218672, 11.806866971578714 ], [ 35.043640136718665, 11.734268627679032 ], [ 35.061492919921797, 11.692583158242099 ], [ 35.062866210937422, 11.677790030006081 ], [ 35.072479248046797, 11.668375810026806 ], [ 35.082092285156172, 11.644166349489009 ], [ 35.077972412109297, 11.535197748080055 ], [ 35.046386718749922, 11.477333001388535 ], [ 35.045013427734297, 11.420802488865768 ], [ 34.988708496093672, 11.341371555388843 ], [ 34.972229003906172, 11.296934440596289 ], [ 34.974975585937415, 11.294241060559317 ], [ 34.972229003906172, 11.286160768752568 ], [ 34.965362548828047, 11.286160768752568 ], [ 34.966735839843672, 11.28077378119203 ], [ 34.94613647460929, 11.268652689854108 ], [ 34.947509765624922, 11.255184211348881 ] ], [ [ 34.965362548828047, 11.233633335452881 ], [ 35.00106811523429, 11.18783238178894 ] ], [ [ 35.00106811523429, 11.18783238178894 ], [ 35.00106811523429, 11.187832381788944 ], [ 34.965362548828047, 11.233633335452881 ] ], [ [ 35.00106811523429, 11.18783238178894 ], [ 34.981842041015547, 11.092165893501976 ] ] ] } },
{ "type": "Feature", "properties": { }, "geometry": { "type": "MultiLineString", "coordinates": [ [ [ 36.559753417968665, 14.25772823332607 ], [ 36.566619873046797, 14.268375905786829 ], [ 36.55838012695304, 14.275030445572771 ], [ 36.555633544921797, 14.284346470897784 ], [ 36.581726074218665, 14.292331328527876 ], [ 36.589965820312415, 14.285677300182545 ], [ 36.60507202148429, 14.296323651048121 ], [ 36.614685058593665, 14.296323651048121 ], [ 36.625671386718672, 14.309630880716158 ], [ 36.633911132812422, 14.313622895926935 ], [ 36.650390624999915, 14.308300193212169 ], [ 36.664123535156165, 14.310961560337065 ], [ 36.675109863281165, 14.302977364378769 ], [ 36.694335937499915, 14.301646637469414 ], [ 36.714935302734297, 14.312292232074213 ], [ 36.73141479492179, 14.313622895926935 ], [ 36.738281249999915, 14.321606713432704 ], [ 36.743774414062415, 14.322937322075644 ], [ 36.81930541992179, 14.316284199976408 ], [ 36.82754516601554, 14.318945472480122 ], [ 36.834411621093665, 14.309630880716158 ], [ 36.834411621093665, 14.313622895926935 ], [ 36.842651367187415, 14.309630880716158 ], [ 36.85226440429679, 14.321606713432704 ], [ 36.86874389648429, 14.321606713432704 ], [ 36.87973022460929, 14.314953551894559 ], [ 36.89620971679679, 14.316284199976408 ], [ 36.900329589843665, 14.308300193212169 ], [ 36.933288574218672, 14.300315902681001 ], [ 36.945648193359297, 14.293662110576546 ], [ 36.96212768554679, 14.294992884750185 ], [ 36.971740722656165, 14.292331328527876 ], [ 36.990966796874922, 14.267044974240136 ], [ 37.01431274414054, 14.251073182667056 ], [ 37.043151855468665, 14.269706829471245 ], [ 37.065124511718665, 14.264383087562615 ], [ 37.076110839843665, 14.271037745292723 ], [ 37.08847045898429, 14.269706829471245 ], [ 37.09671020507804, 14.275030445572771 ], [ 37.09945678710929, 14.285677300182545 ], [ 37.106323242187415, 14.292331328527876 ], [ 37.109069824218672, 14.321606713432704 ], [ 37.102203369140533, 14.336242974455617 ], [ 37.13516235351554, 14.409409929573416 ], [ 37.144775390624915, 14.409409929573416 ], [ 37.158508300781165, 14.420050399210918 ], [ 37.174987792968665, 14.41606028261878 ], [ 37.185974121093665, 14.420050399210918 ], [ 37.20382690429679, 14.430690360770917 ], [ 37.20932006835929, 14.439999910084211 ], [ 37.22305297851554, 14.443989597714916 ], [ 37.229919433593665, 14.4453194776912 ], [ 37.246398925781165, 14.434680215297242 ], [ 37.29171752929679, 14.446649349716056 ], [ 37.312316894531165, 14.447979213788823 ], [ 37.31643676757804, 14.433350271733646 ], [ 37.33291625976554, 14.428030418031923 ], [ 37.339782714843665, 14.414730227880437 ], [ 37.350769042968665, 14.414730227880437 ], [ 37.34939575195304, 14.404089504332692 ], [ 37.372741699218665, 14.382806534889909 ], [ 37.372741699218665, 14.373494598039981 ], [ 37.380981445312415, 14.374824898484004 ], [ 37.383728027343665, 14.36551262917857 ], [ 37.39334106445304, 14.36551262917857 ], [ 37.389221191406165, 14.358860770895163 ], [ 37.380981445312415, 14.356199972221802 ], [ 37.380981445312415, 14.34156501434309 ], [ 37.394714355468658, 14.342895504568673 ], [ 37.40432739257804, 14.336242974455617 ], [ 37.400207519531165, 14.321606713432704 ], [ 37.402954101562415, 14.313622895926935 ], [ 37.39334106445304, 14.301646637469414 ], [ 37.405700683593665, 14.289669740808124 ], [ 37.413940429687415, 14.289669740808124 ], [ 37.426300048828033, 14.276361329935753 ], [ 37.446899414062415, 14.263052132433131 ], [ 37.446899414062415, 14.253735226495978 ], [ 37.45101928710929, 14.251073182667056 ], [ 37.468872070312408, 14.253735226495978 ], [ 37.471618652343665, 14.231106852995248 ], [ 37.466125488281165, 14.220457422094636 ], [ 37.46749877929679, 14.215132518508948 ], [ 37.474365234374915, 14.215132518508948 ], [ 37.48123168945304, 14.204482335282012 ], [ 37.496337890624908, 14.196494368982702 ], [ 37.496337890624908, 14.184511891326181 ], [ 37.50595092773429, 14.180517591324671 ], [ 37.518310546874922, 14.185843309021086 ], [ 37.52243041992179, 14.181849032477299 ], [ 37.527923583984283, 14.184511891326181 ], [ 37.911071777343665, 14.89435907126011 ], [ 37.92068481445304, 14.891704754215437 ], [ 37.92343139648429, 14.881087159090617 ], [ 37.944030761718665, 14.861177759227918 ], [ 37.94815063476554, 14.838611553384785 ], [ 37.960510253906165, 14.837284056143448 ], [ 37.966003417968658, 14.831973985706457 ], [ 37.97012329101554, 14.817370620155225 ], [ 37.96875, 14.801438552919798 ], [ 37.985229492187415, 14.809404732947852 ], [ 37.985229492187415, 14.800110827789839 ], [ 37.990722656249915, 14.792144306318697 ], [ 37.98934936523429, 14.777538257344071 ], [ 37.994842529296783, 14.774882506516231 ], [ 38.00033569335929, 14.778866120581336 ], [ 38.00308227539054, 14.766915059254103 ], [ 38.012695312499915, 14.768242987416691 ], [ 38.02230834960929, 14.761603265483593 ], [ 38.01681518554679, 14.743010965702691 ], [ 38.02780151367179, 14.737698588345124 ], [ 38.045654296874915, 14.719104247515718 ], [ 38.078613281249915, 14.713791287431876 ], [ 38.092346191406158, 14.716447783648675 ], [ 38.093719482421783, 14.711134758870628 ], [ 38.106079101562415, 14.707149905394552 ], [ 38.11019897460929, 14.697851631083818 ], [ 38.13491821289054, 14.691209764218824 ], [ 38.143157958984283, 14.676596946649619 ], [ 38.150024414062422, 14.680582357379304 ], [ 38.171997070312415, 14.680582357379304 ], [ 38.178863525390533, 14.684567695483583 ], [ 38.187103271484283, 14.679253895204678 ], [ 38.191223144531165, 14.69519490856757 ], [ 38.20632934570304, 14.689881366618737 ], [ 38.215942382812415, 14.692538153744104 ], [ 38.22006225585929, 14.68722454719679 ], [ 38.229675292968658, 14.688552960944499 ], [ 38.231048583984283, 14.692538153744104 ], [ 38.236541748046783, 14.691209764218824 ], [ 38.24752807617179, 14.680582357379304 ], [ 38.25576782226554, 14.680582357379304 ], [ 38.261260986328033, 14.673939965824587 ], [ 38.265380859374915, 14.671282952734897 ], [ 38.26950073242179, 14.655340196937122 ], [ 38.26675415039054, 14.64471104845315 ], [ 38.27499389648429, 14.639396280953321 ], [ 38.26950073242179, 14.628766359651026 ], [ 38.26950073242179, 14.618135923562667 ], [ 38.279113769531165, 14.612820512580281 ], [ 38.290100097656165, 14.61547823414522 ], [ 38.291473388671783, 14.610162758873193 ], [ 38.296966552734283, 14.607504973029279 ], [ 38.295593261718658, 14.599531422729878 ], [ 38.31344604492179, 14.590228582076849 ], [ 38.31893920898429, 14.578267209240424 ], [ 38.316192626953033, 14.568963470211909 ], [ 38.320312499999915, 14.562317701914814 ], [ 38.320312499999915, 14.553013289888886 ], [ 38.331298828124915, 14.537061956768603 ], [ 38.346405029296783, 14.529085858269829 ], [ 38.347778320312408, 14.511803324514691 ], [ 38.358764648437408, 14.515791721361182 ], [ 38.367004394531165, 14.490530661410469 ], [ 38.37661743164054, 14.485212176561316 ], [ 38.383483886718665, 14.487871434931527 ], [ 38.388977050781158, 14.483882535418646 ], [ 38.39859008789054, 14.487871434931527 ], [ 38.401336669921783, 14.469255956922645 ], [ 38.424682617187408, 14.469255956922645 ], [ 38.42330932617179, 14.462607193559803 ], [ 38.432922363281158, 14.434680215297242 ], [ 38.446655273437415, 14.429360393373116 ], [ 38.446655273437415, 14.418720368284692 ], [ 38.45077514648429, 14.414730227880437 ], [ 38.457641601562415, 14.41340016520606 ], [ 38.471374511718665, 14.417390329420424 ], [ 38.476867675781158, 14.414730227880437 ], [ 38.485107421874915, 14.424040444354656 ], [ 38.49746704101554, 14.414730227880437 ], [ 38.512573242187415, 14.417390329420424 ], [ 38.520812988281165, 14.406749732817083 ], [ 38.526306152343658, 14.417390329420424 ], [ 38.549652099609283, 14.428030418031923 ], [ 38.570251464843658, 14.430690360770917 ], [ 38.572998046874908, 14.436010150914766 ], [ 38.603210449218658, 14.443989597714916 ], [ 38.612823486328033, 14.442659709787875 ], [ 38.62106323242179, 14.436010150914766 ], [ 38.63204956054679, 14.4453194776912 ], [ 38.647155761718665, 14.442659709787875 ], [ 38.656768798828033, 14.449309069908828 ], [ 38.666381835937408, 14.447979213788823 ], [ 38.669128417968665, 14.455958231194002 ], [ 38.678741455078033, 14.455958231194002 ], [ 38.680114746093658, 14.459947632489158 ], [ 38.700714111328033, 14.465266722789975 ], [ 38.704833984374908, 14.470585685707501 ], [ 38.721313476562408, 14.462607193559803 ], [ 38.72543334960929, 14.465266722789975 ], [ 38.732299804687415, 14.461277417004206 ], [ 38.754272460937422, 14.466596475463213 ], [ 38.75564575195304, 14.471915406528232 ], [ 38.76937866210929, 14.467926220174325 ], [ 38.773498535156158, 14.473245119384162 ], [ 38.79684448242179, 14.466596475463213 ], [ 38.809204101562415, 14.475904521198954 ], [ 38.820190429687415, 14.478563891146532 ], [ 38.817443847656165, 14.483882535418646 ], [ 38.820190429687415, 14.487871434931527 ], [ 38.827056884765533, 14.485212176561316 ], [ 38.84078979492179, 14.490530661410469 ], [ 38.850402832031158, 14.499837702865801 ], [ 38.87374877929679, 14.497178588048413 ], [ 38.875122070312415, 14.501167248306579 ], [ 38.88473510742179, 14.499837702865801 ], [ 38.899841308593658, 14.503826315248961 ], [ 38.913574218749908, 14.514462263731646 ], [ 38.91769409179679, 14.523768299391268 ], [ 38.92593383789054, 14.527756480538805 ], [ 38.924560546874915, 14.53440328925201 ], [ 38.92868041992179, 14.538391278530941 ], [ 38.941040039062415, 14.539720592295083 ], [ 38.952026367187408, 14.53440328925201 ], [ 38.960266113281165, 14.542379195826109 ], [ 38.975372314453033, 14.543708485591662 ], [ 38.997344970703033, 14.568963470211909 ], [ 39.005584716796783, 14.583583455156491 ], [ 39.005584716796783, 14.59155758339096 ], [ 39.016571044921783, 14.595544539181359 ], [ 39.019317626953033, 14.610162758873193 ], [ 39.01382446289054, 14.622122397400648 ], [ 39.02206420898429, 14.632752640484194 ], [ 39.024810791015533, 14.631423888251113 ], [ 39.034423828124915, 14.639396280953321 ], [ 39.042663574218665, 14.634081384671745 ], [ 39.053649902343665, 14.640724984903233 ], [ 39.081115722656158, 14.636738848907589 ], [ 39.083862304687408, 14.640724984903233 ], [ 39.090728759765533, 14.635410120813098 ], [ 39.097595214843665, 14.635410120813098 ], [ 39.116821289062415, 14.646039720200967 ], [ 39.129180908203033, 14.640724984903233 ], [ 39.138793945312415, 14.650025687128618 ], [ 39.153900146484283, 14.652682958143904 ], [ 39.169006347656151, 14.648697039539369 ], [ 39.158020019531165, 14.634081384671745 ], [ 39.158020019531165, 14.608833869968004 ], [ 39.17587280273429, 14.59155758339096 ], [ 39.178619384765533, 14.584912496584984 ], [ 39.204711914062408, 14.564976033268943 ], [ 39.240417480468658, 14.563646871597319 ], [ 39.243164062499915, 14.555671733362558 ], [ 39.240417480468658, 14.545037767356346 ], [ 39.248657226562415, 14.542379195826109 ], [ 39.245910644531165, 14.535732627008738 ], [ 39.250030517578033, 14.53440328925201 ], [ 39.252777099609283, 14.522438889692831 ], [ 39.258270263671783, 14.521109472004198 ], [ 39.265136718749915, 14.502496785767855 ], [ 39.263763427734283, 14.490530661410469 ], [ 39.26651000976554, 14.485212176561316 ], [ 39.256896972656165, 14.481223229221543 ], [ 39.23355102539054, 14.451968758287871 ], [ 39.228057861328033, 14.450638918075402 ], [ 39.237670898437415, 14.434680215297242 ], [ 39.243164062499915, 14.414730227880437 ], [ 39.248657226562415, 14.41606028261878 ], [ 39.251403808593658, 14.410740016051875 ], [ 39.26651000976554, 14.41340016520606 ], [ 39.273376464843658, 14.437340078585551 ], [ 39.300842285156158, 14.469255956922645 ] ], [ [ 39.287109374999915, 14.453298590545577 ], [ 39.300842285156158, 14.469255956922645 ] ], [ [ 39.300842285156158, 14.469255956922645 ], [ 39.325561523437408, 14.470585685707501 ], [ 39.346160888671783, 14.466596475463213 ], [ 39.328308105468665, 14.494519441321051 ], [ 39.353027343749915, 14.482552886305166 ] ], [ [ 39.353027343749915, 14.482552886305166 ], [ 39.35989379882804, 14.483882535418646 ], [ 39.357147216796783, 14.495849018673145 ] ], [ [ 39.353027343749915, 14.482552886305166 ], [ 39.359893798828026, 14.483882535418646 ], [ 39.357147216796783, 14.495849018673145 ] ], [ [ 39.355773925781158, 14.509144353358369 ], [ 39.35989379882804, 14.515791721361182 ], [ 39.358520507812408, 14.527756480538805 ] ], [ [ 39.355773925781158, 14.509144353358369 ], [ 39.359893798828026, 14.515791721361182 ], [ 39.358520507812408, 14.527756480538805 ] ], [ [ 39.357147216796783, 14.495849018673145 ], [ 39.366760253906165, 14.495849018673145 ], [ 39.355773925781158, 14.509144353358369 ] ], [ [ 39.358520507812408, 14.527756480538805 ], [ 39.361267089843665, 14.533073943499085 ], [ 39.368133544921783, 14.526427094814924 ], [ 39.37362670898429, 14.539720592295083 ], [ 39.383239746093658, 14.541049898060363 ], [ 39.388732910156158, 14.537061956768603 ], [ 39.395599365234283, 14.543708485591662 ], [ 39.40383911132804, 14.537061956768603 ], [ 39.406585693359283, 14.526427094814924 ] ], [ [ 39.406585693359283, 14.526427094814924 ], [ 39.424438476562408, 14.515791721361182 ], [ 39.424438476562415, 14.515791721361182 ] ], [ [ 39.406585693359283, 14.526427094814924 ], [ 39.424438476562415, 14.515791721361182 ] ], [ [ 39.424438476562415, 14.515791721361182 ], [ 39.434051513671776, 14.515791721361182 ] ], [ [ 39.434051513671776, 14.515791721361182 ], [ 39.43405151367179, 14.515791721361182 ], [ 39.44778442382804, 14.505155836749241 ] ], [ [ 39.434051513671776, 14.515791721361182 ], [ 39.44778442382804, 14.505155836749241 ] ], [ [ 39.44778442382804, 14.505155836749241 ], [ 39.46701049804679, 14.50648535026801 ], [ 39.475250244140533, 14.499837702865801 ], [ 39.491729736328033, 14.503826315248961 ], [ 39.495849609374908, 14.483882535418646 ], [ 39.51095581054679, 14.487871434931527 ], [ 39.516448974609283, 14.483882535418646 ], [ 39.526062011718665, 14.485212176561316 ], [ 39.53018188476554, 14.491860262689039 ], [ 39.538421630859283, 14.491860262689039 ], [ 39.539794921874908, 14.501167248306579 ], [ 39.531555175781165, 14.50648535026801 ], [ 39.528808593749908, 14.503826315248961 ], [ 39.516448974609283, 14.507814855804607 ], [ 39.506835937499908, 14.521109472004198 ] ], [ [ 39.44778442382804, 14.505155836749241 ], [ 39.462890624999908, 14.50648535026801 ] ], [ [ 39.524688720703033, 14.564976033268943 ], [ 39.528808593749908, 14.56630518692903 ], [ 39.53292846679679, 14.583583455156491 ], [ 39.54116821289054, 14.58889957273853 ], [ 39.554901123046783, 14.58889957273853 ], [ 39.560394287109283, 14.598202469575027 ], [ 39.570007324218658, 14.598202469575027 ], [ 39.586486816406158, 14.608833869968004 ], [ 39.589233398437408, 14.604847155053864 ], [ 39.59335327148429, 14.607504973029279 ], [ 39.59335327148429, 14.603518234018512 ], [ 39.609832763671783, 14.604847155053864 ], [ 39.60708618164054, 14.602189304952288 ], [ 39.612579345703033, 14.602189304952288 ], [ 39.613952636718658, 14.596873508391965 ], [ 39.61807250976554, 14.600860367855855 ], [ 39.623565673828033, 14.598202469575027 ], [ 39.62631225585929, 14.603518234018512 ], [ 39.630432128906165, 14.599531422729878 ], [ 39.63180541992179, 14.603518234018512 ], [ 39.634552001953033, 14.600860367855855 ], [ 39.642791748046783, 14.604847155053864 ], [ 39.645538330078033, 14.598202469575027 ], [ 39.655151367187408, 14.596873508391965 ], [ 39.657897949218665, 14.59155758339096 ], [ 39.666137695312408, 14.592886576680193 ], [ 39.668884277343665, 14.598202469575027 ], [ 39.675750732421783, 14.58889957273853 ], [ 39.679870605468665, 14.59421556194388 ], [ 39.686737060546783, 14.592886576680193 ], [ 39.688110351562408, 14.583583455156491 ], [ 39.699096679687401, 14.575609038170464 ], [ 39.701843261718665, 14.56630518692903 ], [ 39.712829589843665, 14.555671733362558 ], [ 39.718322753906158, 14.557000943089418 ], [ 39.733428955078033, 14.550354814393069 ], [ 39.770507812499908, 14.545037767356346 ], [ 39.770507812499908, 14.535732627008738 ], [ 39.776000976562415, 14.535732627008738 ], [ 39.788360595703033, 14.518450612659054 ], [ 39.786987304687415, 14.514462263731646 ], [ 39.79660034179679, 14.510473842928617 ], [ 39.793853759765533, 14.503826315248961 ], [ 39.804840087890533, 14.503826315248961 ], [ 39.814453124999908, 14.486541809732497 ], [ 39.821319580078033, 14.483882535418646 ], [ 39.83779907226554, 14.490530661410469 ], [ 39.87350463867179, 14.467926220174325 ], [ 39.90371704101554, 14.434680215297242 ], [ 39.929809570312408, 14.414730227880437 ], [ 39.946289062499915, 14.414730227880437 ], [ 39.973754882812408, 14.429360393373116 ], [ 39.973754882812408, 14.438669998308919 ], [ 39.981994628906158, 14.443989597714916 ], [ 39.98886108398429, 14.454628414847841 ], [ 40.00808715820304, 14.447979213788823 ], [ 40.014953613281158, 14.473245119384162 ], [ 40.020446777343665, 14.474574824274626 ], [ 40.023193359374908, 14.471915406528232 ], [ 40.030059814453033, 14.475904521198954 ], [ 40.034179687499908, 14.486541809732497 ], [ 40.046539306640533, 14.494519441321051 ], [ 40.036926269531158, 14.502496785767855 ], [ 40.038299560546783, 14.507814855804607 ], [ 40.054779052734283, 14.526427094814924 ], [ 40.068511962890533, 14.53440328925201 ], [ 40.069885253906158, 14.541049898060363 ], [ 40.084991455078033, 14.542379195826109 ], [ 40.091857910156158, 14.547696306880443 ], [ 40.133056640624908, 14.546367041119492 ], [ 40.141296386718658, 14.538391278530941 ], [ 40.14816284179679, 14.539720592295083 ], [ 40.212707519531165, 14.386797246182422 ], [ 40.259399414062408, 14.410740016051875 ], [ 40.365142822265533, 14.366842977104174 ], [ 40.373382568359283, 14.35486956102495 ], [ 40.451660156249908, 14.306969497825763 ], [ 40.572509765624908, 14.269706829471245 ], [ 40.810089111328033, 14.17252878025667 ], [ 40.873260498046783, 14.135243944894604 ], [ 40.943298339843651, 14.080637271223864 ], [ 40.995483398437408, 14.01669091922745 ], [ 41.07376098632804, 13.887411681242352 ], [ 41.116333007812415, 13.827412236077237 ], [ 41.171264648437408, 13.728712877085746 ], [ 41.195983886718651, 13.702030229937767 ], [ 41.250915527343651, 13.609951872617685 ], [ 41.308593749999908, 13.579251111245844 ], [ 41.403350830078033, 13.500478831968431 ], [ 41.448669433593658, 13.488460431671285 ], [ 41.502227783203033, 13.445723447606833 ], [ 41.642303466796783, 13.385611672348771 ], [ 41.668395996093658, 13.32414856475854 ], [ 41.721954345703033, 13.273362909410881 ], [ 41.738433837890526, 13.237271908200556 ], [ 41.809844970703033, 13.166411067933151 ], [ 41.885375976562408, 13.080815937441816 ], [ 41.929321289062401, 13.011248000500501 ], [ 41.966400146484283, 12.922922130547494 ], [ 42.029571533203033, 12.868037278927348 ], [ 42.057037353515533, 12.801088279674294 ], [ 42.132568359374901, 12.776982283020764 ], [ 42.219085693359276, 12.762249708030263 ], [ 42.278137207031158, 12.634978224715418 ], [ 42.404479980468651, 12.468760144823191 ] ] ] } },
{ "type": "Feature", "properties": { }, "geometry": { "type": "MultiLineString", "coordinates": [ [ [ 41.804351806640526, 11.26461221250441 ], [ 41.804351806640526, 11.092165893501976 ] ], [ [ 42.404479980468651, 12.468760144823191 ], [ 42.385253906249901, 12.432553307021761 ], [ 42.337188720703026, 12.372197373357924 ], [ 42.316589355468658, 12.30511886679747 ], [ 42.309722900390533, 12.294384713402041 ], [ 42.257537841796783, 12.255469735946987 ], [ 42.219085693359276, 12.203126750176532 ], [ 42.183380126953026, 12.14540326552874 ], [ 42.160034179687408, 12.117208173460021 ], [ 42.146301269531165, 12.076924304193806 ], [ 42.143554687499901, 12.075581404063735 ], [ 42.139434814453026, 12.080952964175106 ], [ 42.094116210937408, 12.008427826827262 ], [ 42.066650390624908, 11.980218325634876 ], [ 42.039184570312401, 11.931852326960556 ], [ 41.955413818359283, 11.812243863321958 ], [ 41.900482177734276, 11.793424280845333 ], [ 41.896362304687408, 11.789391345177551 ], [ 41.894989013671783, 11.755781245611391 ], [ 41.886749267578026, 11.749058732924883 ], [ 41.835937499999901, 11.732924033316985 ], [ 41.80709838867179, 11.654926370243722 ], [ 41.80709838867179, 11.636096060619954 ], [ 41.801605224609283, 11.623990188446685 ], [ 41.804351806640526, 11.571525335333 ], [ 41.786499023437408, 11.54596196840571 ], [ 41.771392822265533, 11.493482499076913 ], [ 41.794738769531165, 11.397917884039312 ], [ 41.80709838867179, 11.318480569894286 ], [ 41.804351806640526, 11.290200943093552 ], [ 41.804351806640526, 11.26461221250441 ] ], [ [ 41.804351806640526, 11.26461221250441 ], [ 41.802978515624908, 11.005904459659432 ], [ 41.793365478515526, 10.989727622371007 ], [ 41.794738769531165, 10.978942571323005 ], [ 41.818084716796783, 10.962764256386791 ], [ 41.834564208984283, 10.962764256386791 ], [ 41.916961669921776, 10.938495125120118 ], [ 41.941680908203026, 10.938495125120118 ], [ 41.940307617187401, 10.925011415607063 ], [ 41.947174072265533, 10.915572454452953 ], [ 41.965026855468658, 10.915572454452953 ], [ 41.971893310546776, 10.927708206534655 ], [ 41.991119384765526, 10.923663010955035 ], [ 42.068023681640533, 10.925011415607063 ], [ 42.072143554687415, 10.927708206534655 ], [ 42.073516845703033, 10.949281651229686 ], [ 42.077636718749901, 10.954674766991003 ], [ 42.103729248046783, 10.957371288028174 ], [ 42.109222412109276, 10.970853524549188 ], [ 42.131195068359276, 10.972201714389888 ], [ 42.144927978515526, 10.981638871023328 ], [ 42.147674560546783, 10.980290724250521 ], [ 42.143554687499901, 10.974898075619368 ], [ 42.146301269531165, 10.970853524549188 ], [ 42.164154052734276, 10.974898075619368 ], [ 42.190246582031158, 10.973549898080186 ], [ 42.198486328124908, 10.964112483114812 ], [ 42.268524169921776, 10.970853524549188 ], [ 42.280883789062401, 10.978942571323005 ], [ 42.283630371093658, 10.984335146101934 ], [ 42.313842773437408, 10.992423823549979 ], [ 42.333068847656158, 10.988379512541551 ], [ 42.337188720703026, 10.997816151968077 ], [ 42.349548339843658, 11.001860333561664 ], [ 42.355041503906151, 10.997816151968077 ], [ 42.367401123046776, 10.997816151968077 ], [ 42.420959472656151, 10.981638871023328 ], [ 42.506103515624901, 11.03960334970707 ], [ 42.603607177734283, 11.070602913977783 ], [ 42.610473632812408, 11.084079962450822 ], [ 42.628326416015533, 11.096208775144564 ] ], [ [ 42.624206542968658, 11.092165893501976 ], [ 42.628326416015533, 11.096208775144564 ] ], [ [ 42.628326416015533, 11.096208775144564 ], [ 42.640521196451758, 11.092219812911985 ] ], [ [ 42.628326416015533, 11.096208775144564 ], [ 42.639312744140526, 11.0935135269314 ], [ 42.640521196451758, 11.092219812911985 ] ], [ [ 42.640521196451758, 11.092219812911985 ], [ 42.654418945312401, 11.07734151579411 ], [ 42.664031982421776, 11.078689217541092 ], [ 42.688751220703033, 11.055777444261757 ], [ 42.729949951171776, 11.069255175003249 ], [ 42.739562988281151, 11.066559678448657 ], [ 42.745056152343658, 11.069255175003249 ], [ 42.746429443359283, 11.078689217541092 ], [ 42.753295898437408, 11.080036913080967 ], [ 42.760162353515526, 11.073298373317732 ], [ 42.761535644531151, 11.062516387113703 ], [ 42.771148681640526, 11.057125245224835 ], [ 42.773895263671783, 11.046342664102925 ], [ 42.783508300781151, 11.032863880653711 ], [ 42.786254882812401, 11.01938447893331 ], [ 42.783508300781151, 11.005904459659432 ], [ 42.791748046874901, 10.987031396553075 ], [ 42.857666015624901, 10.981638871023328 ], [ 42.867279052734276, 10.969505328558805 ], [ 42.878265380859276, 10.973549898080186 ], [ 42.891998291015533, 10.969505328558805 ], [ 42.919464111328026, 10.978942571323005 ], [ 42.962036132812401, 10.984335146101934 ] ], [ [ 42.640521196451758, 11.092219812911985 ], [ 42.640686035156158, 11.092165893501976 ] ] ] } },
{ "type": "Feature", "properties": { }, "geometry": { "type": "MultiLineString", "coordinates": [ [ [ 43.055591805880958, 11.134680977482901 ], [ 42.962036132812401, 10.984335146101934 ] ], [ [ 43.055591805880958, 11.134680977482901 ], [ 43.029327392578033, 11.092165893501976 ] ], [ [ 43.136444091796783, 11.26461221250441 ], [ 43.055591805880958, 11.134680977482901 ] ], [ [ 43.257293701171783, 11.461182579422202 ], [ 43.055591805880958, 11.134680977482901 ] ] ] } },
{ "type": "Feature", "properties": { }, "geometry": { "type": "MultiLineString", "coordinates": [ [ [ 44.932708740234276, 4.926778627933795 ], [ 44.932708740234268, 4.926778627933795 ], [ 44.901123046874901, 4.922673964053035 ], [ 44.729461669921783, 4.929515056440075 ], [ 44.677276611328018, 4.924042188161768 ], [ 44.625091552734283, 4.93225147367441 ], [ 44.589385986328026, 4.93225147367441 ], [ 44.589385986328026, 4.925410409455613 ], [ 44.549560546874893, 4.925410409455613 ], [ 44.384765624999893, 4.940460657683809 ], [ 44.202117919921776, 4.941828845138593 ], [ 44.154052734374901, 4.950037910516135 ], [ 44.078521728515526, 4.940460657683809 ], [ 44.031829833984276, 4.943197029768421 ], [ 43.809356689453026, 4.90215026516211 ], [ 43.790130615234276, 4.888467448761474 ], [ 43.755798339843658, 4.887099151737504 ], [ 43.581390380859276, 4.841943787162359 ], [ 43.570404052734268, 4.835101801571317 ], [ 43.552551269531158, 4.835101801571317 ], [ 43.434448242187401, 4.794048440036234 ], [ 43.231201171874908, 4.695510346231899 ], [ 43.078765869140526, 4.602433803340707 ], [ 43.034820556640533, 4.558628850089681 ], [ 43.025207519531151, 4.540832323601969 ], [ 43.007354736328033, 4.4682727287446 ], [ 42.989501953124901, 4.435413184507563 ], [ 42.952423095703026, 4.380644034217667 ], [ 42.924957275390533, 4.347780615618067 ], [ 42.883758544921776, 4.306699328215615 ], [ 42.848052978515533, 4.279310569568281 ], [ 42.824707031249901, 4.266985308174456 ], [ 42.735443115234276, 4.264246334313087 ], [ 42.702484130859283, 4.260137855217608 ], [ 42.587127685546783, 4.216312716917616 ], [ 42.554168701171783, 4.206725637589237 ], [ 42.525329589843651, 4.202616853169605 ], [ 42.474517822265526, 4.202616853169605 ], [ 42.401733398437408, 4.193029605360739 ], [ 42.194366455078026, 4.179333333107453 ], [ 42.087249755859283, 4.179333333107453 ], [ 42.062530517578033, 4.162897490666855 ], [ 42.000732421874908, 4.093041348071983 ], [ 41.978759765624908, 4.095780920145408 ], [ 41.974639892578033, 4.080713157832956 ], [ 41.966400146484283, 4.079343347225146 ], [ 41.945800781249908, 4.05605621017876 ], [ 41.948547363281151, 4.0286587193699 ], [ 41.943054199218651, 4.016329547097023 ], [ 41.922454833984283, 3.995780512963025 ], [ 41.914215087890533, 3.995780512963025 ], [ 41.907348632812408, 3.982080870700519 ] ], [ [ 42.962036132812401, 10.984335146101934 ], [ 42.930450439453026, 10.946585056517035 ], [ 42.854919433593651, 10.837352405625191 ], [ 42.765655517578033, 10.721333357649289 ], [ 42.718963623046776, 10.647111771479404 ], [ 42.709350585937408, 10.622817137954664 ], [ 42.709350585937408, 10.578271961018379 ], [ 42.720336914062408, 10.533720315515506 ], [ 42.723083496093658, 10.528319677756047 ], [ 42.740936279296776, 10.520218543737014 ], [ 42.747802734374901, 10.512117197001162 ], [ 42.762908935546783, 10.456752313503271 ], [ 42.791748046874901, 10.404078990659198 ], [ 42.805480957031158, 10.351396775322172 ], [ 42.832946777343651, 10.278437569146117 ], [ 42.860412597656151, 10.228437266155918 ], [ 42.887878417968651, 10.189242332922705 ], [ 42.970275878906151, 10.102726139914612 ], [ 42.973022460937401, 10.093262015308449 ], [ 42.997741699218658, 10.083797612420236 ], [ 43.025207519531151, 10.051346121853038 ], [ 43.036193847656151, 10.033766870069227 ], [ 43.085632324218658, 9.907979868547665 ], [ 43.115844726562408, 9.88903999766203 ], [ 43.129577636718651, 9.886334212670965 ], [ 43.137817382812401, 9.886334212670965 ], [ 43.144683837890526, 9.893098633379552 ], [ 43.144683837890526, 9.898510069669932 ], [ 43.150177001953026, 9.899862914809145 ], [ 43.257293701171783, 9.84303862807163 ], [ 43.298492431640526, 9.606166114941949 ], [ 43.330078124999901, 9.602103986041701 ], [ 43.400115966796776, 9.552000396390477 ], [ 43.405609130859283, 9.545229074638888 ], [ 43.413848876953026, 9.512724858670213 ], [ 43.431701660156151, 9.472090244206196 ], [ 43.438568115234276, 9.447707166088048 ], [ 43.463287353515526, 9.415193709821867 ], [ 43.515472412109268, 9.381322272728021 ], [ 43.563537597656151, 9.370482713546989 ], [ 43.599243164062401, 9.35828780497517 ], [ 43.643188476562401, 9.356932788718513 ], [ 43.840942382812401, 9.157688349769566 ], [ 43.869781494140526, 9.123792057073958 ], [ 43.880767822265533, 9.117012411664705 ], [ 43.915100097656151, 9.079044020861057 ], [ 43.998870849609276, 8.999026053657767 ], [ 44.380645751953026, 8.875573858422678 ], [ 45.023512202600834, 8.660904755830913 ] ], [ [ 44.932708740234276, 4.926778627933795 ], [ 44.912109374999901, 4.924042188161768 ] ], [ [ 44.912109374999901, 8.697784143504894 ], [ 45.023512202600834, 8.660904755830913 ] ], [ [ 44.998626708984276, 4.945933390550115 ], [ 44.978027343749901, 4.924042188161768 ], [ 44.932708740234276, 4.926778627933795 ] ], [ [ 45.583648681640526, 5.703447982149494 ], [ 45.410614013671776, 5.536711886793105 ], [ 44.998626708984276, 4.945933390550115 ] ], [ [ 45.087890624999893, 5.07452948349654 ], [ 44.998626708984276, 4.945933390550115 ] ], [ [ 45.023512202600834, 8.660904755830913 ], [ 45.087890624999893, 8.639407198836372 ] ], [ [ 45.023512202600834, 8.660904755830913 ], [ 46.249694824218643, 8.25498270487785 ], [ 46.992645263671768, 8.002117033082142 ], [ 47.982788085937393, 7.999397185649994 ], [ 47.557067871093643, 7.561269314400274 ], [ 47.337341308593643, 7.382895924568778 ], [ 46.873168945312393, 6.90734070227607 ], [ 46.510620117187393, 6.520001226862814 ], [ 45.848693847656151, 5.958924360849769 ], [ 45.405120849609276, 5.528510525692783 ] ] ] } },
{ "type": "Feature", "properties": { }, "geometry": { "type": "MultiLineString", "coordinates": [ [ [ 40.994110107421783, 0.087890590530825 ], [ 40.994110107421783, -0.087890590530825 ] ], [ [ 41.907348632812408, 3.982080870700519 ], [ 41.857910156249908, 3.919059591324585 ], [ 41.859283447265533, 3.910839072696483 ], [ 41.575012207031158, 3.524386660147947 ], [ 41.309967041015533, 3.139144874504173 ], [ 40.988616943359283, 2.827830734849997 ], [ 40.994110107421783, -0.087890590530825 ] ], [ [ 40.994110107421783, -0.087890590530825 ], [ 40.994110107421783, -0.833558240595369 ], [ 41.558532714843651, -1.598303410509457 ], [ 41.559906005859276, -1.661449236127325 ] ] ] } },
{ "type": "Feature", "properties": { }, "geometry": { "type": "MultiLineString", "coordinates": [ [ [ 30.849609374999929, 3.501084575316727 ], [ 30.848236083984307, 3.487377195492666 ], [ 30.868835449218679, 3.477781910658152 ], [ 30.878448486328057, 3.481894187561075 ], [ 30.878448486328057, 3.48874794248125 ], [ 30.897674560546804, 3.502455302277252 ], [ 30.903167724609307, 3.501084575316727 ], [ 30.918273925781182, 3.506567471113073 ], [ 30.941619873046807, 3.505196750176207 ], [ 30.938873291015557, 3.49560164741921 ], [ 30.942993164062429, 3.480523430587772 ], [ 30.938873291015557, 3.470928075969665 ], [ 30.944366455078061, 3.465444972409903 ], [ 30.9375, 3.459961837074144 ], [ 30.936126708984311, 3.443512240911209 ], [ 30.938873291015557, 3.438028978971795 ], [ 30.936126708984311, 3.431174857220203 ], [ 30.940246582031179, 3.421579004198775 ], [ 30.936126708984311, 3.402387010159881 ], [ 30.930633544921807, 3.394161752730351 ], [ 30.918273925781182, 3.387307318035009 ], [ 30.916900634765561, 3.372227390996932 ], [ 30.886688232421807, 3.340695879950125 ], [ 30.892181396484304, 3.31464734551839 ], [ 30.885314941406179, 3.316018338161509 ], [ 30.874328613281186, 3.30367933604008 ], [ 30.875701904296807, 3.295453249373387 ], [ 30.866088867187429, 3.28585606232365 ], [ 30.870208740234304, 3.280371913982904 ], [ 30.841369628906182, 3.269403527091614 ], [ 30.835876464843682, 3.251579642749274 ], [ 30.841369628906182, 3.240610941854664 ], [ 30.829010009765557, 3.226899898588587 ], [ 30.826263427734304, 3.217302058187126 ], [ 30.830383300781186, 3.204961844910723 ], [ 30.818023681640557, 3.183023320866353 ], [ 30.808410644531182, 3.141887331661721 ], [ 30.802917480468686, 3.136402410147466 ], [ 30.798797607421804, 3.103492278612816 ], [ 30.793304443359307, 3.093893296698962 ], [ 30.794677734374932, 3.069209801857111 ], [ 30.790557861328057, 3.063724503186969 ], [ 30.776824951171811, 3.060981843308472 ], [ 30.768585205078061, 3.048639787065837 ], [ 30.778198242187432, 3.034926225196105 ], [ 30.778198242187432, 3.025326628294917 ], [ 30.801544189453057, 3.006127179748475 ], [ 30.816650390624932, 3.008869978848142 ], [ 30.824890136718682, 3.002012968172342 ], [ 30.824890136718682, 2.989670240569637 ], [ 30.837249755859307, 2.974584496083187 ], [ 30.857849121093686, 2.962241460662527 ], [ 30.853729248046804, 2.951269758090058 ], [ 30.855102539062432, 2.940297947199669 ], [ 30.860595703124932, 2.93344051056628 ], [ 30.857849121093686, 2.927954530973849 ], [ 30.867462158203057, 2.922468524515117 ], [ 30.864715576171807, 2.918354002070236 ], [ 30.870208740234304, 2.9101249120129 ], [ 30.868835449218679, 2.9032672910617 ], [ 30.874328613281186, 2.901895761873221 ], [ 30.874328613281186, 2.893666551820518 ], [ 30.888061523437432, 2.879951069052515 ], [ 30.890808105468682, 2.859377535450279 ], [ 30.883941650390557, 2.837432026298974 ], [ 30.883941650390557, 2.815486100532576 ], [ 30.868835449218679, 2.79628307625735 ], [ 30.857849121093686, 2.771593012002243 ], [ 30.846862792968686, 2.770221326620903 ], [ 30.844116210937432, 2.764734569213628 ], [ 30.839996337890557, 2.768849639650588 ], [ 30.835876464843682, 2.764734569213628 ], [ 30.835876464843682, 2.756504385543247 ], [ 30.822143554687429, 2.749645855662932 ], [ 30.824890136718682, 2.727698295557775 ], [ 30.822143554687429, 2.71946785707824 ], [ 30.808410644531182, 2.708493851777476 ], [ 30.811157226562429, 2.694776205367723 ], [ 30.797424316406182, 2.670084052808078 ], [ 30.797424316406182, 2.660481414758731 ], [ 30.791931152343679, 2.64676323074096 ], [ 30.78643798828119, 2.645391403975212 ], [ 30.790557861328057, 2.63441673528216 ], [ 30.776824951171811, 2.602864025408338 ], [ 30.750732421874932, 2.587773319121383 ], [ 30.757598876953057, 2.563079049098545 ], [ 30.756225585937436, 2.538384302636687 ], [ 30.760345458984304, 2.502713281462388 ], [ 30.758972167968682, 2.497225345548667 ], [ 30.747985839843679, 2.494481368991828 ], [ 30.743865966796811, 2.460181181020998 ], [ 30.739746093749932, 2.454693068753778 ], [ 30.747985839843679, 2.440972689603244 ], [ 30.752105712890554, 2.420391858508528 ], [ 30.754852294921807, 2.425880110797456 ], [ 30.779571533203054, 2.438228596940688 ], [ 30.783691406249929, 2.434112447456022 ], [ 30.789184570312432, 2.435484498681975 ], [ 30.797424316406182, 2.427252170391726 ], [ 30.819396972656186, 2.424508049811216 ], [ 30.834503173828054, 2.427252170391726 ], [ 30.833129882812432, 2.417647724027947 ], [ 30.837249755859307, 2.414903583998335 ], [ 30.837249755859307, 2.403926968515228 ], [ 30.845489501953061, 2.397066538982141 ], [ 30.848236083984307, 2.384717679233562 ], [ 30.855102539062432, 2.377857153664571 ], [ 30.864715576171807, 2.376485044454194 ], [ 30.864715576171807, 2.370996593983605 ], [ 30.872955322265561, 2.366880241842126 ], [ 30.881195068359304, 2.342181873036868 ], [ 30.896301269531179, 2.335321137556577 ], [ 30.911407470703057, 2.331204680180613 ], [ 30.912780761718679, 2.340809728625775 ], [ 30.933380126953057, 2.335321137556577 ], [ 30.941619873046807, 2.343554016103909 ], [ 30.949859619140557, 2.361391753309096 ], [ 30.948486328124932, 2.365508121744196 ], [ 30.941619873046807, 2.366880241842126 ], [ 30.941619873046807, 2.373740821943144 ], [ 30.953979492187432, 2.401182800834706 ], [ 30.960845947265557, 2.394322357535074 ], [ 30.966339111328054, 2.401182800834706 ], [ 30.993804931640554, 2.402554885364276 ], [ 31.002044677734304, 2.395694448945953 ], [ 31.007537841796807, 2.398438627642853 ], [ 31.014404296874929, 2.386089780245283 ], [ 31.025390624999929, 2.381973473105687 ], [ 31.026763916015557, 2.384717679233562 ], [ 31.029510498046804, 2.377857153664571 ], [ 31.074829101562432, 2.343554016103909 ], [ 31.069335937499932, 2.333948986437 ], [ 31.077575683593682, 2.317483068758292 ], [ 31.085815429687432, 2.309250038018871 ], [ 31.078948974609307, 2.302389142619236 ], [ 31.070709228515557, 2.302389142619236 ], [ 31.077575683593682, 2.295528214187893 ], [ 31.084442138671811, 2.295528214187893 ], [ 31.088562011718679, 2.285922859077762 ], [ 31.095428466796811, 2.285922859077762 ], [ 31.099548339843679, 2.27906185177107 ], [ 31.113281249999932, 2.270828599850661 ], [ 31.120147705078057, 2.270828599850661 ], [ 31.131134033203054, 2.262595301015237 ], [ 31.143493652343682, 2.281806258622977 ], [ 31.168212890624932, 2.276317439687524 ], [ 31.17507934570305, 2.281806258622977 ], [ 31.198425292968682, 2.287295056606726 ], [ 31.203918457031182, 2.29278383358848 ], [ 31.202545166015557, 2.221428109054122 ], [ 31.250610351562432, 2.19809952292552 ], [ 31.305541992187429, 2.156930542773174 ], [ 31.305541992187429, 2.115760448459517 ], [ 31.008911132812432, 1.782244256566026 ], [ 30.995178222656186, 1.772635844773741 ], [ 30.944366455078061, 1.710866304200707 ], [ 30.713653564453061, 1.454159047350731 ], [ 30.682067871093686, 1.414346085806865 ], [ 30.550231933593686, 1.266071270447222 ], [ 30.520019531249932, 1.266071270447222 ], [ 30.499420166015561, 1.242730918235565 ], [ 30.495300292968686, 1.20566052469343 ], [ 30.488433837890561, 1.211152467074249 ], [ 30.478820800781186, 1.208406497271854 ], [ 30.471954345703054, 1.211152467074249 ], [ 30.456848144531186, 1.200168571233709 ], [ 30.443115234374932, 1.201541560634528 ], [ 30.421142578124936, 1.190557626172293 ], [ 30.417022705078061, 1.197422590365022 ], [ 30.411529541015557, 1.197422590365022 ], [ 30.400543212890557, 1.189184631279308 ], [ 30.390930175781186, 1.187811635703348 ], [ 30.385437011718679, 1.193303613906189 ], [ 30.377197265624932, 1.191930620381517 ], [ 30.371704101562432, 1.200168571233709 ], [ 30.359344482421811, 1.201541560634528 ], [ 30.341491699218682, 1.176827646603159 ], [ 30.337371826171807, 1.150740499867814 ], [ 30.327758789062436, 1.150740499867814 ], [ 30.322265624999932, 1.157605561834809 ], [ 30.322265624999932, 1.15348652664285 ], [ 30.312652587890561, 1.150740499867814 ], [ 30.311279296874932, 1.160351581973188 ], [ 30.307159423828057, 1.163097599445871 ], [ 30.309906005859307, 1.167216620642921 ], [ 30.30303955078119, 1.165843614246552 ], [ 30.301666259765557, 1.161724591043136 ], [ 30.292053222656179, 1.17270863951687 ], [ 30.283813476562432, 1.165843614246552 ], [ 30.268707275390554, 1.163097599445871 ], [ 30.270080566406186, 1.15348652664285 ], [ 30.264587402343679, 1.150740499867814 ], [ 30.263214111328057, 1.14524843839316 ], [ 30.248107910156182, 1.142502403706153 ], [ 30.237121582031182, 1.134264283922071 ], [ 30.234375, 1.124653114544983 ], [ 30.239868164062432, 1.109549784537743 ], [ 30.243988037109307, 1.10680371622128 ], [ 30.238494873046811, 1.102684608980912 ], [ 30.241241455078061, 1.098565496040655 ], [ 30.239868164062432, 1.091700295198272 ], [ 30.233001708984307, 1.088954210466693 ], [ 30.226135253906186, 1.076596798306404 ], [ 30.233001708984307, 1.073850699893204 ], [ 30.22888183593744, 1.072477649761057 ], [ 30.231628417968682, 1.068358495671889 ], [ 30.226135253906186, 1.066985443080551 ], [ 30.224761962890557, 1.060120170947221 ], [ 30.230255126953061, 1.054627942275882 ], [ 30.220642089843682, 1.054627942275882 ], [ 30.226135253906186, 1.051881824302662 ], [ 30.222015380859304, 1.043643455908481 ], [ 30.22888183593744, 1.046389581112656 ], [ 30.230255126953061, 1.03952426360849 ], [ 30.226135253906186, 1.034031998853316 ], [ 30.230255126953061, 1.027166654552319 ], [ 30.226135253906186, 1.027166654552319 ], [ 30.223388671874936, 1.016182073033431 ], [ 30.22888183593744, 1.010689768240908 ], [ 30.222015380859304, 1.003824374194752 ], [ 30.224761962890557, 1.001078212534812 ], [ 30.233001708984307, 1.003824374194752 ], [ 30.234375, 1.001078212534812 ], [ 30.222015380859304, 0.994212798336451 ], [ 30.22888183593744, 0.994212798336451 ], [ 30.227508544921807, 0.984601194496834 ], [ 30.220642089843682, 0.983228105965609 ], [ 30.215148925781186, 0.991466628654257 ], [ 30.216522216796807, 0.984601194496834 ], [ 30.208282470703057, 0.981855016869644 ], [ 30.219268798828061, 0.97773574620119 ], [ 30.217895507812436, 0.973616470478453 ], [ 30.212402343749932, 0.976362654854147 ], [ 30.205535888671807, 0.972243377451379 ], [ 30.201416015624932, 0.979108836986646 ], [ 30.204162597656182, 0.966750999766629 ], [ 30.201416015624932, 0.964004807589421 ], [ 30.194549560546804, 0.972243377451379 ], [ 30.190429687499932, 0.972243377451379 ], [ 30.194549560546804, 0.964004807589421 ], [ 30.183563232421811, 0.962631710669868 ], [ 30.195922851562436, 0.957139317470389 ], [ 30.193176269531182, 0.954393117568928 ], [ 30.187683105468686, 0.959885515172805 ], [ 30.184936523437432, 0.958512416596872 ], [ 30.190429687499932, 0.953020016795526 ], [ 30.189056396484307, 0.94615450473334 ], [ 30.184936523437432, 0.954393117568928 ], [ 30.180816650390557, 0.954393117568928 ], [ 30.184936523437432, 0.944781400687387 ], [ 30.183563232421811, 0.942035190968271 ], [ 30.180816650390557, 0.94615450473334 ], [ 30.176696777343682, 0.944781400687387 ], [ 30.173950195312432, 0.929677220539402 ], [ 30.169830322265565, 0.926930998994379 ], [ 30.173950195312432, 0.924184775319691 ], [ 30.167083740234307, 0.921438549521643 ], [ 30.175323486328061, 0.911826742598091 ], [ 30.171203613281186, 0.913199859450423 ], [ 30.169830322265565, 0.904961150496043 ], [ 30.164337158203054, 0.911826742598091 ], [ 30.160217285156186, 0.910453625222015 ], [ 30.164337158203054, 0.907707388901787 ], [ 30.165710449218682, 0.900841788990888 ], [ 30.161590576171807, 0.899468667453246 ], [ 30.160217285156186, 0.903588030513075 ], [ 30.15472412109369, 0.899468667453246 ], [ 30.156097412109311, 0.893976176144083 ], [ 30.151977539062436, 0.893976176144083 ], [ 30.156097412109311, 0.88711055045993 ], [ 30.150604248046807, 0.884364296613887 ], [ 30.146484374999932, 0.889856802267765 ], [ 30.146484374999932, 0.88299116892851 ], [ 30.143737792968686, 0.88573742379129 ], [ 30.135498046874932, 0.88299116892851 ], [ 30.134124755859307, 0.891229927405384 ], [ 30.12725830078119, 0.88573742379129 ], [ 30.12725830078119, 0.891229927405384 ], [ 30.119018554687432, 0.895349299743586 ], [ 30.109405517578061, 0.891229927405384 ], [ 30.103912353515557, 0.893976176144083 ], [ 30.105285644531179, 0.888483676619018 ], [ 30.098419189453061, 0.891229927405384 ], [ 30.097045898437436, 0.88299116892851 ], [ 30.084686279296815, 0.881618040735946 ], [ 30.08056640624994, 0.877498653123022 ], [ 30.08056640624994, 0.881618040735946 ], [ 30.076446533203057, 0.880244912036985 ], [ 30.073699951171804, 0.884364296613887 ], [ 30.072326660156182, 0.878871782832414 ], [ 30.066833496093686, 0.880244912036985 ], [ 30.062713623046811, 0.869259864309588 ], [ 30.059967041015557, 0.872006129253016 ], [ 30.05310058593744, 0.866513597368955 ], [ 30.048980712890557, 0.870632997031347 ], [ 30.042114257812436, 0.863767328437423 ], [ 30.036621093749932, 0.865140463151657 ], [ 30.033874511718682, 0.858274784626896 ], [ 30.031127929687429, 0.861021057521301 ], [ 30.028381347656186, 0.855528509760517 ], [ 30.014648437499932, 0.856901647439809 ], [ 30.016021728515561, 0.851409093777295 ], [ 30.009155273437432, 0.855528509760517 ], [ 30.000915527343686, 0.844543390701417 ], [ 29.989929199218682, 0.847289673392613 ], [ 29.991302490234307, 0.839050819504029 ], [ 29.987182617187432, 0.837677675497825 ], [ 29.973449707031186, 0.814334154417381 ], [ 29.969329833984311, 0.796483135113915 ], [ 29.972076416015557, 0.793736817545825 ], [ 29.963836669921815, 0.778632038491276 ], [ 29.969329833984311, 0.764900374179207 ], [ 29.966583251953057, 0.760780866281936 ], [ 29.970703124999932, 0.75940769610778 ], [ 29.976196289062436, 0.747049145005181 ], [ 29.967956542968686, 0.715466024514066 ], [ 29.972076416015557, 0.711346470825328 ], [ 29.969329833984311, 0.705853726856719 ], [ 29.970703124999932, 0.694868219507776 ], [ 29.963836669921815, 0.681136299445117 ], [ 29.954223632812436, 0.637193896199878 ], [ 29.973449707031186, 0.597370768808558 ], [ 29.967956542968686, 0.576772485011918 ], [ 29.972076416015557, 0.571279596632542 ], [ 29.969329833984311, 0.565786703002434 ], [ 29.973449707031186, 0.560293804172074 ], [ 29.976196289062436, 0.563040254234131 ], [ 29.981689453124936, 0.557547352822575 ], [ 29.980316162109311, 0.545188305986908 ], [ 29.976196289062436, 0.543815076984283 ], [ 29.976196289062436, 0.535575696435835 ], [ 29.980316162109311, 0.53145600199751 ], [ 29.977569580078061, 0.528709537510827 ], [ 29.97894287109369, 0.516350432377755 ], [ 29.913024902343682, 0.439448816413968 ], [ 29.873199462890557, 0.385891857928303 ], [ 29.825134277343686, 0.175780974247087 ], [ 29.815521240234315, 0.163421409279036 ], [ 29.789428710937436, 0.168914550237852 ], [ 29.783935546874932, 0.164794694661537 ], [ 29.781188964843682, 0.167541265141733 ], [ 29.770202636718686, 0.163421409279036 ], [ 29.767456054687432, 0.14831526404882 ], [ 29.749603271484307, 0.13183582116662 ], [ 29.744110107421807, 0.130462533748672 ], [ 29.744110107421807, 0.126342671048294 ], [ 29.735870361328061, 0.124969383335285 ], [ 29.739990234374936, 0.120849519768657 ], [ 29.735870361328061, 0.107116636820178 ], [ 29.735870361328061, 0.08926387990533 ], [ 29.730377197265561, 0.079650853251074 ] ], [ [ 29.734497070312436, 0.087890590530825 ], [ 29.730377197265561, 0.079650853251074 ] ], [ [ 29.730377197265561, 0.079650853251074 ], [ 29.716644287109311, 0.074157694138889 ], [ 29.720764160156182, 0.059051503217538 ], [ 29.716644287109311, 0.052185051378657 ], [ 29.719390869140561, 0.039825436246227 ], [ 29.716644287109311, 0.034332273336101 ], [ 29.722137451171807, 0.03021240094365 ], [ 29.720764160156182, 0.021972655711419 ], [ 29.72900390624994, 0.016479491960286 ], [ 29.723510742187436, 0.010986328057677 ], [ 29.727630615234311, 0.006866455061689 ], [ 29.72900390624994, 0.0 ], [ 29.726257324218682, -0.002746582030198 ], [ 29.734497070312436, -0.023345946619617 ], [ 29.741363525390557, -0.021972655711419 ], [ 29.744110107421807, -0.026092528394989 ], [ 29.739990234374936, -0.03570556409519 ], [ 29.731750488281186, -0.038452145551042 ], [ 29.730377197265561, -0.060424793486697 ], [ 29.733123779296807, -0.067291244296017 ], [ 29.72900390624994, -0.072784404252364 ], [ 29.733123779296807, -0.079650853251074 ] ], [ [ 29.733123779296807, -0.079650853251074 ], [ 29.731750488281186, -0.087890590530825 ] ], [ [ 29.733123779296807, -0.079650853251074 ], [ 29.711151123046811, -0.219726023920805 ], [ 29.686431884765565, -0.449061564545097 ], [ 29.685058593749936, -0.461420793530612 ], [ 29.687805175781186, -0.464167285965219 ], [ 29.680938720703061, -0.469660267628366 ], [ 29.685058593749936, -0.480646217953708 ], [ 29.678192138671807, -0.490258910006315 ], [ 29.683685302734311, -0.497125110182093 ], [ 29.674072265624932, -0.505364540960297 ], [ 29.674072265624932, -0.538322157857717 ], [ 29.665832519531186, -0.542441847669264 ], [ 29.663085937499932, -0.536948927301002 ], [ 29.656219482421811, -0.539695388105191 ], [ 29.653472900390561, -0.553427673398174 ], [ 29.658966064453057, -0.572652819221614 ], [ 29.667205810546807, -0.575399263412091 ], [ 29.665832519531186, -0.582265368090084 ], [ 29.660339355468686, -0.582265368090084 ], [ 29.653472900390561, -0.591877900569004 ], [ 29.654846191406182, -0.597370768808558 ], [ 29.650726318359307, -0.597370768808558 ], [ 29.664459228515554, -0.626208235814387 ], [ 29.652099609374932, -0.641313512826646 ], [ 29.652099609374932, -0.653672342728426 ], [ 29.641113281249936, -0.675643520420419 ], [ 29.635620117187432, -0.677016715760733 ], [ 29.638366699218686, -0.679763105273871 ], [ 29.635620117187432, -0.692121838663234 ], [ 29.626007080078061, -0.708600099655103 ], [ 29.62738037109369, -0.727824663302031 ], [ 29.631500244140557, -0.733317380816318 ], [ 29.62738037109369, -0.737436914531826 ], [ 29.632873535156186, -0.74704914500518 ], [ 29.628753662109311, -0.752541838709497 ], [ 29.632873535156186, -0.771766211876687 ], [ 29.62738037109369, -0.780005202475572 ], [ 29.631500244140557, -0.788244176944758 ], [ 29.62738037109369, -0.795109976558231 ], [ 29.632873535156186, -0.79785629321209 ], [ 29.631500244140557, -0.807468387022797 ], [ 29.639739990234315, -0.817080458106406 ], [ 29.639739990234315, -0.833558240595369 ], [ 29.62738037109369, -0.856901647439809 ], [ 29.631500244140557, -0.881618040735946 ], [ 29.628753662109311, -0.88573742379129 ], [ 29.638366699218686, -0.900841788990888 ], [ 29.586181640624936, -0.900841788990888 ], [ 29.582061767578061, -0.90633426995921 ], [ 29.582061767578061, -0.913199859450423 ], [ 29.594421386718686, -0.932423439948451 ], [ 29.587554931640561, -0.944781400687387 ], [ 29.595794677734311, -0.96675099976663 ], [ 29.593048095703057, -0.972243377451379 ], [ 29.602661132812436, -0.980481927209727 ], [ 29.598541259765561, -0.987347369861908 ], [ 29.594421386718686, -0.987347369861908 ], [ 29.590301513671811, -0.980481927209727 ], [ 29.586181640624936, -0.98322810596561 ], [ 29.590301513671811, -0.990093542958561 ], [ 29.583435058593686, -1.020301295502147 ], [ 29.590301513671811, -1.051881824302663 ], [ 29.583435058593686, -1.105430681109125 ], [ 29.579315185546811, -1.110922817740476 ], [ 29.582061767578061, -1.119161003530228 ], [ 29.577941894531182, -1.127399166179921 ], [ 29.580688476562432, -1.14524843839316 ], [ 29.586181640624936, -1.156232550767953 ], [ 29.577941894531182, -1.171335635806689 ], [ 29.582061767578061, -1.178200647614544 ], [ 29.573822021484307, -1.186438639445202 ], [ 29.573822021484307, -1.190557626172293 ], [ 29.608154296874932, -1.22213631839744 ], [ 29.604034423828057, -1.224882274225119 ], [ 29.608154296874932, -1.233120124799801 ], [ 29.605407714843682, -1.245476852805658 ], [ 29.595794677734311, -1.252341676699621 ], [ 29.594421386718686, -1.281173739558711 ], [ 29.608154296874932, -1.318243056862003 ], [ 29.591674804687436, -1.38826136013469 ], [ 29.639739990234315, -1.38963424765552 ], [ 29.645233154296811, -1.384142692791998 ], [ 29.679565429687432, -1.381396910587912 ], [ 29.690551757812432, -1.362176346664164 ], [ 29.69879150390619, -1.359430539251379 ], [ 29.711151123046811, -1.345701455472614 ], [ 29.723510742187436, -1.341582715233476 ], [ 29.750976562499936, -1.341582715233476 ], [ 29.764709472656182, -1.349820188756523 ], [ 29.777069091796811, -1.366295051914443 ], [ 29.796295166015557, -1.373159544961991 ], [ 29.796295166015557, -1.349820188756523 ], [ 29.810028076171811, -1.329226452997413 ], [ 29.81964111328119, -1.327853531143935 ], [ 29.821014404296811, -1.310005477942465 ], [ 29.825134277343686, -1.308632545484832 ], [ 29.830627441406182, -1.315497200241936 ], [ 29.842987060546807, -1.320988910453888 ], [ 29.841613769531182, -1.333345213974604 ], [ 29.849853515624932, -1.3402098002785 ], [ 29.860839843749936, -1.360803443348506 ], [ 29.870452880859307, -1.355311822279059 ], [ 29.884185791015561, -1.355311822279059 ] ], [ [ 29.883670806884695, -1.401646979335727 ], [ 29.883327484130788, -1.400617319027516 ] ], [ [ 29.883670806884695, -1.401646979335727 ], [ 29.883327484130788, -1.400874734146997 ], [ 29.883241653442315, -1.3989012175086 ], [ 29.882984161376882, -1.39821477654949 ], [ 29.882984161376882, -1.396069647258927 ], [ 29.883241653442315, -1.395297400235023 ], [ 29.882812499999929, -1.394696763485592 ], [ 29.883069992065362, -1.394439347688903 ], [ 29.882640838622976, -1.393581294829982 ], [ 29.882555007934503, -1.392122604252483 ], [ 29.882898330688409, -1.390835523581654 ], [ 29.882812499999929, -1.389720053099084 ], [ 29.883327484130788, -1.38817555463816 ], [ 29.882898330688409, -1.386974277359854 ], [ 29.882898330688409, -1.385944610635927 ], [ 29.882555007934503, -1.38568719388498 ], [ 29.88238334655755, -1.384829137846476 ], [ 29.882040023803647, -1.38431430407425 ], [ 29.881868362426694, -1.38302721915469 ], [ 29.8822116851806, -1.381825939266628 ], [ 29.881782531738214, -1.381139493343496 ], [ 29.881267547607354, -1.380967881831727 ], [ 29.881095886230401, -1.380367241442965 ], [ 29.881439208984307, -1.379766600902476 ], [ 29.881267547607354, -1.379852406703262 ], [ 29.880924224853448, -1.37950918348155 ], [ 29.880924224853448, -1.379165960210327 ], [ 29.881525039672788, -1.378136290099702 ], [ 29.881095886230401, -1.377449843111947 ], [ 29.881267547607354, -1.377106619543906 ], [ 29.880924224853448, -1.376677590014349 ], [ 29.881181716918881, -1.375733724777596 ], [ 29.880752563476495, -1.374532441208972 ], [ 29.881010055541928, -1.373245351000538 ], [ 29.880666732788022, -1.372387290476478 ], [ 29.881610870361261, -1.368268595678999 ], [ 29.881095886230401, -1.367153114620129 ], [ 29.880924224853448, -1.36612343933652 ], [ 29.881095886230401, -1.365694407838087 ], [ 29.880752563476495, -1.364578925583785 ], [ 29.881181716918881, -1.363892474708595 ], [ 29.881267547607354, -1.36260537878992 ], [ 29.880752563476495, -1.361318282183498 ], [ 29.881353378295834, -1.35977376534888 ], [ 29.881095886230401, -1.35925892618433 ], [ 29.881782531738214, -1.356942148586056 ], [ 29.884443283080987, -1.355912468940979 ] ], [ [ 29.886846542358331, -1.410828097027849 ], [ 29.886074066162042, -1.410399073641807 ], [ 29.886159896850522, -1.410055854876024 ], [ 29.885902404785089, -1.409455221914135 ], [ 29.885129928588796, -1.408682979306934 ], [ 29.885044097900323, -1.408253955525659 ], [ 29.88478660583489, -1.408168150759927 ], [ 29.883670806884695, -1.406194640276644 ], [ 29.883413314819268, -1.404221128124705 ], [ 29.883756637573175, -1.40404951829358 ], [ 29.884014129638601, -1.403534688724624 ], [ 29.883584976196222, -1.403105663997245 ], [ 29.883670806884695, -1.401646979335727 ] ], [ [ 29.887104034423764, -1.41160033892333 ], [ 29.886846542358331, -1.410828097027849 ] ], [ [ 29.902124404907159, -1.45999364696665 ], [ 29.899463653564382, -1.458534998479993 ], [ 29.897832870483334, -1.458020181141262 ], [ 29.896631240844663, -1.456561531375609 ], [ 29.893283843994073, -1.450984332396164 ], [ 29.892768859863214, -1.448152826109591 ], [ 29.893455505371026, -1.444549085720451 ], [ 29.893455505371026, -1.442918820332458 ], [ 29.892082214355401, -1.440258911138962 ], [ 29.891395568847592, -1.438371231762966 ], [ 29.891309738159112, -1.436912569357285 ], [ 29.890193939208917, -1.434338456957841 ], [ 29.889678955078057, -1.431850145552472 ], [ 29.890193939208917, -1.430391478989738 ], [ 29.890451431274343, -1.430134067147089 ], [ 29.890794754028253, -1.430219871097847 ], [ 29.8906230926513, -1.428675399493532 ], [ 29.889678955078057, -1.427731555224111 ], [ 29.887189865112237, -1.426358690140528 ], [ 29.886589050292898, -1.425586453171013 ], [ 29.885559082031182, -1.423355544915676 ], [ 29.885387420654229, -1.418722113185053 ], [ 29.886074066162042, -1.417263438310788 ], [ 29.885730743408136, -1.416062175959707 ], [ 29.885730743408136, -1.415204131042013 ], [ 29.886760711669851, -1.413745453953477 ], [ 29.88744735717767, -1.413659649390307 ], [ 29.887704849243097, -1.413402235681769 ], [ 29.886846542358331, -1.410828097027849 ] ], [ [ 29.902038574218682, -1.459650435643138 ], [ 29.915771484374932, -1.482988685660275 ], [ 29.926757812499936, -1.48161585419878 ], [ 29.934997558593682, -1.472006010190329 ], [ 29.97894287109369, -1.458277589825347 ], [ 29.989929199218682, -1.45141334819116 ], [ 29.996795654296811, -1.445921939876789 ], [ 29.999542236328061, -1.434939083443572 ], [ 30.021514892578057, -1.412973212770799 ], [ 30.025634765624932, -1.418464700038751 ], [ 30.05310058593744, -1.430820498663313 ], [ 30.055847167968682, -1.421210438788542 ], [ 30.051727294921811, -1.400617319027516 ], [ 30.070953369140561, -1.391007134378338 ], [ 30.069580078124936, -1.382769802086992 ] ], [ [ 30.128116607665948, -1.366295051914443 ], [ 30.127944946288995, -1.367496339616543 ], [ 30.126914978027276, -1.368354401892817 ], [ 30.126399993896417, -1.369298270042179 ], [ 30.125713348388608, -1.369641494731629 ], [ 30.125026702880795, -1.371357617441251 ], [ 30.124769210815362, -1.372816320777002 ], [ 30.124940872192315, -1.37719242544055 ], [ 30.124425888061452, -1.378822736889602 ], [ 30.124082565307546, -1.38302721915469 ], [ 30.122537612914968, -1.38457172097434 ], [ 30.120477676391534, -1.384400109710719 ], [ 30.119104385375906, -1.384829137846476 ], [ 30.11807441711419, -1.384485915344082 ], [ 30.114727020263604, -1.380624658771017 ], [ 30.113439559936456, -1.377964678371308 ], [ 30.112152099609307, -1.376248560407587 ], [ 30.111293792724542, -1.375733724777596 ], [ 30.109405517578061, -1.375218889036507 ], [ 30.106573104858331, -1.373416963068389 ], [ 30.104169845580991, -1.372387290476478 ], [ 30.102882385253835, -1.372730514723056 ], [ 30.100135803222589, -1.375476306920936 ], [ 30.099363327026296, -1.37607694854327 ], [ 30.098333358764581, -1.376334366335115 ], [ 30.095243453979421, -1.375304695001069 ], [ 30.092754364013604, -1.375733724777596 ], [ 30.088548660278256, -1.375819530723645 ], [ 30.08820533752435, -1.374961471124313 ], [ 30.087089538574148, -1.373588575123918 ], [ 30.086145401000909, -1.372902126827869 ], [ 30.084171295165948, -1.373073738920363 ], [ 30.083227157592706, -1.372816320777002 ], [ 30.081596374511648, -1.373073738920363 ], [ 30.072755813598569, -1.378736931051688 ], [ 30.071210861205987, -1.380367241442965 ], [ 30.070095062255788, -1.382512384991377 ] ], [ [ 30.128631591796811, -1.366295051914443 ], [ 30.145111083984311, -1.351193098301877 ], [ 30.169830322265565, -1.345701455472614 ], [ 30.162963867187432, -1.334718132769959 ], [ 30.165710449218682, -1.327853531143935 ], [ 30.161590576171807, -1.318243056862003 ], [ 30.173950195312432, -1.301767871939467 ], [ 30.169830322265565, -1.274308991845211 ], [ 30.187683105468686, -1.270190134428823 ], [ 30.190429687499932, -1.281173739558711 ], [ 30.197296142578057, -1.281173739558711 ], [ 30.197296142578057, -1.274308991845211 ], [ 30.211029052734311, -1.274308991845211 ], [ 30.243988037109307, -1.241357949879563 ], [ 30.254974365234307, -1.219390359762209 ], [ 30.267333984374932, -1.211152467074249 ], [ 30.274200439453057, -1.211152467074249 ], [ 30.278320312499932, -1.197422590365022 ], [ 30.290679931640557, -1.190557626172293 ], [ 30.297546386718682, -1.158978572236816 ], [ 30.308532714843686, -1.14387542137814 ], [ 30.334625244140557, -1.131518238774042 ], [ 30.344238281249936, -1.131518238774042 ], [ 30.337371826171807, -1.105430681109125 ], [ 30.341491699218682, -1.091700295198272 ], [ 30.348358154296807, -1.087581167162352 ], [ 30.351104736328061, -1.079342894246225 ], [ 30.348358154296807, -1.07110459901293 ], [ 30.352478027343682, -1.068358495671889 ], [ 30.352478027343682, -1.062866281632728 ], [ 30.355224609374929, -1.064239336060183 ], [ 30.359344482421811, -1.060120170947221 ], [ 30.362091064453061, -1.065612389876387 ], [ 30.374450683593686, -1.069731547649611 ], [ 30.371704101562432, -1.065612389876387 ], [ 30.377197265624932, -1.061493226594811 ], [ 30.392303466796807, -1.068358495671889 ], [ 30.401916503906186, -1.061493226594811 ], [ 30.429382324218679, -1.064239336060183 ], [ 30.438995361328057, -1.049135703912819 ], [ 30.444488525390554, -1.050508764409425 ], [ 30.447235107421807, -1.047762642813633 ], [ 30.467834472656186, -1.051881824302663 ], [ 30.467834472656186, -1.056001000354286 ], [ 30.470581054687432, -1.053254883591744 ], [ 30.473327636718682, -1.05737405782617 ], [ 30.489807128906182, -1.058747114690744 ], [ 30.509033203124932, -1.072477649761057 ], [ 30.528259277343682, -1.076596798306404 ], [ 30.539245605468682, -1.075223749408582 ], [ 30.558471679687436, -1.064239336060183 ], [ 30.565338134765561, -1.066985443080551 ], [ 30.583190917968682, -1.060120170947221 ], [ 30.595550537109311, -1.065612389876387 ], [ 30.649108886718682, -1.065612389876387 ], [ 30.658721923828061, -1.062866281632728 ], [ 30.668334960937432, -1.050508764409425 ], [ 30.673828124999932, -1.035405065934943 ], [ 30.698547363281186, -1.01480899770882 ], [ 30.717773437499929, -1.01480899770882 ], [ 30.735626220703057, -1.007943612358449 ], [ 30.743865966796811, -1.003824374194752 ], [ 30.753479003906186, -0.991466628654257 ], [ 30.765838623046807, -0.98597428246253 ], [ 30.800170898437436, -0.999705130841964 ], [ 33.837890624999929, -0.999705130841964 ] ] ] } },
{ "type": "Feature", "properties": { }, "geometry": { "type": "MultiLineString", "coordinates": [ [ [ 24.255065917968693, 8.686924003666894 ], [ 24.227600097656197, 8.629903118263471 ], [ 24.235839843749943, 8.616325445300273 ], [ 24.268798828124947, 8.591884405798179 ], [ 24.268798828124947, 8.583737042333597 ], [ 24.227600097656197, 8.556577901998274 ], [ 24.180908203124943, 8.488671589177313 ], [ 24.164428710937447, 8.475088881954875 ], [ 24.158935546874947, 8.43162099818827 ], [ 24.139709472656197, 8.377279271468492 ], [ 24.180908203124943, 8.312059183575622 ], [ 24.211120605468697, 8.293034610795026 ], [ 24.271545410156197, 8.274009117211326 ], [ 24.329223632812447, 8.268573093061931 ], [ 24.356689453124943, 8.246828247422521 ], [ 24.395141601562443, 8.274009117211326 ], [ 24.466552734374947, 8.271291114508632 ], [ 24.483032226562443, 8.235955375848427 ], [ 24.537963867187443, 8.206053440214996 ], [ 24.6615600585937, 8.219645508622413 ], [ 24.686279296874943, 8.208771891120955 ], [ 24.735717773437443, 8.208771891120955 ], [ 24.763183593749947, 8.187023763401797 ], [ 24.798889160156193, 8.19517945064856 ], [ 24.856567382812447, 8.173430580237753 ], [ 24.903259277343697, 8.042912563170958 ], [ 24.911499023437443, 8.032034155597971 ], [ 24.938964843749943, 8.021155456563886 ], [ 24.966430664062443, 7.980357745922776 ], [ 25.046081542968693, 7.944996434709139 ], [ 25.084533691406197, 7.896029593273088 ], [ 25.175170898437443, 7.912352520452344 ], [ 25.205383300781197, 7.879706021125519 ], [ 25.219116210937443, 7.879706021125519 ], [ 25.246582031249947, 7.847056947123783 ], [ 25.249328613281193, 7.830731447869436 ], [ 25.260314941406197, 7.82528947254962 ], [ 25.263061523437447, 7.808963120559375 ], [ 25.271301269531193, 7.800799705220001 ], [ 25.285034179687447, 7.80624199982807 ], [ 25.287780761718693, 7.751815872609342 ], [ 25.279541015624947, 7.735486659709973 ], [ 25.282287597656193, 7.719156814632153 ], [ 25.274047851562447, 7.710991655433205 ], [ 25.282287597656193, 7.708269900679666 ], [ 25.285034179687447, 7.689217127736167 ], [ 25.298767089843693, 7.686495233149636 ], [ 25.298767089843693, 7.672885498557805 ], [ 25.279541015624947, 7.667441482726042 ], [ 25.290527343749943, 7.651109017589437 ], [ 25.265808105468693, 7.642942550396524 ], [ 25.252075195312443, 7.629331424712808 ], [ 25.232849121093697, 7.637498152147196 ], [ 25.232849121093697, 7.618442212274354 ], [ 25.213623046874943, 7.621164541350783 ], [ 25.205383300781197, 7.602107874702876 ], [ 25.188903808593693, 7.602107874702876 ], [ 25.180664062499943, 7.58577291559385 ], [ 25.169677734374943, 7.58577291559385 ], [ 25.194396972656193, 7.542209995927078 ], [ 25.188903808593693, 7.531318579761093 ], [ 25.197143554687443, 7.517703924671102 ], [ 25.197143554687443, 7.495919588801469 ], [ 25.213623046874943, 7.487750181700027 ], [ 25.219116210937443, 7.495919588801469 ], [ 25.238342285156193, 7.47958062149773 ], [ 25.265808105468693, 7.47958062149773 ], [ 25.287780761718693, 7.47141090835781 ], [ 25.307006835937447, 7.427836528738317 ], [ 25.323486328124943, 7.433283562993166 ], [ 25.339965820312443, 7.425112986290619 ], [ 25.339965820312443, 7.40604771707625 ], [ 25.364685058593693, 7.346122940503149 ], [ 25.386657714843697, 7.340674831854898 ], [ 25.38940429687494, 7.329778414392955 ], [ 25.394897460937443, 7.337950752501009 ], [ 25.41137695312494, 7.337950752501009 ], [ 25.436096191406193, 7.313433288513153 ], [ 25.436096191406193, 7.305260501068463 ], [ 25.447082519531193, 7.310709042647439 ], [ 25.455322265624947, 7.305260501068463 ], [ 25.455322265624947, 7.283465671007029 ], [ 25.469055175781193, 7.286190082778829 ], [ 25.477294921874943, 7.269843363909932 ], [ 25.493774414062443, 7.278016797797632 ], [ 25.504760742187443, 7.267118852885311 ], [ 25.510253906249943, 7.280741242677943 ], [ 25.534973144531197, 7.278016797797632 ], [ 25.543212890624943, 7.256220643638164 ], [ 25.567932128906193, 7.256220643638164 ], [ 25.57067871093744, 7.234423433691013 ], [ 25.584411621093693, 7.242597510949319 ], [ 25.595397949218693, 7.237148142566721 ], [ 25.598144531249943, 7.218074835237027 ], [ 25.647583007812443, 7.215350011351331 ], [ 25.661315917968697, 7.199000723728743 ], [ 25.702514648437443, 7.193550830168327 ], [ 25.721740722656193, 7.174475687772668 ], [ 25.738220214843693, 7.182650846809297 ], [ 25.757446289062443, 7.179925810121964 ], [ 25.757446289062443, 7.163575247345444 ], [ 25.828857421874943, 7.152674546270282 ], [ 25.831604003906193, 7.139048303981788 ], [ 25.817871093749943, 7.117245472369986 ], [ 25.89477539062494, 7.100892668623633 ], [ 25.908508300781193, 7.081813662812566 ], [ 25.90026855468744, 7.076362373228521 ], [ 25.903015136718693, 7.065459600954096 ], [ 25.930480957031193, 7.060008118360894 ], [ 25.933227539062443, 7.04365328534047 ], [ 25.990905761718697, 7.040927423719899 ], [ 25.985412597656193, 7.027297875479436 ], [ 25.990905761718697, 7.016393949086506 ], [ 26.023864746093693, 7.016393949086506 ], [ 26.040344238281193, 7.002763681982725 ], [ 26.04858398437494, 6.980954426458474 ], [ 26.045837402343693, 6.967323125342324 ], [ 26.059570312499943, 6.956417799055929 ], [ 26.05407714843744, 6.94278578509458 ], [ 26.040344238281193, 6.937332868878427 ], [ 26.040344238281193, 6.926426847059537 ], [ 26.056823730468693, 6.923700302184761 ], [ 26.059570312499943, 6.901887376486792 ], [ 26.08154296874994, 6.899160690028337 ], [ 26.078796386718693, 6.850077654785535 ], [ 26.109008789062443, 6.81735282262213 ], [ 26.12823486328119, 6.814625652259992 ], [ 26.14471435546869, 6.825534240573369 ], [ 26.17492675781244, 6.811898466385475 ], [ 26.16943359374994, 6.779171028142855 ], [ 26.185913085937443, 6.776443641161716 ], [ 26.177673339843693, 6.768261387680098 ], [ 26.183166503906193, 6.757351500676287 ], [ 26.213378906249943, 6.743713795817313 ], [ 26.232604980468693, 6.74916892386547 ], [ 26.246337890624943, 6.740986208759233 ], [ 26.260070800781193, 6.697342732664377 ], [ 26.32873535156244, 6.708253968671534 ], [ 26.34521484374994, 6.68097542126575 ], [ 26.380920410156193, 6.68097542126575 ], [ 26.386413574218693, 6.664607562172564 ], [ 26.416625976562443, 6.650967262167614 ], [ 26.41113281249994, 6.615500711901598 ], [ 26.40289306640619, 6.618228998650663 ], [ 26.37817382812494, 6.607315761274934 ], [ 26.38366699218744, 6.59640228311514 ], [ 26.37817382812494, 6.580031615259886 ], [ 26.353454589843693, 6.580031615259886 ], [ 26.353454589843693, 6.544559985653308 ], [ 26.334228515624943, 6.536373866680456 ], [ 26.331481933593693, 6.517272401536625 ], [ 26.317749023437443, 6.511814706347877 ], [ 26.32598876953119, 6.500899137995948 ], [ 26.31500244140619, 6.489983332670636 ], [ 26.29302978515619, 6.487254344358046 ], [ 26.290283203124943, 6.470880104310435 ], [ 26.30401611328119, 6.457234498765334 ], [ 26.301269531249943, 6.39445998746679 ], [ 26.31500244140619, 6.372623564070253 ], [ 26.32598876953119, 6.372623564070253 ], [ 26.36718749999994, 6.348056476859341 ], [ 26.375427246093693, 6.320758338986843 ], [ 26.39739990234369, 6.309838680093351 ], [ 26.435852050781193, 6.307108729397876 ], [ 26.44958496093744, 6.296188782911214 ], [ 26.48529052734369, 6.290728723530742 ], [ 26.488037109374943, 6.279808432740419 ], [ 26.47155761718744, 6.217012327817164 ], [ 26.49902343749994, 6.217012327817164 ], [ 26.52099609374994, 6.236124983039274 ], [ 26.529235839843693, 6.225203550938961 ], [ 26.534729003906193, 6.192437893691226 ], [ 26.52374267578119, 6.15967020325935 ], [ 26.45782470703119, 6.118707747190827 ], [ 26.44683837890619, 6.085935520826546 ], [ 26.44958496093744, 6.06954865745124 ], [ 26.482543945312443, 6.102321884514749 ], [ 26.52099609374994, 6.115976804926881 ], [ 26.53747558593744, 6.094128765214354 ], [ 26.53747558593744, 6.064086258846939 ], [ 26.55395507812494, 6.055892557222474 ], [ 26.55944824218744, 6.031310707125801 ], [ 26.608886718749943, 6.031310707125801 ], [ 26.62261962890619, 6.012190719736547 ], [ 26.64459228515619, 6.012190719736547 ], [ 26.663818359374943, 5.995801624171902 ], [ 26.69677734374994, 6.017653641940915 ], [ 26.73248291015619, 5.998533174329315 ], [ 26.746215820312443, 6.006727742674179 ], [ 26.74896240234369, 6.020385082456002 ], [ 26.78192138671869, 6.001264710802925 ], [ 26.80114746093744, 5.968485371339487 ], [ 26.82312011718744, 5.990338482830229 ], [ 26.831359863281193, 5.979412036211417 ], [ 26.820373535156186, 5.941167756881695 ], [ 26.82861328124994, 5.900188795584161 ], [ 26.86157226562494, 5.891992639168972 ], [ 26.894531249999936, 5.894724704759795 ], [ 26.919250488281193, 5.905652832557855 ], [ 26.93572998046869, 5.86193903170282 ], [ 26.974182128906186, 5.859206805186884 ], [ 26.98791503906244, 5.86467124484214 ], [ 27.00714111328119, 5.853742312049746 ], [ 27.012634277343693, 5.842813165526557 ], [ 27.03186035156244, 5.84827776547991 ], [ 27.03460693359369, 5.82368664600482 ], [ 27.06756591796869, 5.799094449996229 ], [ 27.10601806640619, 5.810024447507315 ], [ 27.14172363281244, 5.782699056797074 ], [ 27.160949707031193, 5.777233820078857 ], [ 27.155456542968686, 5.763570497636465 ], [ 27.16369628906244, 5.747174076651365 ], [ 27.199401855468693, 5.744441293870607 ], [ 27.202148437499936, 5.722578560104615 ], [ 27.22686767578119, 5.697981985463124 ], [ 27.221374511718693, 5.678850587647919 ], [ 27.229614257812436, 5.662451740971931 ], [ 27.24334716796869, 5.654252143030233 ], [ 27.23785400390619, 5.605052121404774 ], [ 27.262573242187436, 5.605052121404774 ], [ 27.28729248046869, 5.594118218884778 ], [ 27.28179931640619, 5.569516191569184 ], [ 27.28729248046869, 5.54217939765022 ], [ 27.262573242187436, 5.514841338097543 ], [ 27.23510742187494, 5.430085376999308 ], [ 27.24334716796869, 5.413679614940922 ], [ 27.23785400390619, 5.397273407690895 ], [ 27.251586914062436, 5.375397774474735 ], [ 27.25433349609369, 5.323440001568081 ], [ 27.27081298828119, 5.317970506163181 ], [ 27.268066406249943, 5.309766171943668 ], [ 27.27905273437494, 5.285152514834113 ], [ 27.29278564453119, 5.287887414011316 ], [ 27.303771972656186, 5.279682680257221 ], [ 27.30651855468744, 5.241392489834237 ], [ 27.31750488281244, 5.233187143028957 ], [ 27.31750488281244, 5.216776126697303 ], [ 27.34497070312494, 5.203099951850091 ], [ 27.347717285156186, 5.194894104202485 ], [ 27.36145019531244, 5.200364681183466 ], [ 27.36145019531244, 5.183952807822721 ], [ 27.383422851562436, 5.181217454093472 ], [ 27.39440917968744, 5.170275920824727 ], [ 27.40264892578119, 5.173011321882308 ], [ 27.399902343749936, 5.164805083265878 ], [ 27.421875, 5.145656780300511 ], [ 27.424621582031186, 5.11556542640735 ], [ 27.44110107421869, 5.093679916261942 ], [ 27.46582031249994, 5.08547265767072 ], [ 27.449340820312443, 5.019810836520873 ], [ 27.44659423828119, 5.011602642331355 ], [ 27.449340820312443, 5.003394345022144 ], [ 27.458953857421818, 5.00065822303248 ], [ 27.464447021484311, 4.991081706074595 ], [ 27.478179931640565, 4.988345532685297 ], [ 27.48779296874994, 4.973296375343815 ], [ 27.500152587890565, 4.971928253058893 ], [ 27.505645751953065, 4.963719459694696 ], [ 27.51251220703119, 4.960983172532957 ], [ 27.513885498046815, 4.956878720523821 ], [ 27.507019042968686, 4.939092467404845 ], [ 27.50976562499994, 4.924042188161768 ], [ 27.513885498046815, 4.921305737130188 ], [ 27.52075195312494, 4.925410409455613 ], [ 27.533111572265568, 4.914464560331356 ], [ 27.548217773437436, 4.91035982053226 ], [ 27.560577392578061, 4.889835742990693 ], [ 27.575683593749943, 4.887099151737504 ], [ 27.585296630859311, 4.89530889194458 ], [ 27.605895996093686, 4.89667717218843 ], [ 27.615509033203061, 4.891204034424388 ], [ 27.645721435546811, 4.89667717218843 ], [ 27.656707763671815, 4.884362549308413 ], [ 27.66082763671869, 4.885730851919559 ], [ 27.666320800781186, 4.87888931094732 ], [ 27.67456054687494, 4.877520994381793 ], [ 27.675933837890561, 4.86931103645614 ], [ 27.68280029296869, 4.866574361534759 ], [ 27.686920166015561, 4.85289082011056 ], [ 27.700653076171815, 4.840575395577866 ], [ 27.697906494140561, 4.828259746866964 ], [ 27.70477294921869, 4.824154480910262 ], [ 27.707519531249936, 4.817312315826106 ], [ 27.697906494140561, 4.800890838853959 ], [ 27.706146240234315, 4.791311461314756 ], [ 27.726745605468686, 4.787205972686505 ], [ 27.729492187499936, 4.799522364577625 ], [ 27.733612060546815, 4.800890838853959 ], [ 27.75695800781244, 4.79678540779259 ], [ 27.77343749999994, 4.78857447163436 ], [ 27.77069091796869, 4.778994921541024 ], [ 27.780303955078065, 4.77215230376199 ], [ 27.772064208984311, 4.759835419905667 ], [ 27.783050537109311, 4.748886893593422 ], [ 27.776184082031186, 4.736569593761296 ], [ 27.781677246093686, 4.724252074523251 ], [ 27.776184082031186, 4.718777551249842 ], [ 27.766571044921811, 4.694141662906948 ], [ 27.769317626953061, 4.687298206027653 ], [ 27.77893066406244, 4.679085969314919 ], [ 27.77893066406244, 4.669504904730955 ], [ 27.79541015624994, 4.629810531745268 ], [ 27.788543701171818, 4.610646932717071 ], [ 27.79266357421869, 4.606540379886416 ], [ 27.807769775390565, 4.606540379886416 ], [ 27.824249267578061, 4.596958331092567 ], [ 27.83935546874994, 4.592851699293238 ], [ 27.846221923828061, 4.572318186037974 ], [ 27.857208251953061, 4.56958033974825 ], [ 27.879180908203061, 4.547677193529803 ], [ 27.892913818359311, 4.539463341820083 ], [ 27.92724609374994, 4.536725370466204 ], [ 27.928619384765565, 4.546308224744371 ], [ 27.939605712890565, 4.553153042647557 ], [ 27.94372558593744, 4.573687105259828 ], [ 27.94921874999994, 4.580531662107957 ], [ 27.953338623046811, 4.579162755975737 ], [ 27.956085205078065, 4.568211412681934 ], [ 27.975311279296811, 4.561366738166851 ], [ 27.979431152343693, 4.555890951581179 ], [ 27.983551025390565, 4.557259902138958 ], [ 27.984924316406186, 4.562735678291745 ], [ 27.99041748046869, 4.555890951581179 ], [ 27.995910644531186, 4.559997795432571 ], [ 28.002777099609315, 4.554521998417121 ], [ 28.016510009765561, 4.555890951581179 ], [ 28.02337646484369, 4.547677193529803 ], [ 28.048095703124925, 4.551784084273266 ] ], [ [ 24.841461181640568, 9.815976003248123 ], [ 24.857940673828068, 9.818682365357208 ], [ 24.857940673828068, 9.824095023198554 ], [ 24.864807128906193, 9.821388705342638 ], [ 24.862060546874943, 9.826801318919099 ], [ 24.867553710937443, 9.829507592498418 ], [ 24.875793457031197, 9.826801318919099 ], [ 24.877166748046818, 9.832213843930651 ], [ 24.873046874999943, 9.834920073209947 ], [ 24.879913330078068, 9.845744768680609 ], [ 24.885406494140572, 9.841685549450643 ], [ 24.889526367187443, 9.845744768680609 ], [ 24.897766113281197, 9.841685549450643 ], [ 24.892272949218693, 9.847097830667135 ], [ 24.903259277343697, 9.853863057390818 ], [ 24.903259277343697, 9.860628145365876 ], [ 24.912872314453072, 9.851156983346058 ], [ 24.914245605468693, 9.855216086088648 ], [ 24.908752441406197, 9.857922126831541 ], [ 24.908752441406197, 9.861981146303 ], [ 24.915618896484318, 9.859275138875145 ], [ 24.922485351562443, 9.86604011578544 ], [ 24.926605224609318, 9.863334141685792 ], [ 24.923858642578068, 9.867393094500835 ], [ 24.926605224609318, 9.872804953782472 ], [ 24.941711425781193, 9.871451997300516 ], [ 24.944458007812447, 9.875510850065089 ], [ 24.938964843749943, 9.878216724101097 ], [ 24.945831298828072, 9.879569652774792 ], [ 24.943084716796818, 9.890392881804479 ], [ 24.952697753906193, 9.886334212670965 ], [ 24.958190917968693, 9.890392881804479 ], [ 24.949951171874947, 9.893098633379552 ], [ 24.948577880859322, 9.897157218956639 ], [ 24.956817626953068, 9.897157218956639 ], [ 24.955444335937447, 9.901215754373535 ], [ 24.960937499999947, 9.902568588362383 ], [ 24.977416992187447, 9.89580436266999 ], [ 24.982910156249947, 9.902568588362383 ], [ 24.981536865234322, 9.905274239610506 ], [ 24.970550537109322, 9.903921416774953 ], [ 24.970550537109322, 9.910685475168011 ], [ 24.980163574218693, 9.924213173312801 ], [ 24.974670410156193, 9.930976812881774 ], [ 24.985656738281193, 9.930976812881774 ], [ 24.984283447265568, 9.936387623891978 ], [ 24.988403320312443, 9.937740312659971 ], [ 24.984283447265568, 9.94315101177178 ], [ 24.988403320312443, 9.948561621312255 ], [ 24.981536865234322, 9.949914259696374 ], [ 24.987030029296822, 9.95126689247863 ], [ 24.985656738281193, 9.959382571492148 ], [ 24.993896484374943, 9.962087752981969 ], [ 24.992523193359322, 9.968850608546088 ], [ 24.999389648437443, 9.963440335314589 ], [ 24.999389648437443, 9.97426079198415 ], [ 25.00762939453119, 9.967498048654521 ], [ 25.017242431640568, 9.968850608546088 ], [ 25.017242431640568, 9.975613323807963 ], [ 25.021362304687443, 9.978318370607633 ], [ 25.010375976562443, 9.985080889292981 ], [ 25.011749267578068, 10.001310360636909 ], [ 25.014495849609322, 10.004015193747009 ], [ 25.021362304687443, 10.002662780007132 ], [ 25.019989013671822, 10.01077717796565 ], [ 25.029602050781197, 10.008072401177262 ], [ 25.036468505859318, 10.01212955790812 ], [ 25.040588378906193, 10.016186663919864 ], [ 25.035095214843697, 10.021596059671745 ], [ 25.044708251953072, 10.016186663919864 ], [ 25.047454833984318, 10.021596059671745 ], [ 25.041961669921822, 10.028357677443394 ], [ 25.047454833984318, 10.032414580381642 ], [ 25.044708251953072, 10.033766870069227 ], [ 25.037841796874943, 10.027005365174572 ], [ 25.035095214843697, 10.028357677443394 ], [ 25.041961669921822, 10.036471432502259 ], [ 25.029602050781197, 10.035119154109676 ], [ 25.035095214843697, 10.039175972340921 ], [ 25.037841796874943, 10.047289456232303 ], [ 25.030975341796818, 10.054050537318318 ], [ 25.036468505859318, 10.0608114769524 ], [ 25.048828124999943, 10.062163647896959 ], [ 25.055694580078072, 10.059459300346115 ], [ 25.047454833984318, 10.079741354627446 ], [ 25.048828124999943, 10.083797612420236 ], [ 25.054321289062443, 10.082445532162456 ], [ 25.062561035156193, 10.072980811543829 ], [ 25.063934326171818, 10.082445532162456 ], [ 25.070800781249943, 10.079741354627446 ], [ 25.069427490234318, 10.0865017559127 ], [ 25.076293945312447, 10.083797612420236 ], [ 25.079040527343697, 10.089205876702842 ], [ 25.072174072265572, 10.098670120603362 ], [ 25.079040527343697, 10.113541941247387 ], [ 25.070800781249943, 10.114893890815917 ], [ 25.073547363281193, 10.127061180755323 ], [ 25.068054199218693, 10.136524309456201 ], [ 25.054321289062443, 10.144635340238558 ], [ 25.058441162109318, 10.150042579964838 ], [ 25.052947998046818, 10.154097949808882 ], [ 25.039215087890568, 10.150042579964838 ], [ 25.041961669921822, 10.155449728333835 ], [ 25.033721923828072, 10.162208535252887 ], [ 25.030975341796818, 10.160856785298936 ], [ 25.032348632812447, 10.16761547789757 ], [ 25.055694580078072, 10.181132434056508 ], [ 25.041961669921822, 10.187890697434792 ], [ 25.052947998046818, 10.201406794334021 ], [ 25.050201416015565, 10.20816462767301 ], [ 25.058441162109318, 10.209516177120314 ], [ 25.054321289062443, 10.218976862438533 ], [ 25.048828124999943, 10.221679863674908 ], [ 25.055694580078072, 10.225734322414567 ], [ 25.055694580078072, 10.233843084608223 ], [ 25.063934326171818, 10.236545959307538 ], [ 25.057067871093697, 10.239248810981204 ], [ 25.062561035156193, 10.247357227790108 ], [ 25.057067871093697, 10.258168127489904 ], [ 25.068054199218693, 10.26222211972453 ], [ 25.062561035156193, 10.270329948377965 ], [ 25.069427490234318, 10.270329948377965 ], [ 25.070800781249943, 10.277086313461234 ], [ 25.080413818359318, 10.275735051998126 ], [ 25.084533691406197, 10.286544981871984 ], [ 25.083160400390568, 10.302759182568906 ], [ 25.098266601562447, 10.316270379412652 ], [ 25.109252929687447, 10.316270379412652 ], [ 25.117492675781193, 10.305461468297167 ], [ 25.122985839843693, 10.304110328329417 ], [ 25.122985839843693, 10.324376819199093 ], [ 25.138092041015568, 10.327078919373072 ], [ 25.143585205078068, 10.336536087082951 ], [ 25.147705078124943, 10.33383406820591 ], [ 25.146331787109322, 10.327078919373072 ], [ 25.155944824218693, 10.325727872188274 ], [ 25.158691406249947, 10.32032362541252 ], [ 25.165557861328068, 10.32167469581049 ], [ 25.168304443359322, 10.331132026093911 ], [ 25.173797607421822, 10.32167469581049 ], [ 25.182037353515568, 10.318972549213074 ], [ 25.183410644531197, 10.323025760406258 ], [ 25.177917480468697, 10.335185080549159 ], [ 25.193023681640568, 10.33383406820591 ], [ 25.191650390624943, 10.348694884341244 ], [ 25.197143554687443, 10.345992970093411 ], [ 25.197143554687443, 10.337887087806541 ], [ 25.202636718749943, 10.341940055108912 ], [ 25.205383300781197, 10.350045832740435 ], [ 25.212249755859318, 10.34464200424622 ], [ 25.208129882812443, 10.354098643030383 ], [ 25.216369628906193, 10.35950230860543 ], [ 25.225982666015572, 10.35680048746007 ], [ 25.230102539062443, 10.348694884341244 ], [ 25.241088867187443, 10.355449568155406 ], [ 25.241088867187443, 10.350045832740435 ], [ 25.23559570312494, 10.343291032584476 ], [ 25.239715576171818, 10.340589071820251 ], [ 25.247955322265572, 10.34464200424622 ], [ 25.250701904296818, 10.341940055108912 ], [ 25.246582031249947, 10.339238082719218 ], [ 25.247955322265572, 10.335185080549159 ], [ 25.254821777343693, 10.34464200424622 ], [ 25.272674560546815, 10.340589071820251 ], [ 25.272674560546815, 10.332483050053916 ], [ 25.278167724609318, 10.351396775322172 ], [ 25.275421142578068, 10.35950230860543 ], [ 25.287780761718693, 10.354098643030383 ], [ 25.300140380859322, 10.355449568155406 ], [ 25.301513671874943, 10.360853210444668 ], [ 25.3125, 10.354098643030383 ], [ 25.323486328124943, 10.354098643030383 ], [ 25.319366455078068, 10.35680048746007 ], [ 25.320739746093693, 10.364905881019922 ], [ 25.330352783203068, 10.364905881019922 ], [ 25.330352783203068, 10.37166021546024 ], [ 25.338592529296818, 10.37841440417389 ], [ 25.350952148437443, 10.370309360227408 ], [ 25.350952148437443, 10.37841440417389 ], [ 25.359191894531197, 10.377063578093647 ], [ 25.363311767578068, 10.382466847415539 ], [ 25.368804931640568, 10.382466847415539 ], [ 25.372924804687443, 10.374361908437979 ], [ 25.364685058593693, 10.368958499166233 ], [ 25.375671386718693, 10.37166021546024 ], [ 25.385284423828068, 10.381116038835559 ], [ 25.388031005859318, 10.389220802777837 ], [ 25.392150878906193, 10.389220802777837 ], [ 25.396270751953072, 10.383817650160646 ], [ 25.396270751953072, 10.373011064864007 ], [ 25.404510498046818, 10.382466847415539 ], [ 25.414123535156193, 10.37841440417389 ], [ 25.415496826171818, 10.391922344058333 ], [ 25.423736572265572, 10.383817650160646 ], [ 25.429229736328068, 10.387870023379474 ], [ 25.431976318359318, 10.383817650160646 ], [ 25.438842773437447, 10.382466847415539 ], [ 25.441589355468693, 10.395974612177632 ], [ 25.448455810546822, 10.389220802777837 ], [ 25.445709228515568, 10.381116038835559 ], [ 25.458068847656193, 10.373011064864007 ], [ 25.464935302734318, 10.377063578093647 ], [ 25.473175048828068, 10.373011064864007 ], [ 25.471801757812443, 10.387870023379474 ], [ 25.474548339843693, 10.390571576337697 ], [ 25.48553466796869, 10.381116038835559 ], [ 25.495147705078068, 10.379765224421435 ], [ 25.497894287109322, 10.374361908437979 ], [ 25.500640869140565, 10.382466847415539 ], [ 25.506134033203068, 10.38651923814334 ], [ 25.506134033203068, 10.394623861979026 ], [ 25.521240234374943, 10.38651923814334 ], [ 25.522613525390565, 10.395974612177632 ], [ 25.526733398437443, 10.398676095047733 ], [ 25.532226562499943, 10.393273105939016 ], [ 25.53771972656244, 10.393273105939016 ], [ 25.53771972656244, 10.385168447070154 ], [ 25.552825927734318, 10.406780403388952 ], [ 25.556945800781193, 10.405429699947677 ], [ 25.561065673828068, 10.395974612177632 ], [ 25.566558837890568, 10.397325356534111 ], [ 25.566558837890568, 10.405429699947677 ], [ 25.573425292968693, 10.389220802777837 ], [ 25.577545166015572, 10.393273105939016 ], [ 25.573425292968693, 10.400026827717781 ], [ 25.581665039062443, 10.406780403388952 ], [ 25.584411621093693, 10.397325356534111 ], [ 25.605010986328068, 10.406780403388952 ], [ 25.613250732421818, 10.401377554543524 ], [ 25.635223388671815, 10.406780403388952 ], [ 25.637969970703068, 10.398676095047733 ], [ 25.643463134765568, 10.398676095047733 ], [ 25.653076171874943, 10.406780403388952 ], [ 25.648956298828068, 10.416235163695191 ], [ 25.655822753906193, 10.417585820332713 ], [ 25.651702880859322, 10.420287116045829 ], [ 25.654449462890565, 10.425689637204067 ], [ 25.664062499999943, 10.425689637204067 ], [ 25.662689208984318, 10.432442656839546 ], [ 25.669555664062443, 10.42704025285023 ], [ 25.668182373046818, 10.412183158667485 ], [ 25.675048828124943, 10.412183158667485 ], [ 25.677795410156193, 10.406780403388952 ], [ 25.69152832031244, 10.402728275524238 ], [ 25.692901611328068, 10.413533832861852 ], [ 25.699768066406193, 10.410832478622286 ], [ 25.712127685546818, 10.420287116045829 ], [ 25.717620849609318, 10.417585820332713 ], [ 25.721740722656193, 10.420287116045829 ], [ 25.731353759765568, 10.412183158667485 ], [ 25.742340087890568, 10.421637755119974 ], [ 25.746459960937443, 10.421637755119974 ], [ 25.747833251953068, 10.42704025285023 ], [ 25.753326416015568, 10.422988388338217 ], [ 25.757446289062443, 10.428390862637585 ], [ 25.756072998046815, 10.436494398286126 ], [ 25.760192871093693, 10.439195529932304 ], [ 25.762939453124947, 10.437844967041519 ], [ 25.761566162109315, 10.42704025285023 ], [ 25.768432617187443, 10.42704025285023 ], [ 25.762939453124947, 10.418936471116499 ], [ 25.773925781249943, 10.420287116045829 ], [ 25.776672363281193, 10.424339015699818 ], [ 25.780792236328068, 10.421637755119974 ], [ 25.782165527343693, 10.431092064632969 ], [ 25.784912109374943, 10.420287116045829 ], [ 25.797271728515568, 10.420287116045829 ], [ 25.797271728515568, 10.414884501204664 ], [ 25.802764892578065, 10.420287116045829 ], [ 25.805511474609318, 10.417585820332713 ], [ 25.804138183593693, 10.421637755119974 ], [ 25.808258056640568, 10.424339015699818 ], [ 25.800018310546822, 10.428390862637585 ], [ 25.802764892578065, 10.431092064632969 ], [ 25.813751220703068, 10.425689637204067 ], [ 25.812377929687443, 10.420287116045829 ], [ 25.819244384765568, 10.416235163695191 ], [ 25.819244384765568, 10.412183158667485 ], [ 25.82061767578119, 10.422988388338217 ], [ 25.831604003906193, 10.416235163695191 ], [ 25.835723876953065, 10.422988388338217 ], [ 25.83984374999994, 10.420287116045829 ], [ 25.838470458984318, 10.424339015699818 ], [ 25.845336914062443, 10.413533832861852 ], [ 25.843963623046818, 10.404078990659198 ], [ 25.849456787109318, 10.404078990659198 ], [ 25.856323242187443, 10.410832478622286 ], [ 25.853576660156193, 10.400026827717781 ], [ 25.859069824218693, 10.400026827717781 ], [ 25.863189697265565, 10.395974612177632 ], [ 25.861816406249943, 10.391922344058333 ], [ 25.865936279296818, 10.395974612177632 ], [ 25.863189697265565, 10.402728275524238 ], [ 25.870056152343693, 10.404078990659198 ], [ 25.871429443359318, 10.401377554543524 ], [ 25.883789062499943, 10.405429699947677 ], [ 25.886535644531193, 10.401377554543524 ], [ 25.88928222656244, 10.406780403388952 ], [ 25.89477539062494, 10.404078990659198 ], [ 25.893402099609318, 10.409481792726982 ], [ 25.896148681640568, 10.410832478622286 ], [ 25.90026855468744, 10.401377554543524 ], [ 25.905761718749943, 10.400026827717781 ], [ 25.90026855468744, 10.377063578093647 ], [ 25.905761718749943, 10.379765224421435 ] ], [ [ 25.905761718749943, 10.379765224421435 ], [ 25.909881591796815, 10.381116038835559 ], [ 25.92224121093744, 10.37166021546024 ], [ 25.924987792968693, 10.382466847415539 ], [ 25.929107666015568, 10.385168447070154 ], [ 25.933227539062443, 10.374361908437979 ], [ 25.931854248046815, 10.179780764198204 ], [ 25.975799560546818, 10.16761547789757 ], [ 26.000518798828068, 10.155449728333835 ], [ 26.037597656249943, 10.124357378409988 ], [ 26.05407714843744, 10.108134086078948 ], [ 26.078796386718693, 10.058107118078835 ], [ 26.11724853515619, 9.99995793563707 ], [ 26.213378906249943, 9.916096621434857 ], [ 26.31500244140619, 9.631891798594294 ], [ 26.34521484374994, 9.59397958209459 ], [ 26.393280029296815, 9.56418843613953 ], [ 26.547088623046815, 9.522205574667462 ], [ 26.70227050781244, 9.488344668146555 ], [ 26.750335693359315, 9.496471591198292 ], [ 26.843719482421815, 9.53033169323667 ], [ 27.023620605468693, 9.603458034423005 ], [ 27.14172363281244, 9.626476027916798 ], [ 27.500152587890565, 9.623768110014355 ], [ 27.750091552734311, 9.606166114941949 ], [ 27.906646728515565, 9.610228195100213 ] ], [ [ 25.905761718749943, 10.379765224421435 ], [ 25.908508300781193, 10.375712746181437 ], [ 25.909881591796815, 10.37841440417389 ], [ 25.905761718749943, 10.379765224421435 ] ], [ [ 28.037109374999936, 4.550415123295029 ], [ 28.048095703124925, 4.551784084273266 ] ], [ [ 28.048095703124936, 4.551784084273268 ], [ 28.04809570312494, 4.551784084273268 ], [ 28.049468994140565, 4.547677193529803 ], [ 28.041229248046811, 4.531249396619764 ] ], [ [ 28.048095703124936, 4.551784084273268 ], [ 28.049468994140561, 4.547677193529803 ], [ 28.041229248046811, 4.531249396619764 ] ], [ [ 28.041229248046811, 4.531249396619764 ], [ 28.038482666015561, 4.476487385132384 ], [ 28.048095703124936, 4.4682727287446 ], [ 28.05084228515619, 4.458688846646816 ] ], [ [ 28.041229248046811, 4.531249396619764 ], [ 28.038482666015565, 4.476487385132384 ], [ 28.04809570312494, 4.4682727287446 ], [ 28.05084228515619, 4.458688846646816 ] ], [ [ 28.048095703124925, 4.551784084273266 ], [ 28.048095703124936, 4.551784084273268 ] ], [ [ 28.05084228515619, 4.458688846646816 ], [ 28.061828613281186, 4.455950571647068 ], [ 28.065948486328065, 4.446366528877151 ], [ 28.071441650390561, 4.443628208034021 ], [ 28.079681396484311, 4.417613653658046 ], [ 28.083801269531186, 4.416244441260854 ] ], [ [ 28.083801269531186, 4.416244441260854 ], [ 28.09204101562494, 4.423090477960902 ], [ 28.090667724609318, 4.438151535843009 ] ], [ [ 28.083801269531186, 4.416244441260854 ], [ 28.092041015624936, 4.423090477960902 ], [ 28.090667724609311, 4.438151535843009 ], [ 28.090667724609318, 4.438151535843009 ] ], [ [ 28.090667724609318, 4.438151535843009 ], [ 28.101654052734311, 4.438151535843009 ] ], [ [ 28.101654052734311, 4.438151535843009 ], [ 28.101654052734315, 4.438151535843009 ], [ 28.112640380859311, 4.446366528877149 ] ], [ [ 28.101654052734311, 4.438151535843009 ], [ 28.112640380859307, 4.446366528877151 ], [ 28.112640380859311, 4.446366528877149 ] ], [ [ 28.112640380859311, 4.446366528877149 ], [ 28.112640380859315, 4.446366528877151 ], [ 28.130493164062436, 4.432674823020449 ] ], [ [ 28.112640380859311, 4.446366528877149 ], [ 28.130493164062436, 4.432674823020449 ] ], [ [ 28.130493164062436, 4.432674823020449 ], [ 28.135986328124936, 4.442259043798195 ], [ 28.142852783203061, 4.440889877020568 ], [ 28.14971923828119, 4.421721275679629 ], [ 28.137359619140565, 4.410767566409495 ] ], [ [ 28.137359619140565, 4.410767566409495 ], [ 28.138732910156186, 4.401182938278333 ], [ 28.14697265624994, 4.395705952493872 ] ], [ [ 28.137359619140565, 4.410767566409495 ], [ 28.13873291015619, 4.401182938278333 ], [ 28.14697265624994, 4.395705952493872 ] ], [ [ 28.14697265624994, 4.395705952493872 ], [ 28.175811767578061, 4.387490398371424 ], [ 28.207397460937436, 4.350519288722573 ] ], [ [ 28.14697265624994, 4.395705952493872 ], [ 28.175811767578065, 4.387490398371424 ], [ 28.207397460937436, 4.350519288722573 ] ], [ [ 28.207397460937436, 4.350519288722573 ], [ 28.212890624999936, 4.351888621540636 ] ], [ [ 28.207397460937436, 4.350519288722573 ], [ 28.22113037109369, 4.354627279704492 ], [ 28.255462646484315, 4.347780615618067 ], [ 28.266448974609315, 4.361473881489612 ], [ 28.27880859374994, 4.355996605048731 ], [ 28.30902099609369, 4.361473881489612 ], [ 28.333740234374936, 4.358735248257942 ], [ 28.340606689453065, 4.351888621540636 ], [ 28.35296630859369, 4.355996605048731 ], [ 28.373565673828061, 4.32313211055449 ], [ 28.373565673828061, 4.299852230741909 ], [ 28.38043212890619, 4.284788399873675 ], [ 28.39965820312494, 4.28889674685539 ], [ 28.41613769531244, 4.280680030820486 ], [ 28.436737060546815, 4.287527300315168 ], [ 28.450469970703061, 4.287527300315168 ], [ 28.46282958984369, 4.294374508461302 ], [ 28.46832275390619, 4.305329913647427 ], [ 28.49029541015619, 4.324501493019189 ], [ 28.491668701171815, 4.340933889327535 ], [ 28.502655029296811, 4.350519288722573 ], [ 28.497161865234311, 4.35736592790014 ], [ 28.513641357421815, 4.36421250473752 ], [ 28.512268066406186, 4.373797607393281 ], [ 28.516387939453065, 4.377905471002946 ], [ 28.561706542968686, 4.388859663673148 ], [ 28.571319580078061, 4.382013312065179 ], [ 28.579559326171811, 4.382013312065179 ], [ 28.587799072265565, 4.387490398371424 ], [ 28.60290527343744, 4.420352070868211 ], [ 28.613891601562436, 4.421721275679629 ], [ 28.628997802734311, 4.417613653658046 ], [ 28.639984130859315, 4.425828874929902 ], [ 28.653717041015565, 4.424459677711251 ], [ 28.668823242187432, 4.429936451387879 ], [ 28.67156982421869, 4.434044005032577 ], [ 28.668823242187432, 4.442259043798195 ], [ 28.68530273437494, 4.458688846646816 ], [ 28.689422607421811, 4.479225583446765 ], [ 28.703155517578065, 4.488809196778639 ], [ 28.694915771484311, 4.50386890622939 ], [ 28.696289062499932, 4.509345086962855 ], [ 28.705902099609311, 4.514821226418335 ], [ 28.714141845703061, 4.513452195426995 ], [ 28.72375488281244, 4.525773381296498 ], [ 28.716888427734311, 4.532618393971767 ], [ 28.729248046874936, 4.544939253358096 ], [ 28.736114501953061, 4.538094357441236 ], [ 28.744354248046811, 4.544939253358096 ], [ 28.752593994140561, 4.542201302786118 ], [ 28.755340576171815, 4.547677193529803 ], [ 28.766326904296815, 4.546308224744371 ], [ 28.782806396484315, 4.562735678291745 ], [ 28.788299560546811, 4.564104615806477 ], [ 28.802032470703065, 4.557259902138958 ], [ 28.800659179687432, 4.546308224744371 ], [ 28.810272216796811, 4.542201302786118 ], [ 28.815765380859311, 4.520297324546121 ], [ 28.811645507812436, 4.513452195426995 ], [ 28.810272216796811, 4.495654557841725 ], [ 28.818511962890561, 4.495654557841725 ], [ 28.83636474609369, 4.479225583446765 ], [ 28.859710693359307, 4.48333286169552 ], [ 28.870697021484311, 4.491547348913976 ], [ 28.888549804687436, 4.487440116858251 ], [ 28.91052246093744, 4.476487385132384 ], [ 28.922882080078065, 4.484701949315912 ], [ 28.92700195312494, 4.477856485570578 ], [ 28.940734863281186, 4.477856485570578 ], [ 28.955841064453061, 4.484701949315912 ], [ 28.96545410156244, 4.479225583446765 ], [ 28.997039794921815, 4.484701949315912 ], [ 28.999786376953065, 4.494285490770212 ], [ 29.019012451171807, 4.495654557841725 ], [ 29.038238525390561, 4.488809196778639 ], [ 29.043731689453065, 4.48059467876017 ], [ 29.04235839843744, 4.472380068453536 ], [ 29.062957763671807, 4.457319710422118 ], [ 29.073944091796807, 4.462796240011034 ], [ 29.082183837890565, 4.461427111442053 ], [ 29.078063964843682, 4.434044005032577 ], [ 29.100036621093686, 4.436782361444634 ], [ 29.135742187499936, 4.431305638471957 ], [ 29.135742187499936, 4.416244441260854 ], [ 29.149475097656186, 4.409398341384893 ], [ 29.157714843749936, 4.392967444506271 ], [ 29.164581298828057, 4.392967444506271 ], [ 29.200286865234311, 4.365581812615621 ], [ 29.201660156249936, 4.350519288722573 ], [ 29.216766357421811, 4.340933889327535 ], [ 29.225006103515561, 4.342303239557305 ], [ 29.229125976562436, 4.34914995341479 ], [ 29.249725341796807, 4.351888621540636 ], [ 29.259338378906186, 4.375166897767143 ], [ 29.252471923828061, 4.383382587405086 ], [ 29.270324707031186, 4.398444450419966 ], [ 29.275817871093686, 4.398444450419966 ], [ 29.277191162109315, 4.392967444506271 ], [ 29.284057617187432, 4.388859663673148 ], [ 29.296417236328057, 4.394336699757371 ], [ 29.306030273437436, 4.383382587405086 ], [ 29.34722900390619, 4.397075202714996 ], [ 29.355468749999932, 4.449104839543743 ], [ 29.362335205078065, 4.451843140027579 ], [ 29.369201660156186, 4.471010957775087 ], [ 29.380187988281186, 4.469641844538517 ], [ 29.396667480468686, 4.475118282132962 ], [ 29.403533935546811, 4.472380068453536 ], [ 29.422760009765561, 4.497023622341132 ], [ 29.430999755859311, 4.499761743620522 ], [ 29.435119628906186, 4.512083161853449 ], [ 29.443359374999936, 4.517559280651296 ], [ 29.44885253906244, 4.527142389013049 ], [ 29.444732666015557, 4.539463341820083 ], [ 29.447479248046811, 4.550415123295029 ], [ 29.444732666015557, 4.561366738166851 ], [ 29.469451904296811, 4.584638364779971 ], [ 29.477691650390561, 4.601064939225746 ], [ 29.474945068359311, 4.620228796978989 ], [ 29.469451904296811, 4.627072906469981 ], [ 29.474945068359311, 4.632548146427751 ], [ 29.470825195312436, 4.638023343989468 ], [ 29.473571777343686, 4.648973611726062 ], [ 29.463958740234315, 4.666767433658979 ], [ 29.466705322265561, 4.67361109130669 ], [ 29.474945068359311, 4.666767433658979 ], [ 29.480438232421815, 4.67224236512011 ], [ 29.485931396484311, 4.690035596827175 ], [ 29.498291015624936, 4.696879026871404 ], [ 29.503784179687432, 4.690035596827175 ], [ 29.512023925781186, 4.688666902768198 ], [ 29.512023925781186, 4.676348535659974 ], [ 29.518890380859307, 4.674979814820236 ], [ 29.521636962890561, 4.665398694118873 ], [ 29.532623291015561, 4.657186200869464 ], [ 29.538116455078065, 4.655817442667008 ], [ 29.54223632812494, 4.664029951910389 ], [ 29.554595947265565, 4.67224236512011 ], [ 29.564208984374936, 4.662661207034304 ], [ 29.579315185546811, 4.664029951910389 ], [ 29.587554931640561, 4.655817442667008 ], [ 29.594421386718686, 4.657186200869464 ], [ 29.601287841796815, 4.650342383235488 ], [ 29.623260498046807, 4.658554956408196 ], [ 29.630126953124936, 4.653079918274036 ], [ 29.657592773437436, 4.646236060730788 ], [ 29.660339355468686, 4.633916949794751 ], [ 29.675445556640565, 4.631179340410998 ], [ 29.685058593749936, 4.621597624165829 ], [ 29.709777832031182, 4.617491134677782 ], [ 29.707031249999932, 4.606540379886416 ], [ 29.713897705078065, 4.602433803340707 ], [ 29.71801757812494, 4.59422057918796 ], [ 29.72900390624994, 4.591482816771273 ], [ 29.74548339843744, 4.56958033974825 ], [ 29.756469726562432, 4.575056021865307 ], [ 29.764709472656182, 4.587376153449681 ], [ 29.771575927734307, 4.577793847224038 ], [ 29.779815673828057, 4.575056021865307 ], [ 29.782562255859311, 4.568211412681934 ], [ 29.793548583984311, 4.561366738166851 ], [ 29.800415039062436, 4.56547355071027 ], [ 29.810028076171811, 4.56547355071027 ], [ 29.823760986328057, 4.561366738166851 ], [ 29.829254150390561, 4.555890951581179 ], [ 29.821014404296811, 4.551784084273268 ], [ 29.821014404296811, 4.542201302786118 ], [ 29.812774658203054, 4.539463341820083 ], [ 29.807281494140557, 4.525773381296498 ], [ 29.799041748046807, 4.520297324546121 ], [ 29.799041748046807, 4.506607001752763 ], [ 29.810028076171811, 4.50113080039895 ], [ 29.804534912109311, 4.479225583446765 ], [ 29.807281494140557, 4.473749176573086 ], [ 29.80316162109369, 4.465534489487844 ], [ 29.805908203124936, 4.458688846646816 ], [ 29.796295166015557, 4.432674823020449 ], [ 29.800415039062436, 4.399813695608005 ], [ 29.799041748046807, 4.375166897767143 ], [ 29.818267822265557, 4.358735248257942 ], [ 29.829254150390561, 4.355996605048731 ], [ 29.841613769531182, 4.335456463573474 ], [ 29.856719970703061, 4.340933889327535 ], [ 29.881439208984307, 4.343672587302019 ], [ 29.889678955078065, 4.34914995341479 ], [ 29.903411865234311, 4.347780615618067 ], [ 29.943237304687432, 4.313546364068512 ], [ 29.952850341796811, 4.310807557128073 ], [ 29.954223632812436, 4.303960496615185 ], [ 29.965209960937436, 4.29711337452038 ], [ 29.967956542968686, 4.287527300315168 ], [ 29.951477050781182, 4.266985308174456 ], [ 29.954223632812436, 4.260137855217608 ], [ 29.944610595703057, 4.243703719591416 ], [ 29.952850341796811, 4.239595130978843 ], [ 29.956970214843686, 4.2245301193692 ], [ 29.970703124999932, 4.219051860730366 ], [ 29.973449707031186, 4.209464815163465 ], [ 29.988555908203054, 4.214943141390632 ], [ 30.009155273437432, 4.209464815163465 ], [ 30.016021728515561, 4.213573563450947 ], [ 30.027008056640561, 4.206725637589237 ], [ 30.029754638671807, 4.188920748851938 ], [ 30.025634765624932, 4.180702971111713 ], [ 30.033874511718682, 4.162897490666855 ], [ 30.051727294921811, 4.150570383557887 ], [ 30.051727294921811, 4.143721907519254 ], [ 30.059967041015557, 4.132764222542458 ], [ 30.069580078124936, 4.127285323245355 ], [ 30.087432861328057, 4.127285323245355 ], [ 30.136871337890561, 4.109478639690106 ], [ 30.151977539062436, 4.110848398717291 ], [ 30.161590576171807, 4.119066903428989 ], [ 30.168457031249936, 4.095780920145408 ], [ 30.164337158203054, 4.075233901391135 ], [ 30.169830322265565, 4.062905437976154 ], [ 30.161590576171807, 4.049206924322046 ], [ 30.167083740234307, 4.040987704792814 ], [ 30.175323486328061, 4.040987704792814 ], [ 30.193176269531182, 4.027288820556349 ], [ 30.197296142578057, 4.009479926416884 ], [ 30.202789306640561, 4.001260305845252 ], [ 30.193176269531182, 3.983450845200946 ], [ 30.197296142578057, 3.965640999055506 ], [ 30.208282470703057, 3.957420940518126 ], [ 30.211029052734311, 3.939610534028499 ], [ 30.217895507812436, 3.932760276067082 ], [ 30.230255126953061, 3.940980578855522 ], [ 30.237121582031182, 3.932760276067082 ], [ 30.260467529296811, 3.947830769121445 ], [ 30.270080566406186, 3.945090699792031 ], [ 30.272827148437436, 3.954680902867259 ], [ 30.276947021484311, 3.956050922825434 ], [ 30.294799804687432, 3.939610534028499 ], [ 30.297546386718682, 3.931390217714996 ], [ 30.296173095703054, 3.914949342099948 ], [ 30.312652587890561, 3.925909961799956 ], [ 30.330505371093686, 3.917689510493097 ], [ 30.344238281249936, 3.924539892198423 ], [ 30.349731445312432, 3.920429669911641 ], [ 30.351104736328061, 3.913579254539846 ], [ 30.370330810546804, 3.906728783135244 ], [ 30.384063720703057, 3.891657549289993 ], [ 30.395050048828057, 3.891657549289993 ], [ 30.403289794921807, 3.882066623633617 ], [ 30.406036376953061, 3.86699494901947 ], [ 30.410156249999936, 3.865624783477442 ], [ 30.418395996093682, 3.868365112346702 ], [ 30.429382324218679, 3.864254615721396 ], [ 30.437622070312436, 3.877956193557504 ], [ 30.445861816406182, 3.882066623633617 ], [ 30.451354980468682, 3.861514273570376 ], [ 30.456848144531186, 3.857403743758221 ], [ 30.454101562499932, 3.850552816561633 ], [ 30.466461181640557, 3.832740148057831 ], [ 30.493927001953057, 3.836850796858235 ], [ 30.529632568359307, 3.856033562734456 ], [ 30.533752441406179, 3.840961425879923 ], [ 30.540618896484307, 3.846442233772202 ], [ 30.543365478515557, 3.840961425879923 ], [ 30.551605224609307, 3.842331631154905 ], [ 30.550231933593686, 3.816297355490294 ], [ 30.559844970703057, 3.813556859422899 ], [ 30.559844970703057, 3.803965054420248 ], [ 30.566711425781182, 3.79163257685843 ], [ 30.577697753906186, 3.753263746410429 ], [ 30.576324462890557, 3.705300339943493 ], [ 30.570831298828057, 3.691596030449679 ], [ 30.573577880859311, 3.671039169907719 ], [ 30.566711425781182, 3.642258770731396 ], [ 30.557098388671804, 3.628553494845413 ], [ 30.561218261718679, 3.620330229472508 ], [ 30.576324462890557, 3.620330229472508 ], [ 30.587310791015557, 3.610736325501996 ], [ 30.603790283203054, 3.610736325501996 ], [ 30.618896484374932, 3.605254049130217 ], [ 30.629882812499932, 3.607995191450646 ], [ 30.636749267578057, 3.616218568772464 ], [ 30.669708251953061, 3.631294566679492 ], [ 30.672454833984307, 3.638147209841426 ], [ 30.683441162109307, 3.643629286855501 ], [ 30.704040527343682, 3.6326650994761 ], [ 30.713653564453061, 3.6326650994761 ], [ 30.727386474609307, 3.623071326235673 ], [ 30.735626220703057, 3.640888252520494 ], [ 30.757598876953057, 3.636776685374822 ], [ 30.754852294921807, 3.655963837937756 ], [ 30.764465332031179, 3.665557260399629 ], [ 30.760345458984304, 3.673780112045713 ], [ 30.764465332031179, 3.677891509465071 ], [ 30.769958496093682, 3.673780112045713 ], [ 30.775451660156179, 3.683373343187839 ], [ 30.782318115234307, 3.668298219356942 ], [ 30.797424316406182, 3.655963837937756 ], [ 30.796051025390554, 3.636776685374822 ], [ 30.801544189453057, 3.6326650994761 ], [ 30.796051025390554, 3.621700778891631 ], [ 30.798797607421804, 3.60388347487105 ], [ 30.807037353515554, 3.59977173970712 ], [ 30.805664062499932, 3.592918806525992 ], [ 30.812530517578057, 3.590177618837337 ], [ 30.824890136718682, 3.592918806525992 ], [ 30.824890136718682, 3.583324613629867 ], [ 30.842742919921811, 3.580583397168952 ], [ 30.845489501953061, 3.584695218780901 ], [ 30.861968994140561, 3.570989074969926 ], [ 30.863342285156182, 3.550429475839476 ], [ 30.859222412109307, 3.532610786227172 ], [ 30.850982666015561, 3.524386660147947 ], [ 30.849609374999929, 3.501084575316727 ], [ 30.852355957031182, 3.501084575316727 ], [ 30.852355957031182, 3.490118687470546 ], [ 30.863342285156182, 3.492860171448146 ], [ 30.870208740234304, 3.502455302277252 ], [ 30.888061523437432, 3.554541432370174 ], [ 30.903167724609307, 3.573730320126537 ], [ 30.908660888671804, 3.592918806525992 ], [ 30.921020507812436, 3.59977173970712 ], [ 30.927886962890554, 3.616218568772464 ], [ 30.938873291015557, 3.620330229472508 ], [ 30.948486328124932, 3.6326650994761 ], [ 30.947113037109311, 3.65048183614675 ], [ 30.955352783203054, 3.668298219356942 ], [ 30.967712402343686, 3.675150579957964 ], [ 30.971832275390554, 3.690225587855421 ], [ 30.981445312499932, 3.699818641574832 ], [ 31.002044677734304, 3.706670759230822 ], [ 31.019897460937432, 3.69433690929269 ], [ 31.032257080078057, 3.698448211681733 ], [ 31.061096191406179, 3.719004437165772 ], [ 31.063842773437429, 3.72996756158347 ], [ 31.058349609374932, 3.734078698004915 ], [ 31.069335937499932, 3.742300913070784 ], [ 31.080322265624936, 3.743671274749709 ], [ 31.084442138671811, 3.739560183282338 ], [ 31.088562011718679, 3.742300913070784 ], [ 31.092681884765561, 3.734078698004915 ], [ 31.094055175781182, 3.739560183282338 ], [ 31.100921630859307, 3.735449072534886 ], [ 31.105041503906182, 3.740930549248067 ], [ 31.100921630859307, 3.74504163428406 ], [ 31.105041503906182, 3.750523050960128 ], [ 31.118774414062429, 3.753263746410429 ], [ 31.122894287109311, 3.761485781135481 ], [ 31.155853271484307, 3.780670226875182 ], [ 31.162719726562429, 3.790262290703939 ], [ 31.181945800781186, 3.794373142650968 ], [ 31.269836425781182, 3.793002860841033 ], [ 31.290435791015554, 3.795743422287455 ], [ 31.352233886718679, 3.753263746410429 ], [ 31.455230712890554, 3.698448211681733 ], [ 31.508789062499929, 3.676521045764677 ], [ 31.501922607421804, 3.643629286855501 ], [ 31.518070414702802, 3.638257548326447 ] ], [ [ 28.999786376953065, 9.671153534953017 ], [ 29.009399414062436, 9.68062981964823 ], [ 29.019012451171807, 9.707703444757605 ], [ 29.025878906249936, 9.715825105833067 ], [ 29.036865234374936, 9.718532282397575 ], [ 29.046478271484307, 9.737481904631149 ], [ 29.068450927734311, 9.730714305756919 ], [ 29.075317382812436, 9.733421361761616 ], [ 29.06982421874994, 9.737481904631149 ], [ 29.06982421874994, 9.746956312582373 ], [ 29.083557128906186, 9.734774881537195 ], [ 29.093170166015557, 9.740188905777277 ], [ 29.091796874999936, 9.745602842202597 ], [ 29.101409912109315, 9.738835407948057 ], [ 29.105529785156182, 9.745602842202597 ], [ 29.112396240234315, 9.737481904631149 ], [ 29.112396240234315, 9.746956312582373 ], [ 29.117889404296815, 9.749663236864929 ], [ 29.538116455078065, 9.749663236864929 ], [ 29.536743164062436, 10.082445532162456 ], [ 29.941864013671811, 10.287896197088935 ], [ 29.999542236328061, 10.287896197088935 ], [ 30.529632568359307, 9.96073516504091 ], [ 30.834503173828054, 9.711764299923948 ], [ 30.842742919921811, 9.725300127953904 ], [ 30.837249755859307, 9.749663236864929 ], [ 30.938873291015557, 9.749663236864929 ], [ 31.180572509765557, 9.749663236864929 ], [ 31.282196044921804, 9.759137298768453 ], [ 31.316528320312432, 9.775377920756739 ], [ 31.349487304687429, 9.801090616449562 ], [ 31.734008789062432, 10.252762723761121 ], [ 31.777954101562429, 10.289247406521849 ], [ 31.839752197265554, 10.379765224421435 ], [ 31.988067626953054, 10.649811055745831 ], [ 32.148742675781179, 10.737524743798497 ], [ 32.412414550781179, 11.000512279195714 ], [ 32.470092773437429, 11.043646956909221 ], [ 32.390441894531179, 11.181096335902275 ] ], [ [ 31.518070414702802, 3.638257548326447 ], [ 31.517715454101495, 3.638147209841426 ] ], [ [ 31.577453613281182, 3.675664504882266 ], [ 31.564407348632745, 3.666071190844178 ], [ 31.545352935790941, 3.650995775236985 ], [ 31.537971496581964, 3.647740822699229 ], [ 31.528186798095632, 3.641402197094079 ], [ 31.518070414702802, 3.638257548326447 ] ], [ [ 31.518070414702802, 3.638257548326447 ], [ 31.518402099609307, 3.638147209841426 ] ], [ [ 31.577453613281182, 3.675150579957964 ], [ 31.632385253906182, 3.684743796344925 ], [ 31.696929931640557, 3.70941159143421 ], [ 31.721649169921807, 3.727226793284036 ], [ 31.731262207031179, 3.751893399759906 ], [ 31.742248535156179, 3.756004433260585 ], [ 31.799926757812432, 3.801224519083304 ], [ 31.802673339843682, 3.80670558104155 ], [ 31.795806884765557, 3.813556859422899 ], [ 31.795806884765557, 3.821778321387644 ], [ 31.805419921874929, 3.824518791205116 ], [ 31.824645996093679, 3.820408083194937 ], [ 31.841125488281179, 3.803965054420248 ], [ 31.869964599609307, 3.7847811243827 ], [ 31.907043457031179, 3.736819444924966 ], [ 31.957855224609304, 3.660075317290384 ], [ 31.960601806640554, 3.647740822699229 ], [ 31.950988769531175, 3.629924031802336 ], [ 31.960601806640554, 3.579212785860635 ], [ 31.957855224609304, 3.57235969857171 ], [ 31.974334716796807, 3.575100939633624 ], [ 31.979827880859304, 3.580583397168952 ], [ 32.000427246093679, 3.579212785860635 ], [ 32.040252685546804, 3.586065821877948 ], [ 32.045745849609304, 3.592918806525992 ], [ 32.047119140624929, 3.587436422920223 ], [ 32.052612304687436, 3.591548213710613 ], [ 32.060852050781179, 3.584695218780901 ], [ 32.056732177734304, 3.581954006425623 ], [ 32.063598632812436, 3.580583397168952 ], [ 32.063598632812436, 3.575100939633624 ], [ 32.070465087890554, 3.576471557092189 ], [ 32.069091796874929, 3.570989074969926 ], [ 32.081451416015554, 3.565506560108832 ], [ 32.081451416015554, 3.558653370569664 ], [ 32.086944580078054, 3.560024012558913 ], [ 32.081451416015554, 3.553170782229034 ], [ 32.084197998046804, 3.544946838653131 ], [ 32.089691162109304, 3.546317500998668 ], [ 32.086944580078054, 3.542205507868847 ], [ 32.089691162109304, 3.535352145400864 ], [ 32.084197998046804, 3.533981466826558 ], [ 32.085571289062429, 3.531240103603488 ], [ 32.102050781249929, 3.532610786227172 ], [ 32.200927734374929, 3.505196750176207 ], [ 32.205047607421804, 3.512050334758227 ], [ 32.203674316406179, 3.528498732286352 ], [ 32.210540771484304, 3.536722821949308 ], [ 32.209167480468679, 3.546317500998668 ], [ 32.218780517578054, 3.561394652508235 ], [ 32.207794189453054, 3.592918806525992 ], [ 32.195434570312429, 3.594289397282697 ], [ 32.196807861328061, 3.601142320158719 ], [ 32.415161132812436, 3.74504163428406 ], [ 32.720031738281172, 3.768337417492061 ], [ 32.901306152343679, 3.814927108549174 ], [ 33.027648925781179, 3.893027672617515 ], [ 33.178710937499929, 3.779299923373678 ], [ 33.511047363281179, 3.751893399759906 ], [ 33.788117905588877, 4.031800660904936 ] ], [ [ 32.390441894531179, 11.181096335902275 ], [ 32.390441894531179, 11.26461221250441 ], [ 32.390441894531179, 11.706030770773792 ], [ 32.096557617187429, 11.950662353621896 ], [ 32.746124267578054, 11.952005876967048 ], [ 32.757110595703054, 11.980218325634876 ], [ 32.759857177734297, 12.013800730428127 ], [ 32.750244140624929, 12.050065023002437 ], [ 32.755737304687429, 12.067523861901408 ], [ 32.754364013671811, 12.078267197589527 ], [ 32.737884521484304, 12.14540326552874 ], [ 32.744750976562429, 12.201784486149666 ], [ 32.731018066406179, 12.236681138880533 ], [ 33.294067382812429, 12.219233387863978 ], [ 33.291320800781179, 12.207153501451698 ], [ 33.284454345703054, 12.199099937697429 ], [ 33.277587890624922, 12.199099937697429 ], [ 33.276214599609304, 12.193730759218607 ], [ 33.259735107421797, 12.187019133226103 ], [ 33.261108398437429, 12.177622571591858 ], [ 33.251495361328054, 12.172252958469372 ], [ 33.256988525390554, 12.15882845086179 ], [ 33.180084228515554, 11.750403248589114 ], [ 33.136138916015554, 11.626680427753843 ], [ 33.221062943138513, 11.125858212559427 ] ], [ [ 32.441253662109304, 11.092165893501976 ], [ 32.390441894531179, 11.181096335902275 ] ], [ [ 33.169097900390554, 7.798078531355283 ], [ 33.173217773437422, 7.798078531355283 ] ], [ [ 33.169097900390554, 7.798078531355283 ], [ 33.166351318359304, 7.798078531355283 ], [ 33.159484863281179, 7.803520861379604 ], [ 33.160858154296797, 7.798078531355283 ], [ 33.156738281249922, 7.796717937785387 ], [ 33.155364990234304, 7.788554283487946 ], [ 33.151245117187429, 7.791275519273134 ], [ 33.141632080078047, 7.78991490359067 ], [ 33.138885498046804, 7.785833030024744 ], [ 33.133392333984304, 7.791275519273134 ], [ 33.127899169921804, 7.784472396665774 ], [ 33.125152587890554, 7.791275519273134 ], [ 33.123779296874929, 7.78719365896572 ], [ 33.114166259765547, 7.78719365896572 ], [ 33.115539550781179, 7.783111758889557 ], [ 33.107299804687429, 7.784472396665774 ], [ 33.107299804687429, 7.780390470088404 ], [ 33.097686767578054, 7.783111758889557 ], [ 33.105926513671804, 7.785833030024744 ], [ 33.105926513671804, 7.795357339791472 ], [ 33.097686767578054, 7.792636130534593 ], [ 33.092193603515554, 7.803520861379604 ], [ 33.086700439453047, 7.800799705220001 ], [ 33.085327148437429, 7.795357339791472 ], [ 33.078460693359297, 7.798078531355283 ], [ 33.074340820312429, 7.79399673737429 ], [ 33.071594238281172, 7.795357339791472 ], [ 33.071594238281172, 7.791275519273134 ], [ 33.066101074218679, 7.792636130534593 ], [ 33.063354492187429, 7.78991490359067 ], [ 33.059234619140554, 7.796717937785387 ], [ 33.055114746093672, 7.78991490359067 ], [ 33.049621582031179, 7.792636130534593 ], [ 33.045501708984304, 7.78991490359067 ], [ 33.049621582031179, 7.799439120500407 ], [ 33.046875, 7.813044768423485 ], [ 33.027648925781179, 7.829370960701858 ], [ 33.018035888671804, 7.847056947123783 ], [ 33.004302978515554, 7.859300650934131 ], [ 33.004302978515554, 7.868823282019806 ], [ 33.000183105468679, 7.874264687307973 ], [ 33.004302978515554, 7.889228183185264 ], [ 33.013916015624929, 7.889228183185264 ], [ 33.016662597656179, 7.894669320210409 ], [ 33.000183105468679, 7.915072945519067 ], [ 33.005676269531179, 7.932755270460407 ], [ 32.997436523437422, 7.944996434709139 ], [ 33.013916015624929, 7.95723723397113 ], [ 33.027648925781179, 7.959957361963697 ], [ 33.038635253906179, 7.968117637574754 ], [ 33.040008544921797, 7.978997751976266 ], [ 33.035888671874922, 7.988517614539111 ], [ 33.038635253906179, 8.007556673489695 ], [ 33.044128417968679, 8.014356121830787 ], [ 33.077087402343679, 8.02251530986929 ], [ 33.082580566406172, 8.045632119478368 ], [ 33.078460693359297, 8.055150422824939 ], [ 33.088073730468679, 8.061949073939454 ], [ 33.083953857421804, 8.072826678012877 ], [ 33.104553222656179, 8.075546033280292 ], [ 33.116912841796804, 8.061949073939454 ], [ 33.122406005859304, 8.063308790453583 ], [ 33.118286132812429, 8.095940613664229 ], [ 33.121032714843679, 8.110895983145365 ], [ 33.145751953124929, 8.116334161444867 ], [ 33.160858154296797, 8.112255534618514 ], [ 33.171844482421804, 8.129929285046776 ], [ 33.185577392578047, 8.125850796317099 ], [ 33.192443847656179, 8.128569793410648 ], [ 33.192443847656179, 8.140805052181351 ], [ 33.186950683593679, 8.144883388744878 ], [ 33.182830810546804, 8.159836933865467 ], [ 33.189697265624929, 8.167993177231864 ], [ 33.177337646484304, 8.174789919410893 ], [ 33.177337646484304, 8.189742344383678 ], [ 33.167724609374929, 8.192460906801264 ], [ 33.166351318359304, 8.196538715606478 ], [ 33.171844482421804, 8.203334970708786 ], [ 33.199310302734297, 8.21556793697042 ], [ 33.204803466796804, 8.238673621756156 ], [ 33.199310302734297, 8.248187335350764 ], [ 33.191070556640554, 8.252264571092834 ], [ 33.182830810546804, 8.25090549718667 ], [ 33.174591064453054, 8.2563417647552 ], [ 33.170471191406179, 8.278086086107251 ], [ 33.174591064453054, 8.287598849355112 ], [ 33.170471191406179, 8.295752463330125 ], [ 33.173217773437422, 8.301188112000677 ], [ 33.197937011718679, 8.299829206884866 ], [ 33.202056884765554, 8.312059183575622 ], [ 33.192443847656179, 8.335159209650191 ], [ 33.204803466796804, 8.331082833500291 ], [ 33.215789794921797, 8.340594311750287 ], [ 33.217163085937429, 8.359616573543137 ], [ 33.193817138671804, 8.352823015039567 ], [ 33.186950683593679, 8.382713786521943 ], [ 33.193817138671804, 8.39494116760066 ], [ 33.188323974609297, 8.401733990731836 ], [ 33.191070556640554, 8.407168163601055 ], [ 33.215789794921797, 8.40580962752305 ], [ 33.214416503906179, 8.427545633059454 ], [ 33.218536376953054, 8.435696320349077 ], [ 33.228149414062422, 8.426187168471552 ], [ 33.235015869140554, 8.424828699112417 ], [ 33.243255615234304, 8.437054751517413 ], [ 33.250122070312422, 8.439771599521709 ], [ 33.243255615234304, 8.442488428411188 ], [ 33.243255615234304, 8.4479220288218 ], [ 33.258361816406172, 8.449280416968355 ], [ 33.269348144531179, 8.456072285927243 ], [ 33.270721435546797, 8.462864035194521 ], [ 33.281707763671804, 8.457430645359015 ], [ 33.285827636718679, 8.442488428411188 ], [ 33.292694091796804, 8.439771599521709 ], [ 33.299560546874929, 8.445205238179875 ], [ 33.311920166015554, 8.468297348367669 ], [ 33.317413330078054, 8.464222370676769 ], [ 33.320159912109297, 8.454713921707809 ], [ 33.333892822265547, 8.4479220288218 ], [ 33.348999023437422, 8.450638800330985 ], [ 33.366851806640547, 8.4479220288218 ], [ 33.370971679687429, 8.43841317790854 ], [ 33.380584716796804, 8.437054751517413 ], [ 33.386077880859304, 8.430262547918558 ], [ 33.397064208984304, 8.426187168471552 ], [ 33.403930664062429, 8.441130016356173 ], [ 33.417663574218672, 8.446563635892057 ], [ 33.423156738281172, 8.453355552701456 ], [ 33.445129394531179, 8.443846835686005 ], [ 33.468475341796797, 8.458789000002374 ], [ 33.478088378906179, 8.456072285927243 ], [ 33.487701416015554, 8.462864035194521 ], [ 33.489074707031179, 8.476447174280956 ], [ 33.495941162109297, 8.480522022463036 ], [ 33.505554199218679, 8.472372282909115 ], [ 33.512420654296797, 8.475088881954875 ], [ 33.522033691406179, 8.468297348367669 ], [ 33.531646728515554, 8.472372282909115 ], [ 33.544006347656179, 8.468297348367669 ], [ 33.560485839843679, 8.473730584830678 ], [ 33.563232421874929, 8.469655664676862 ], [ 33.560485839843679, 8.462864035194521 ], [ 33.567352294921797, 8.462864035194521 ], [ 33.567352294921797, 8.451997178908931 ], [ 33.578338623046797, 8.4479220288218 ], [ 33.593444824218672, 8.449280416968355 ], [ 33.596191406249929, 8.442488428411188 ], [ 33.601684570312422, 8.446563635892057 ], [ 33.601684570312422, 8.454713921707809 ], [ 33.616790771484297, 8.472372282909115 ], [ 33.656616210937422, 8.456072285927243 ], [ 33.66241453859773, 8.449189861055103 ] ], [ [ 33.663024902348404, 7.686495222237625 ], [ 33.647003173828054, 7.693299936880293 ], [ 33.636016845703047, 7.689217127736167 ], [ 33.630523681640554, 7.694660864529143 ], [ 33.620910644531172, 7.69602178781047 ], [ 33.603057861328054, 7.690578068483052 ], [ 33.590698242187429, 7.694660864529143 ], [ 33.581085205078054, 7.689217127736167 ], [ 33.565979003906172, 7.694660864529143 ], [ 33.567352294921797, 7.698743621267552 ], [ 33.564605712890554, 7.7001045314418 ], [ 33.548126220703054, 7.697382706723527 ], [ 33.549499511718679, 7.690578068483052 ], [ 33.537139892578054, 7.698743621267552 ], [ 33.539886474609297, 7.7055481284259 ], [ 33.531646728515554, 7.716435112415477 ], [ 33.520660400390554, 7.713713392680484 ], [ 33.526153564453054, 7.723239335097134 ], [ 33.524780273437422, 7.727321816111997 ], [ 33.515167236328047, 7.72868263434674 ], [ 33.517913818359304, 7.73684745161525 ], [ 33.509674072265554, 7.731404257656391 ], [ 33.504180908203047, 7.735486659709973 ], [ 33.502807617187429, 7.730043448195122 ], [ 33.498687744140554, 7.73684745161525 ], [ 33.500061035156179, 7.740929800982771 ], [ 33.490447998046804, 7.73276506272979 ], [ 33.483581542968679, 7.735486659709973 ], [ 33.484954833984304, 7.742290575319999 ], [ 33.482208251953054, 7.740929800982771 ], [ 33.482208251953054, 7.746372871965298 ], [ 33.469848632812429, 7.751815872609342 ], [ 33.465728759765547, 7.749094381082646 ], [ 33.462982177734304, 7.753176611774315 ], [ 33.462982177734304, 7.746372871965298 ], [ 33.457489013671804, 7.743651345263332 ], [ 33.454742431640554, 7.746372871965298 ], [ 33.454742431640554, 7.738208239129644 ], [ 33.443756103515554, 7.743651345263332 ], [ 33.443756103515554, 7.747733628722427 ], [ 33.447875976562429, 7.745012110812016 ], [ 33.446502685546804, 7.7504551290452 ], [ 33.439636230468679, 7.747733628722427 ], [ 33.436889648437429, 7.7504551290452 ], [ 33.439636230468679, 7.753176611774315 ], [ 33.434143066406172, 7.753176611774315 ], [ 33.435516357421804, 7.757258802866686 ], [ 33.428649902343679, 7.754537346539363 ], [ 33.425903320312422, 7.757258802866686 ], [ 33.428649902343679, 7.751815872609342 ], [ 33.420410156249929, 7.745012110812016 ], [ 33.419036865234297, 7.738208239129644 ], [ 33.416290283203054, 7.740929800982771 ], [ 33.399810791015554, 7.740929800982771 ], [ 33.402557373046804, 7.731404257656391 ], [ 33.395690917968679, 7.73276506272979 ], [ 33.394317626953047, 7.730043448195122 ], [ 33.388824462890554, 7.73684745161525 ], [ 33.391571044921797, 7.740929800982771 ], [ 33.384704589843679, 7.739569022252402 ], [ 33.384704589843679, 7.73684745161525 ], [ 33.381958007812429, 7.743651345263332 ], [ 33.381958007812429, 7.73684745161525 ], [ 33.373718261718679, 7.730043448195122 ], [ 33.365478515624929, 7.73276506272979 ], [ 33.364105224609297, 7.720517659169237 ], [ 33.358612060546804, 7.720517659169237 ], [ 33.358612060546804, 7.72460016648644 ], [ 33.350372314453054, 7.730043448195122 ], [ 33.344879150390547, 7.717795965713981 ], [ 33.348999023437422, 7.71507425473739 ], [ 33.338012695312429, 7.717795965713981 ], [ 33.343505859374922, 7.712352526245502 ], [ 33.340759277343679, 7.706909016739935 ], [ 33.335266113281179, 7.71507425473739 ], [ 33.329772949218679, 7.713713392680484 ], [ 33.328399658203054, 7.70963078024434 ], [ 33.322906494140554, 7.712352526245502 ], [ 33.322906494140554, 7.706909016739935 ], [ 33.318786621093679, 7.70963078024434 ], [ 33.321533203124922, 7.713713392680484 ], [ 33.316040039062429, 7.72460016648644 ], [ 33.317413330078054, 7.731404257656391 ], [ 33.313293457031179, 7.725960993491646 ], [ 33.306427001953054, 7.72868263434674 ], [ 33.303680419921804, 7.725960993491646 ], [ 33.302307128906172, 7.743651345263332 ], [ 33.295440673828054, 7.740929800982771 ], [ 33.299560546874929, 7.735486659709973 ], [ 33.295440673828054, 7.734125863414571 ], [ 33.291320800781179, 7.740929800982771 ], [ 33.295440673828054, 7.749094381082646 ], [ 33.284454345703054, 7.742290575319999 ], [ 33.283081054687429, 7.753176611774315 ], [ 33.276214599609304, 7.747733628722427 ], [ 33.276214599609304, 7.75589807690374 ], [ 33.269348144531179, 7.753176611774315 ], [ 33.267974853515554, 7.759980241585282 ], [ 33.263854980468679, 7.757258802866686 ], [ 33.263854980468679, 7.761340954339427 ], [ 33.261108398437429, 7.759980241585282 ], [ 33.256988525390554, 7.765423066172196 ], [ 33.255615234374929, 7.759980241585282 ], [ 33.251495361328054, 7.765423066172196 ], [ 33.254241943359304, 7.769505138344655 ], [ 33.246002197265547, 7.772226497749416 ], [ 33.250122070312422, 7.777669163627316 ], [ 33.244628906249929, 7.779029819064979 ], [ 33.241882324218679, 7.774947839512313 ], [ 33.233642578124929, 7.783111758889557 ], [ 33.232269287109304, 7.777669163627316 ], [ 33.226776123046797, 7.777669163627316 ], [ 33.225402832031179, 7.768144452028457 ], [ 33.213043212890554, 7.774947839512313 ], [ 33.207550048828054, 7.772226497749416 ], [ 33.210296630859304, 7.777669163627316 ], [ 33.206176757812429, 7.779029819064979 ], [ 33.204803466796804, 7.773587170836471 ], [ 33.200683593749929, 7.785833030024744 ], [ 33.195190429687429, 7.783111758889557 ], [ 33.189697265624929, 7.788554283487946 ], [ 33.186950683593679, 7.781751116696851 ], [ 33.185577392578047, 7.78991490359067 ], [ 33.180084228515554, 7.788554283487946 ], [ 33.173217773437422, 7.796717937785387 ], [ 33.164978027343679, 7.788554283487946 ], [ 33.164978027343679, 7.795357339791472 ], [ 33.170471191406179, 7.79399673737429 ], [ 33.169097900390554, 7.798078531355283 ] ], [ [ 33.197937011718679, 11.26461221250441 ], [ 33.221062943138513, 11.125858212559427 ] ], [ [ 33.221062943138513, 11.125858212559427 ], [ 33.270721435546797, 10.827910669267096 ], [ 33.246002197265547, 10.777999410603854 ], [ 33.516540527343679, 10.643062800255715 ], [ 33.663995982727357, 10.44846845423589 ] ], [ [ 33.221062943138513, 11.125858212559427 ], [ 33.226776123046797, 11.092165893501976 ] ], [ [ 33.662109374999922, 3.903988578906052 ], [ 33.788117905588877, 4.031800660904936 ] ], [ [ 33.662109374999922, 7.687856182624778 ], [ 33.663024902348404, 7.686495222237625 ] ], [ [ 33.66241453859773, 8.449189861055103 ], [ 33.662109374999922, 8.449280416968355 ] ], [ [ 33.662109374999922, 10.449999821845671 ], [ 33.663995982727357, 10.44846845423589 ] ], [ [ 33.675842285156151, 8.445205238179881 ], [ 33.663482666015547, 8.4479220288218 ], [ 33.66241453859773, 8.449189861055103 ] ], [ [ 33.675842285156151, 8.445205238179881 ], [ 33.66241453859773, 8.449189861055103 ] ], [ [ 33.663024902348404, 7.686495222237625 ], [ 33.667602539062422, 7.679690420344061 ] ], [ [ 33.667602539062422, 7.679690420344061 ], [ 33.666229248046804, 7.685134279311499 ], [ 33.663024902348404, 7.686495222237625 ] ], [ [ 33.663995982727357, 10.44846845423589 ], [ 33.668975830078054, 10.441896638117145 ], [ 33.803558349609297, 10.335185080549159 ] ], [ [ 33.663995982727357, 10.44846845423589 ], [ 33.803558349609297, 10.335185080549159 ] ], [ [ 33.667602539062422, 7.679690420344061 ], [ 33.674468994140554, 7.679690420344061 ], [ 33.678588867187429, 7.671524501131167 ], [ 33.688201904296797, 7.670163499349822 ], [ 33.686828613281172, 7.666080467885116 ], [ 33.699188232421797, 7.664719448692498 ] ], [ [ 33.674468994140554, 8.428904092875369 ], [ 33.678588867187429, 8.437054751517413 ] ], [ [ 33.689575195312429, 8.399016875747504 ], [ 33.679962158203047, 8.409885221473987 ], [ 33.679962158203047, 8.420753262415062 ], [ 33.674468994140554, 8.428904092875369 ] ], [ [ 33.689575195312429, 8.399016875747504 ], [ 33.679962158203054, 8.409885221473987 ], [ 33.679962158203054, 8.420753262415062 ], [ 33.674468994140554, 8.428904092875369 ] ], [ [ 33.678588867187429, 8.437054751517413 ], [ 33.675842285156172, 8.445205238179875 ], [ 33.675842285156151, 8.445205238179881 ] ], [ [ 33.678588867187429, 8.437054751517413 ], [ 33.675842285156179, 8.445205238179875 ], [ 33.675842285156151, 8.445205238179881 ] ], [ [ 33.689575195312429, 8.386789622967703 ], [ 33.689575195312429, 8.399016875747504 ] ], [ [ 33.700561523437429, 8.378637907350232 ], [ 33.700561523437422, 8.378637907350232 ], [ 33.689575195312429, 8.386789622967703 ] ], [ [ 33.700561523437429, 8.378637907350232 ], [ 33.689575195312429, 8.386789622967703 ] ], [ [ 33.699188232421797, 7.664719448692498 ], [ 33.700561523437422, 7.659275328420242 ], [ 33.700561523437429, 7.659275328420244 ] ], [ [ 33.700561523437429, 7.659275328420244 ], [ 33.699188232421797, 7.664719448692498 ] ], [ [ 33.700561523437429, 7.659275328420244 ], [ 33.715667724609297, 7.663358425148949 ] ], [ [ 33.715667724609297, 7.663358425148949 ], [ 33.700561523437429, 7.659275328420242 ], [ 33.700561523437429, 7.659275328420244 ] ], [ [ 33.708801269531172, 8.378637907350232 ], [ 33.700561523437429, 8.378637907350232 ] ], [ [ 33.715667724609297, 8.370486020909665 ], [ 33.708801269531179, 8.378637907350232 ], [ 33.708801269531172, 8.378637907350232 ] ], [ [ 33.715667724609297, 8.370486020909665 ], [ 33.708801269531172, 8.378637907350232 ] ], [ [ 33.715667724609297, 7.663358425148949 ], [ 33.718414306640547, 7.655192192560285 ], [ 33.728027343749922, 7.652470080257449 ] ], [ [ 33.732147216796804, 8.369127356573106 ], [ 33.715667724609297, 8.370486020909665 ] ], [ [ 33.728027343749922, 7.652470080257449 ], [ 33.736267089843672, 7.638859258215186 ], [ 33.733520507812422, 7.632053684524277 ] ], [ [ 33.733520507812422, 7.632053684524277 ], [ 33.736267089843679, 7.638859258215186 ], [ 33.728027343749922, 7.652470080257449 ] ], [ [ 33.751373291015547, 8.37863790735023 ], [ 33.732147216796804, 8.369127356573106 ] ], [ [ 33.751373291015547, 8.37863790735023 ], [ 33.751373291015547, 8.378637907350232 ], [ 33.732147216796804, 8.369127356573106 ] ], [ [ 33.733520507812422, 7.632053684524277 ], [ 33.740386962890547, 7.621164541350783 ], [ 33.740386962890554, 7.621164541350785 ] ], [ [ 33.740386962890554, 7.621164541350785 ], [ 33.733520507812422, 7.632053684524277 ] ], [ [ 33.740386962890554, 7.621164541350785 ], [ 33.748626708984304, 7.623886853120026 ] ], [ [ 33.748626708984304, 7.623886853120026 ], [ 33.740386962890554, 7.621164541350783 ], [ 33.740386962890554, 7.621164541350785 ] ], [ [ 33.748626708984304, 7.623886853120026 ], [ 33.756866455078047, 7.61980337897559 ], [ 33.763732910156179, 7.606191517415826 ], [ 33.780212402343672, 7.602107874702876 ], [ 33.780212402343672, 7.595301717200021 ] ], [ [ 33.767852783203047, 8.367768687496696 ], [ 33.751373291015554, 8.378637907350232 ], [ 33.751373291015547, 8.37863790735023 ] ], [ [ 33.767852783203047, 8.367768687496696 ], [ 33.767852783203047, 8.367768687496692 ], [ 33.751373291015547, 8.37863790735023 ] ], [ [ 33.777465820312422, 8.377279271468492 ], [ 33.767852783203047, 8.367768687496696 ] ], [ [ 33.777465820312422, 8.377279271468492 ], [ 33.767852783203054, 8.367768687496692 ], [ 33.767852783203047, 8.367768687496696 ] ], [ [ 33.781585693359297, 8.37456198547275 ], [ 33.781585693359297, 8.374561985472747 ], [ 33.777465820312422, 8.377279271468492 ] ], [ [ 33.781585693359297, 8.37456198547275 ], [ 33.777465820312422, 8.377279271468492 ] ], [ [ 33.780212402343672, 7.595301717200021 ], [ 33.785705566406172, 7.587134185893729 ], [ 33.799438476562422, 7.580327791330121 ], [ 33.804931640624922, 7.572159975824899 ] ], [ [ 33.804931640624922, 7.572159975824899 ], [ 33.799438476562429, 7.580327791330121 ], [ 33.785705566406179, 7.587134185893729 ], [ 33.780212402343672, 7.595301717200021 ] ], [ [ 33.784332275390547, 8.379996538486886 ], [ 33.781585693359297, 8.37456198547275 ] ], [ [ 33.784332275390547, 8.379996538486886 ], [ 33.781585693359304, 8.374561985472747 ], [ 33.781585693359297, 8.37456198547275 ] ], [ [ 33.811798095703047, 8.397658311120523 ], [ 33.795318603515554, 8.396299741737991 ], [ 33.788452148437422, 8.386789622967703 ], [ 33.789825439453047, 8.379996538486886 ], [ 33.784332275390547, 8.379996538486886 ] ], [ [ 33.788117905588877, 4.031800660904936 ], [ 33.837890624999929, 4.08208296610437 ] ], [ [ 33.788117905588877, 4.031800660904936 ], [ 33.987579345703047, 4.234116978858439 ], [ 34.056243896484304, 4.282049489622639 ], [ 34.387207031249922, 4.610646932717071 ] ], [ [ 33.803558349609297, 10.335185080549159 ], [ 33.903808593749922, 10.171670624831005 ], [ 33.971099853515547, 10.145987158732323 ], [ 33.966979980468679, 10.125709282431012 ], [ 33.971099853515547, 10.094614050152837 ], [ 33.994445800781172, 10.063515813179064 ], [ 33.993072509765547, 10.040528233785539 ], [ 33.999938964843672, 9.99995793563707 ], [ 33.986206054687422, 9.963440335314589 ], [ 33.990325927734297, 9.922860428632154 ], [ 33.972473144531172, 9.872804953782472 ], [ 33.973846435546797, 9.863334141685792 ], [ 33.964233398437422, 9.825448173826114 ], [ 33.965606689453047, 9.809210001222851 ], [ 33.953247070312422, 9.797030849514202 ], [ 33.938140869140547, 9.774024565864709 ], [ 33.916168212890547, 9.765904320896544 ], [ 33.903808593749922, 9.728007227819059 ], [ 33.901062011718672, 9.700935243406981 ], [ 33.894195556640547, 9.68062981964823 ], [ 33.877716064453047, 9.500534980425014 ], [ 34.107055664062422, 9.500534980425014 ], [ 34.145507812499922, 9.032934141997508 ], [ 34.145507812499922, 8.963758270450169 ], [ 34.174346923828047, 8.585094948393175 ], [ 34.161987304687422, 8.579663295011128 ], [ 34.164733886718672, 8.570157714682551 ], [ 34.152374267578047, 8.56200988522826 ], [ 34.149627685546797, 8.542997605026313 ], [ 34.144134521484297, 8.544355656495204 ], [ 34.138641357421797, 8.540281487583018 ], [ 34.133148193359297, 8.523984377082066 ], [ 34.123535156249915, 8.521268124414068 ], [ 34.102935791015547, 8.50632839002083 ], [ 34.104309082031172, 8.502253815841831 ], [ 34.086456298828047, 8.487313340067862 ], [ 34.069976806640547, 8.487313340067862 ], [ 34.050750732421797, 8.476447174280956 ], [ 34.048004150390547, 8.465580701366875 ], [ 34.024658203124922, 8.46693902726409 ], [ 34.012298583984297, 8.456072285927243 ], [ 34.004058837890547, 8.461505694920874 ], [ 33.975219726562422, 8.4479220288218 ], [ 33.950500488281172, 8.446563635892057 ], [ 33.942260742187422, 8.453355552701456 ], [ 33.925781249999922, 8.4479220288218 ], [ 33.913421630859297, 8.458789000002374 ], [ 33.896942138671804, 8.454713921707809 ], [ 33.891448974609297, 8.457430645359015 ], [ 33.891448974609297, 8.461505694920874 ], [ 33.885955810546797, 8.460147349856577 ], [ 33.881835937499922, 8.464222370676769 ], [ 33.876342773437422, 8.456072285927243 ], [ 33.874969482421797, 8.442488428411188 ], [ 33.884582519531172, 8.434337884404275 ], [ 33.881835937499922, 8.430262547918558 ], [ 33.884582519531172, 8.428904092875369 ], [ 33.876342773437422, 8.423470224982792 ], [ 33.876342773437422, 8.411243743267416 ], [ 33.863983154296797, 8.415319280066603 ], [ 33.861236572265547, 8.412602260297826 ], [ 33.855743408203047, 8.413960772564474 ], [ 33.854370117187422, 8.409885221473987 ], [ 33.844757080078047, 8.411243743267416 ], [ 33.842010498046797, 8.404451086685013 ], [ 33.839263916015547, 8.409885221473987 ], [ 33.826904296874922, 8.397658311120523 ] ], [ [ 33.803558349609297, 10.335185080549159 ], [ 33.837890624999929, 10.279788819052051 ] ], [ [ 33.804931640624922, 7.572159975824899 ], [ 33.811798095703047, 7.572159975824899 ], [ 33.818664550781179, 7.563992005533061 ] ], [ [ 33.817291259765547, 8.405809627523047 ], [ 33.809051513671804, 8.401733990731836 ], [ 33.811798095703047, 8.397658311120523 ] ], [ [ 33.817291259765547, 8.405809627523047 ], [ 33.817291259765547, 8.40580962752305 ], [ 33.809051513671797, 8.401733990731836 ], [ 33.811798095703047, 8.397658311120523 ] ], [ [ 33.818664550781179, 8.400375435618193 ], [ 33.817291259765554, 8.40580962752305 ], [ 33.817291259765547, 8.405809627523047 ] ], [ [ 33.818664550781179, 8.400375435618193 ], [ 33.817291259765547, 8.405809627523047 ] ], [ [ 33.837890624999929, 7.563992005533061 ], [ 33.818664550781179, 7.563992005533061 ] ], [ [ 33.818664550781179, 7.563992005533061 ], [ 33.865356445312429, 7.55854660609313 ], [ 33.872222900390547, 7.546294206340298 ], [ 33.879089355468672, 7.547655601241814 ], [ 33.898315429687422, 7.539487167568583 ], [ 33.905181884765547, 7.524511305631091 ], [ 33.899688720703047, 7.519065409404966 ], [ 33.899688720703047, 7.513619444855994 ], [ 33.907928466796804, 7.500004234888368 ], [ 33.916168212890547, 7.497281141755445 ], [ 33.928527832031172, 7.483665420726284 ], [ 33.929901123046797, 7.47958062149773 ], [ 33.924407958984297, 7.476857400769434 ], [ 33.928527832031172, 7.472772537828206 ], [ 33.939514160156179, 7.47413416305411 ], [ 33.946380615234297, 7.468687636686579 ], [ 33.957366943359297, 7.468687636686579 ], [ 33.958740234374922, 7.448262558686738 ], [ 33.964233398437422, 7.449624260197798 ], [ 33.979339599609297, 7.442815710341239 ], [ 34.004058837890547, 7.418304056369096 ], [ 34.008178710937422, 7.400600345742069 ], [ 34.004058837890547, 7.389705401310152 ], [ 34.008178710937422, 7.381534016633732 ], [ 34.019165039062422, 7.377448267668674 ], [ 34.037017822265547, 7.357018957391999 ], [ 34.030151367187422, 7.329778414392955 ], [ 34.03427124023429, 7.316157517754937 ], [ 34.031524658203047, 7.309346913482504 ], [ 34.041137695312429, 7.275292336372151 ], [ 34.039764404296797, 7.271205613225 ], [ 34.030151367187422, 7.269843363909932 ], [ 34.026031494140547, 7.264394325339762 ], [ 34.012298583984297, 7.269843363909932 ], [ 34.021911621093672, 7.245322170444084 ], [ 34.03427124023429, 7.242597510949319 ], [ 34.031524658203047, 7.238510490834607 ], [ 34.039764404296797, 7.230336339538996 ], [ 34.039764404296797, 7.222162040291541 ], [ 34.046630859374922, 7.222162040291541 ], [ 34.049377441406172, 7.226249208399018 ], [ 34.063110351562422, 7.213987593255947 ], [ 34.067230224609297, 7.215350011351331 ], [ 34.064483642578047, 7.222162040291541 ], [ 34.072723388671797, 7.218074835237027 ], [ 34.086456298828047, 7.200363186889894 ], [ 34.096069335937422, 7.196275785130183 ], [ 34.094696044921797, 7.19218834655306 ], [ 34.101562499999922, 7.193550830168327 ], [ 34.097442626953047, 7.184013359028478 ], [ 34.104309082031172, 7.169025500164317 ], [ 34.111175537109297, 7.171750602122843 ], [ 34.127655029296797, 7.166300381903163 ], [ 34.135894775390547, 7.152674546270282 ], [ 34.140014648437422, 7.152674546270282 ], [ 34.141387939453047, 7.145861475910579 ], [ 34.159240722656172, 7.14722409811108 ], [ 34.177093505859297, 7.1349603521108 ], [ 34.190826416015547, 7.130872363729563 ], [ 34.194946289062422, 7.121333582304106 ], [ 34.189453124999922, 7.117245472369986 ], [ 34.192199707031172, 7.11452004551182 ], [ 34.190826416015547, 7.104980924120722 ], [ 34.199066162109297, 7.095441604769584 ], [ 34.192199707031172, 7.092716048631396 ], [ 34.188079833984297, 7.085902087718734 ], [ 34.190826416015547, 7.080450846455303 ], [ 34.185333251953054, 7.079088026071702 ], [ 34.197692871093665, 7.068185318145811 ], [ 34.189453124999922, 7.064096736330879 ], [ 34.197692871093665, 7.064096736330879 ], [ 34.196319580078047, 7.05864523767332 ], [ 34.189453124999922, 7.05591946425636 ], [ 34.193572998046797, 7.057282352971556 ], [ 34.196319580078047, 7.05319367478871 ], [ 34.190826416015547, 7.050467869276447 ], [ 34.196319580078047, 7.047742047725644 ], [ 34.192199707031172, 7.047742047725644 ], [ 34.192199707031172, 7.040927423719899 ], [ 34.194946289062422, 7.038201546082054 ], [ 34.197692871093665, 7.042290356532724 ], [ 34.197692871093665, 7.038201546082054 ], [ 34.201812744140547, 7.038201546082054 ], [ 34.210052490234297, 7.040927423719899 ], [ 34.207305908203047, 7.036838601258551 ], [ 34.214172363281172, 7.035475652433008 ], [ 34.211425781249922, 7.032749742778839 ], [ 34.221038818359297, 7.038201546082054 ], [ 34.218292236328047, 7.031386781951732 ], [ 34.223785400390547, 7.02866084830127 ], [ 34.225158691406165, 7.023208933036626 ], [ 34.219665527343672, 7.020482951434595 ], [ 34.219665527343672, 7.016393949086506 ], [ 34.225158691406165, 7.017756953860862 ], [ 34.227905273437422, 7.012304910822597 ], [ 34.233398437499922, 7.012304910822597 ], [ 34.232025146484304, 7.004126726629363 ], [ 34.237518310546797, 7.002763681982725 ], [ 34.258117675781172, 7.012304910822597 ], [ 34.259490966796804, 7.00685280397045 ], [ 34.264984130859297, 7.009578865370219 ], [ 34.264984130859297, 7.001400633353041 ], [ 34.266357421874922, 7.00548976729219 ], [ 34.267730712890547, 7.002763681982725 ], [ 34.275970458984297, 7.004126726629363 ], [ 34.267730712890547, 6.995948399018995 ], [ 34.274597167968679, 6.998674524147558 ], [ 34.275970458984297, 6.987769928155607 ], [ 34.28421020507804, 6.991859181483671 ], [ 34.289703369140547, 6.978228197978058 ], [ 34.292449951171797, 6.982317534742723 ], [ 34.295196533203047, 6.978228197978058 ], [ 34.304809570312422, 6.978228197978058 ], [ 34.300689697265547, 6.976865077783413 ], [ 34.303436279296797, 6.972775693390845 ], [ 34.297943115234297, 6.970049417296209 ], [ 34.302062988281172, 6.967323125342324 ], [ 34.300689697265547, 6.964596817535273 ], [ 34.295196533203047, 6.970049417296209 ], [ 34.295196533203047, 6.965959973420064 ], [ 34.291076660156172, 6.964596817535273 ], [ 34.292449951171797, 6.961870493881137 ], [ 34.296569824218672, 6.964596817535273 ], [ 34.293823242187422, 6.957780978699946 ], [ 34.297943115234297, 6.956417799055929 ], [ 34.292449951171797, 6.948238638116996 ], [ 34.300689697265547, 6.945512219508048 ], [ 34.302062988281172, 6.952328236383648 ], [ 34.304809570312422, 6.944149004276499 ], [ 34.310302734374922, 6.94278578509458 ], [ 34.311676025390547, 6.950965040915348 ], [ 34.319915771484297, 6.935969629956068 ], [ 34.321289062499922, 6.94005933488268 ], [ 34.326782226562415, 6.938696103854218 ], [ 34.324035644531172, 6.935969629956068 ], [ 34.325408935546797, 6.929153376172375 ], [ 34.333648681640547, 6.92097374155413 ], [ 34.339141845703047, 6.925063576592013 ], [ 34.340515136718672, 6.92097374155413 ], [ 34.34188842773429, 6.930516634816168 ], [ 34.346008300781172, 6.922337023838548 ], [ 34.352874755859297, 6.923700302184761 ], [ 34.359741210937422, 6.916883871079262 ], [ 34.365234374999922, 6.92097374155413 ], [ 34.366607666015547, 6.915520573049635 ], [ 34.383087158203047, 6.911430655357391 ], [ 34.383087158203047, 6.919610455332271 ], [ 34.389953613281172, 6.919610455332271 ], [ 34.394073486328047, 6.926426847059537 ], [ 34.396820068359297, 6.92097374155413 ], [ 34.403686523437422, 6.923700302184761 ], [ 34.405059814453047, 6.919610455332271 ], [ 34.409179687499922, 6.92097374155413 ], [ 34.414672851562422, 6.916883871079262 ], [ 34.417419433593672, 6.923700302184761 ], [ 34.417419433593672, 6.919610455332271 ], [ 34.424285888671797, 6.915520573049635 ], [ 34.428405761718672, 6.919610455332271 ], [ 34.424285888671797, 6.910067341594721 ], [ 34.428405761718672, 6.911430655357391 ], [ 34.432525634765547, 6.90734070227607 ], [ 34.431152343749922, 6.915520573049635 ], [ 34.435272216796797, 6.911430655357391 ], [ 34.439392089843672, 6.918247165173727 ], [ 34.442138671874922, 6.915520573049635 ], [ 34.446258544921797, 6.918247165173727 ], [ 34.447631835937415, 6.912793965187938 ], [ 34.454498291015547, 6.911430655357391 ], [ 34.449005126953047, 6.916883871079262 ], [ 34.455871582031172, 6.922337023838548 ], [ 34.459991455078047, 6.919610455332271 ], [ 34.457244873046797, 6.916883871079262 ], [ 34.461364746093672, 6.916883871079262 ], [ 34.459991455078047, 6.911430655357391 ], [ 34.466857910156172, 6.908704023900695 ], [ 34.469604492187422, 6.918247165173727 ], [ 34.472351074218672, 6.916883871079262 ], [ 34.468231201171797, 6.908704023900695 ], [ 34.472351074218672, 6.910067341594721 ], [ 34.477844238281172, 6.901887376486792 ], [ 34.479217529296797, 6.905977376721606 ], [ 34.483337402343672, 6.899160690028337 ], [ 34.488830566406172, 6.901887376486792 ], [ 34.484710693359297, 6.897797340910818 ], [ 34.487457275390547, 6.889617163817534 ], [ 34.495697021484297, 6.886890406752058 ], [ 34.497070312499922, 6.881436845606055 ], [ 34.498443603515547, 6.885527022341299 ], [ 34.501190185546797, 6.880073445529189 ], [ 34.508056640624922, 6.88416363401287 ], [ 34.506683349609297, 6.878710041537698 ], [ 34.514923095703047, 6.873256386440703 ], [ 34.516296386718672, 6.866439229581703 ], [ 34.509429931640547, 6.866439229581703 ], [ 34.513549804687422, 6.860985433763642 ], [ 34.510803222656172, 6.860985433763642 ], [ 34.510803222656172, 6.856895045905721 ], [ 34.520416259765547, 6.862348888576019 ], [ 34.525909423828047, 6.860985433763642 ], [ 34.530029296874922, 6.852804622932591 ], [ 34.521789550781172, 6.843260166218226 ], [ 34.527282714843672, 6.845987173332716 ], [ 34.525909423828047, 6.840533143527416 ], [ 34.53414916992179, 6.837806105266379 ], [ 34.528656005859297, 6.836442580298924 ], [ 34.530029296874922, 6.832351982057967 ], [ 34.535522460937422, 6.833715518693957 ], [ 34.531402587890547, 6.82826134882509 ], [ 34.53689575195304, 6.82826134882509 ], [ 34.535522460937422, 6.821443549066304 ], [ 34.538269042968672, 6.822807116784908 ], [ 34.543762207031172, 6.815989239380488 ], [ 34.535522460937422, 6.814625652259992 ], [ 34.538269042968672, 6.809171265004669 ], [ 34.532775878906172, 6.802353193752615 ], [ 34.541015624999922, 6.802353193752615 ], [ 34.542388916015547, 6.79689866706404 ], [ 34.53414916992179, 6.79689866706404 ], [ 34.535522460937422, 6.792807731428878 ], [ 34.531402587890547, 6.788716761000503 ], [ 34.53414916992179, 6.787353096462773 ], [ 34.532775878906172, 6.783262079675432 ], [ 34.53689575195304, 6.781898399690807 ], [ 34.532775878906172, 6.779171028142855 ], [ 34.53689575195304, 6.773716238753481 ], [ 34.532775878906172, 6.769625106228654 ], [ 34.538269042968672, 6.760078995519136 ], [ 34.53689575195304, 6.755987747485317 ], [ 34.530029296874922, 6.754623990448996 ], [ 34.531402587890547, 6.745077583588996 ], [ 34.545135498046797, 6.74916892386547 ], [ 34.543762207031172, 6.743713795817313 ], [ 34.550628662109297, 6.742350004207138 ], [ 34.550628662109297, 6.734167173980425 ], [ 34.552001953124922, 6.738258606353283 ], [ 34.557495117187422, 6.735530988605552 ], [ 34.565734863281172, 6.739622409474361 ], [ 34.567108154296797, 6.732803355522139 ], [ 34.572601318359297, 6.735530988605552 ], [ 34.573974609374922, 6.731439533231457 ], [ 34.578094482421797, 6.734167173980425 ], [ 34.580841064453047, 6.728711877155949 ], [ 34.584960937499922, 6.731439533231457 ], [ 34.600067138671797, 6.728711877155949 ], [ 34.606933593749915, 6.732803355522139 ], [ 34.617919921874922, 6.723256519049699 ], [ 34.622039794921797, 6.724620364318762 ], [ 34.626159667968672, 6.743713795817313 ], [ 34.639892578124922, 6.740986208759233 ], [ 34.652252197265547, 6.732803355522139 ], [ 34.660491943359297, 6.713709495051186 ], [ 34.670104980468672, 6.713709495051186 ], [ 34.676971435546797, 6.700070564556905 ], [ 34.70443725585929, 6.691887023134437 ], [ 34.711303710937422, 6.685067300513231 ], [ 34.705810546874922, 6.674155546461423 ], [ 34.716796874999922, 6.657787459550998 ], [ 34.714050292968672, 6.655059391963725 ], [ 34.726409912109297, 6.646875098291564 ], [ 34.727783203124915, 6.640054749487544 ], [ 34.74014282226554, 6.638690668382011 ], [ 34.749755859374922, 6.622321400509694 ], [ 34.766235351562422, 6.610044093207631 ], [ 34.76760864257804, 6.595038081434493 ], [ 34.777221679687422, 6.603223235160913 ], [ 34.777221679687422, 6.597766481039642 ], [ 34.786834716796797, 6.58958123716569 ], [ 34.792327880859297, 6.58958123716569 ], [ 34.790954589843672, 6.593673875998459 ], [ 34.795074462890547, 6.597766481039642 ], [ 34.815673828124922, 6.605951589664827 ], [ 34.840393066406172, 6.60049486561715 ], [ 34.851379394531172, 6.608679929122791 ], [ 34.862365722656172, 6.608679929122791 ], [ 34.863739013671797, 6.611408253528696 ], [ 34.870605468749922, 6.604587414293233 ], [ 34.878845214843672, 6.607315761274934 ], [ 34.882965087890547, 6.601859052268631 ], [ 34.889831542968672, 6.60049486561715 ], [ 34.88845825195304, 6.590945453863295 ], [ 34.882965087890547, 6.586852792514245 ], [ 34.88845825195304, 6.584124332859576 ], [ 34.889831542968672, 6.578667368564991 ], [ 34.898071289062422, 6.575938863937285 ], [ 34.910430908203047, 6.580031615259886 ], [ 34.913177490234297, 6.578667368564991 ], [ 34.907684326171797, 6.575938863937285 ], [ 34.907684326171797, 6.57184607891238 ], [ 34.922790527343672, 6.562296116238838 ], [ 34.92691040039054, 6.555474602201858 ], [ 34.939270019531172, 6.558203219021748 ], [ 34.944763183593672, 6.550017323769167 ], [ 34.94338989257804, 6.537738229153461 ], [ 34.951629638671797, 6.535009500484888 ], [ 34.950256347656172, 6.526823225180402 ], [ 34.959869384765547, 6.518636816056038 ], [ 34.957122802734297, 6.503628052315459 ], [ 34.969482421874915, 6.507721396011044 ], [ 34.981842041015547, 6.496805738748271 ], [ 34.981842041015547, 6.485889844658762 ], [ 34.99282836914054, 6.483160834178038 ], [ 35.00106811523429, 6.474973714133604 ], [ 35.007934570312422, 6.474973714133604 ], [ 35.01754760742179, 6.465421906280454 ], [ 35.021667480468672, 6.435400765132329 ], [ 35.016174316406172, 6.434036125586479 ], [ 35.016174316406172, 6.427212872893433 ], [ 35.012054443359297, 6.424483546180711 ], [ 35.012054443359297, 6.406742565978918 ], [ 35.005187988281165, 6.398554213119622 ], [ 34.999694824218672, 6.399918947714125 ], [ 34.991455078124922, 6.39445998746679 ], [ 34.99282836914054, 6.361705003612808 ], [ 34.996948242187415, 6.361705003612808 ], [ 35.00106811523429, 6.349421345824267 ], [ 34.99008178710929, 6.342596964836266 ], [ 34.991455078124922, 6.327583008761602 ], [ 34.984588623046797, 6.312568616406106 ], [ 34.972229003906172, 6.30574374865853 ], [ 34.968109130859297, 6.28799867232765 ], [ 34.961242675781172, 6.283903568649158 ], [ 34.963989257812422, 6.257967164413904 ], [ 34.961242675781172, 6.25250670454601 ], [ 34.953002929687422, 6.251141580668294 ], [ 34.950256347656172, 6.247046187661605 ], [ 34.955749511718672, 6.240220461451282 ], [ 34.963989257812422, 6.237490146065309 ], [ 34.959869384765547, 6.229299114609266 ], [ 34.965362548828047, 6.2211079553347 ], [ 34.963989257812422, 6.214281891752752 ], [ 34.972229003906172, 6.208820977124978 ], [ 34.97360229492179, 6.188342043359812 ], [ 34.979095458984297, 6.185611458833248 ], [ 34.977722167968672, 6.176054301961386 ], [ 34.970855712890547, 6.176054301961386 ], [ 34.969482421874915, 6.150112578753796 ], [ 34.963989257812422, 6.13782395198849 ], [ 34.968109130859297, 6.129631376647235 ], [ 34.962615966796797, 6.12553504178938 ], [ 34.97360229492179, 6.109149388259372 ], [ 34.972229003906172, 6.090032158646023 ], [ 34.974975585937415, 6.085935520826546 ], [ 34.976348876953047, 6.090032158646023 ], [ 34.983215332031172, 6.091397697642172 ], [ 34.99008178710929, 6.087301070237443 ], [ 34.99008178710929, 6.07910772173665 ], [ 34.996948242187415, 6.081838851776621 ], [ 35.00106811523429, 6.075011000681998 ], [ 35.005187988281165, 6.075011000681998 ], [ 34.999694824218672, 6.06954865745124 ], [ 34.999694824218672, 6.054526928194472 ], [ 34.995574951171797, 6.053161295714061 ], [ 34.996948242187415, 6.036773436940435 ], [ 34.99282836914054, 6.038139110789921 ], [ 35.006561279296797, 6.021750797564085 ], [ 35.009307861328047, 6.006727742674179 ], [ 35.005187988281165, 6.001264710802925 ], [ 35.006561279296797, 5.990338482830229 ], [ 34.995574951171797, 5.975314562439871 ], [ 34.99008178710929, 5.953460851496153 ], [ 34.999694824218672, 5.93160627127414 ], [ 35.012054443359297, 5.917946718602503 ], [ 35.005187988281165, 5.896090732511698 ], [ 34.998321533203047, 5.897456756900239 ], [ 35.040893554687422, 5.83734851223888 ], [ 35.130157470703047, 5.687049836049678 ] ], [ [ 33.826904296874922, 8.397658311120523 ], [ 33.818664550781179, 8.400375435618193 ] ], [ [ 33.837890624999929, 8.408526694918285 ], [ 33.826904296874922, 8.397658311120523 ] ], [ [ 35.120544433593672, 5.703447982149494 ], [ 35.130157470703047, 5.687049836049678 ] ], [ [ 35.130157470703047, 5.687049836049678 ], [ 35.126037597656172, 5.624185957851073 ] ], [ [ 35.126037597656172, 5.624185957851073 ], [ 35.268859863281172, 5.528510525692783 ] ], [ [ 35.126037597656172, 5.624185957851073 ], [ 35.314178466796797, 5.49843789742655 ], [ 35.307312011718672, 5.483401012975586 ], [ 35.30868530273429, 5.47383188919278 ], [ 35.305938720703047, 5.469730789244436 ], [ 35.310058593749915, 5.464262612258353 ], [ 35.293579101562415, 5.428718247197485 ], [ 35.29495239257804, 5.400007806425413 ], [ 35.290832519531172, 5.397273407690895 ], [ 35.288085937499922, 5.382233994428466 ], [ 35.29769897460929, 5.365826937620906 ], [ 35.296325683593672, 5.3603578205519 ], [ 35.301818847656172, 5.349419439510515 ], [ 35.30868530273429, 5.350786747842488 ], [ 35.316925048828047, 5.343950175636925 ], [ 35.315551757812422, 5.33437884637608 ], [ 35.33615112304679, 5.345317496185632 ], [ 35.377349853515547, 5.358990533628929 ], [ 35.389709472656172, 5.357623243645215 ], [ 35.392456054687422, 5.363092385212522 ], [ 35.411682128906165, 5.36445966294863 ], [ 35.414428710937415, 5.369928743247028 ], [ 35.42678833007804, 5.372663264997805 ], [ 35.44326782226554, 5.384968460898317 ], [ 35.448760986328047, 5.393171786473418 ], [ 35.451507568359297, 5.390437356926965 ], [ 35.455627441406172, 5.393171786473418 ], [ 35.47348022460929, 5.412312447988882 ], [ 35.477600097656172, 5.410945277946004 ], [ 35.488586425781165, 5.419148251825283 ], [ 35.498199462890547, 5.416413939569406 ], [ 35.505065917968665, 5.423249696996963 ], [ 35.522918701171797, 5.419148251825283 ], [ 35.525665283203047, 5.423249696996963 ], [ 35.538024902343672, 5.423249696996963 ], [ 35.543518066406165, 5.421882551702383 ], [ 35.544891357421797, 5.416413939569406 ], [ 35.54763793945304, 5.417781097244307 ], [ 35.555877685546797, 5.412312447988882 ], [ 35.55862426757804, 5.415046778801353 ], [ 35.566864013671797, 5.412312447988882 ], [ 35.58609008789054, 5.419148251825283 ], [ 35.598449707031172, 5.398640608599715 ], [ 35.60531616210929, 5.400007806425413 ], [ 35.60531616210929, 5.404109381396055 ], [ 35.617675781249915, 5.404109381396055 ], [ 35.620422363281165, 5.382233994428466 ], [ 35.635528564453047, 5.387702915066541 ], [ 35.638275146484297, 5.384968460898317 ], [ 35.650634765624922, 5.394538996626976 ], [ 35.656127929687415, 5.393171786473418 ], [ 35.654754638671797, 5.389070137535614 ], [ 35.661621093749922, 5.386335689520518 ], [ 35.675354003906165, 5.386335689520518 ], [ 35.680847167968665, 5.391804573239823 ], [ 35.682220458984297, 5.387702915066541 ], [ 35.700073242187422, 5.393171786473418 ], [ 35.705566406249922, 5.389070137535614 ], [ 35.716552734374922, 5.391804573239823 ], [ 35.716552734374922, 5.386335689520518 ], [ 35.72341918945304, 5.386335689520518 ], [ 35.724792480468672, 5.378132271671644 ], [ 35.728912353515547, 5.379499515663162 ], [ 35.728912353515547, 5.374030521270887 ], [ 35.735778808593665, 5.379499515663162 ], [ 35.737152099609297, 5.374030521270887 ], [ 35.741271972656165, 5.376765024608578 ], [ 35.746765136718672, 5.375397774474735 ], [ 35.746765136718672, 5.371296005656261 ], [ 35.75088500976554, 5.374030521270887 ], [ 35.756378173828047, 5.369928743247028 ], [ 35.75088500976554, 5.367194209228578 ], [ 35.756378173828047, 5.36445966294863 ], [ 35.75363159179679, 5.3603578205519 ], [ 35.760498046874922, 5.354888654498638 ], [ 35.774230957031172, 5.349419439510515 ], [ 35.771484374999922, 5.354888654498638 ], [ 35.774230957031172, 5.358990533628929 ], [ 35.776977539062415, 5.354888654498638 ], [ 35.782470703124915, 5.356255950601526 ], [ 35.789337158203047, 5.3480521281232 ], [ 35.812683105468665, 5.346684813681316 ], [ 35.822296142578047, 5.335746188274356 ], [ 35.829162597656172, 5.338480862927271 ], [ 35.840148925781165, 5.335746188274356 ], [ 35.83877563476554, 5.330276802403231 ], [ 35.842895507812415, 5.32617473102957 ], [ 35.85250854492179, 5.32617473102957 ], [ 35.856628417968665, 5.320705259943893 ], [ 35.858001708984297, 5.323440001568081 ], [ 35.862121582031165, 5.320705259943893 ], [ 35.862121582031165, 5.311133568567143 ], [ 35.864868164062422, 5.311133568567143 ], [ 35.86349487304679, 5.301561728537797 ], [ 35.856628417968665, 5.294724609080316 ], [ 35.859375, 5.290622301106121 ], [ 35.85250854492179, 5.290622301106121 ], [ 35.853881835937422, 5.286519965932628 ], [ 35.845642089843672, 5.278315214071152 ], [ 35.840148925781165, 5.278315214071152 ], [ 35.842895507812415, 5.274212797424871 ], [ 35.83602905273429, 5.272845319182661 ], [ 35.82778930664054, 5.259170371222238 ], [ 35.82778930664054, 5.245495122823734 ], [ 35.840148925781165, 5.233187143028957 ], [ 35.84701538085929, 5.216776126697303 ], [ 35.85525512695304, 5.212673305502516 ], [ 35.859375, 5.19079114029933 ], [ 35.86624145507804, 5.183952807822721 ], [ 35.856628417968665, 5.149760036665068 ], [ 35.849761962890547, 5.149760036665068 ], [ 35.85250854492179, 5.145656780300511 ], [ 35.845642089843672, 5.141553497473782 ], [ 35.848388671874922, 5.140185730654665 ], [ 35.837402343749915, 5.122404495007047 ], [ 35.826416015624922, 5.118301062622334 ], [ 35.830535888671797, 5.116933245976844 ], [ 35.823669433593665, 5.114197603914624 ], [ 35.818176269531172, 5.100519218379822 ], [ 35.818176269531172, 4.774889359065659 ], [ 35.94863891601554, 4.631179340410998 ], [ 35.944519042968665, 4.618859967149382 ], [ 35.69869995117179, 4.618859967149382 ] ], [ [ 35.509185791015547, 4.617491134677782 ], [ 35.608062744140547, 4.617491134677782 ] ] ] } }
]
}
