{"type":"FeatureCollection","metadata":{"source":"OpenFreeMap/OpenMapTiles planet 20260621_080001_pt","source_zoom":7,"license":"OpenStreetMap contributors, ODbL 1.0","simplify_degrees":0.002},"features":[{"type":"Feature","properties":{"kind":"land"},"geometry":{"type":"MultiLineString","coordinates":[[[25.277481079101562,5.028018927423543],[25.267181396484375,5.024598902110378],[25.250701904296875,5.027334923797385],[25.236968994140625,5.014338718527204],[25.223236083984375,5.010234599936405],[25.2081298828125,5.015706752326534],[25.19989013671875,5.014338718527204],[25.190963745117188,5.0061304555726505],[25.191650390625,4.999290157749905],[25.168304443359375,5.002026285456832],[25.160751342773438,5.014338718527204],[25.160751342773438,5.022546878306342],[25.149765014648438,5.030070933991048],[25.144271850585938,5.017758797650117],[25.1202392578125,5.011602642331366],[25.125045776367188,5.005446429007788],[25.123672485351562,4.986977441713355],[25.115432739257812,4.988345532685306],[25.096206665039062,4.978084780949214],[25.086593627929688,4.979452890435607],[25.082473754882812,4.965087599019948],[25.072860717773438,4.956878720523831],[25.072860717773438,4.944565211572531],[25.063247680664062,4.926094519046722],[25.047454833984375,4.930199161805658],[25.044708251953125,4.941144751764282],[25.028915405273438,4.954826484954986],[25.014495849609375,4.960299098969919],[24.99664306640625,4.957562797630173],[24.990463256835938,4.966455735507072],[24.989776611328125,4.973296375343825],[24.965057373046875,4.986977441713355],[24.956817626953125,4.987661487555693],[24.921112060546875,4.975348553440787],[24.917678833007812,4.960299098969919],[24.910812377929688,4.951406078179982],[24.874420166015625,4.949353825623077],[24.86480712890625,4.955510564186142],[24.85931396484375,4.948669740022708],[24.862060546875,4.936356078377481],[24.849014282226562,4.9247262991606116],[24.813308715820312,4.929515056440087],[24.797515869140625,4.925410409455624],[24.787216186523438,4.911043945587149],[24.783096313476562,4.896677172188441],[24.774856567382812,4.893256466331637],[24.764556884765625,4.896677172188441],[24.7686767578125,4.904886794837083],[24.767303466796875,4.911043945587149],[24.7576904296875,4.908991568317253],[24.752197265625,4.896677172188441],[24.742584228515625,4.8987295873051035],[24.726104736328125,4.894624750773133],[24.721298217773438,4.896677172188441],[24.721298217773438,4.907623313295865],[24.715805053710938,4.911728069940146],[24.687652587890625,4.911728069940146],[24.677352905273438,4.908307441157306],[24.666366577148438,4.913096316540103],[24.659500122070312,4.919937507394014],[24.659500122070312,4.926094519046722],[24.6697998046875,4.9349878796306195],[24.673233032226562,4.949353825623077],[24.67254638671875,4.9657716676183234],[24.6697998046875,4.969876064303035],[24.65606689453125,4.976032611384607],[24.63134765625,4.975348553440787],[24.630661010742188,4.986977441713355],[24.625167846679688,4.997922089609849],[24.626541137695312,5.008866554677784],[24.616928100585938,5.024598902110378],[24.610748291015625,5.028702930331272],[24.569549560546875,5.032122934090067],[24.549636840820312,5.051958601037193],[24.546890258789062,5.068373866434909],[24.533843994140625,5.082736881549013],[24.514617919921875,5.082736881549013],[24.504318237304688,5.0916281114317625],[24.465866088867188,5.104622764680062],[24.44183349609375,5.093679916261952],[24.45281982421875,5.075897390426544],[24.453506469726562,5.069741786408934],[24.448699951171875,5.057430402431995],[24.44183349609375,5.056062456416897],[24.431533813476562,5.063586123720587],[24.41986083984375,5.0786331955833495],[24.419174194335938,5.092312047102713],[24.409561157226562,5.101887070062331],[24.385528564453125,5.112145864696182],[24.37591552734375,5.112145864696182],[24.364242553710938,5.096415645847089],[24.362869262695312,5.072477617664251],[24.344329833984375,5.066321981043085],[24.340896606445312,5.058114374355708],[24.345016479492188,5.049906663601522],[24.356002807617188,5.044434798699695],[24.3841552734375,5.053326555718723],[24.3951416015625,5.04511878433607],[24.397201538085938,5.034858924155484],[24.393081665039062,5.029386932520472],[24.372482299804688,5.018442811324147],[24.36492919921875,5.008182530974842],[24.35394287109375,5.0061304555726505],[24.347763061523438,5.010234599936405],[24.336090087890625,5.011602642331366],[24.320297241210938,5.000658223032492],[24.29351806640625,5.002710315596919],[24.281845092773438,4.9965540186130974],[24.266738891601562,4.9739804354203],[24.275665283203125,4.952090160950558],[24.267425537109375,4.9356719793567345],[24.251632690429688,4.9336196780626755],[24.242706298828125,4.936356078377481],[24.240646362304688,4.939776562897311],[24.246826171875,4.952774243013443],[24.2413330078125,4.956878720523831],[24.234466552734375,4.955510564186142],[24.228286743164062,4.958246874028048],[24.215240478515625,4.954142405015753],[24.178848266601562,4.928146843595552],[24.165115356445312,4.899413724277174],[24.152069091796875,4.892572323061795],[24.136276245117188,4.89530889194459],[24.122543334960938,4.908307441157306],[24.118423461914062,4.916516920750272],[24.110870361328125,4.9185692748452645],[24.050445556640625,4.88641500217774],[24.050445556640625,4.867942700387025],[24.042205810546875,4.867258531308741],[24.0325927734375,4.861100978309955],[24.020919799804688,4.863153502233027],[24.015426635742188,4.861100978309955],[24.011993408203125,4.865206019900162],[24.009246826171875,4.863837675483972],[23.9996337890625,4.8754685143052185],[23.996200561523438,4.872731864447689],[23.986587524414062,4.876836835053284],[23.978347778320312,4.874100190769761],[23.961868286132812,4.8747843528858645],[23.956375122070312,4.863837675483972],[23.957061767578125,4.854259186751504],[23.95294189453125,4.848785703543233],[23.961181640625,4.836470204221701],[23.961181640625,4.816628095528724],[23.9556884765625,4.809785854702322],[23.939895629882812,4.816628095528724],[23.91448974609375,4.8193649725862215],[23.907623291015625,4.829628163332259],[23.891143798828125,4.833049192412512],[23.87054443359375,4.817312315826117],[23.861618041992188,4.817312315826117],[23.852691650390625,4.8132069837159355],[23.8458251953125,4.828943955444747],[23.83758544921875,4.8344175992093925],[23.830718994140625,4.8344175992093925],[23.819732666015625,4.822786053407005],[23.79364013671875,4.8056804771979476],[23.779220581054688,4.786521722186014],[23.76068115234375,4.783100459421628],[23.735275268554688,4.7872059726865155],[23.712615966796875,4.786521722186014],[23.676223754882812,4.764625345412499],[23.630905151367188,4.765993889428382],[23.613052368164062,4.757782584479413],[23.591766357421875,4.761203973454309],[23.572540283203125,4.73862249231845],[23.565673828125,4.7372538939576625],[23.562240600585938,4.724936386894003],[23.54644775390625,4.714671630456441],[23.534774780273438,4.698932042793764],[23.50250244140625,4.677717253825137],[23.461990356445312,4.678401611904501],[23.455810546875,4.674979814820246],[23.449630737304688,4.663345579805759],[23.435897827148438,4.6585549564082065],[23.4283447265625,4.652395535512189],[23.42559814453125,4.634601350484361],[23.429718017578125,4.619544382394493],[23.429718017578125,4.599696072478897],[23.420791625976562,4.592851699293249],[23.396072387695312,4.594905018149872],[23.377532958984375,4.591482816771284],[23.372039794921875,4.596273894102272],[23.369293212890625,4.608593659267445],[23.355560302734375,4.614753461811721],[23.339767456054688,4.613384621418803],[23.328781127929688,4.607909233466019],[23.314361572265625,4.613384621418803],[23.291702270507812,4.636654548576395],[23.275222778320312,4.63323254844253],[23.26629638671875,4.666083064222533],[23.262176513671875,4.671558001024686],[23.253936767578125,4.675664175574389],[23.240203857421875,4.672926728547491],[23.2305908203125,4.675664175574389],[23.220977783203125,4.690035596827186],[23.207244873046875,4.699616380090984],[23.19488525390625,4.724936386894003],[23.171539306640625,4.741359680909617],[23.158493041992188,4.740675384778369],[23.139266967773438,4.726989319952656],[23.10699462890625,4.711250011257272],[23.077468872070312,4.719461869021352],[23.058929443359375,4.737938193476744],[23.045883178710938,4.742043976363008],[23.034210205078125,4.750255468895536],[23.011550903320312,4.7557297429314955],[23.006057739257812,4.763256798672003],[22.997817993164062,4.791995707022777],[22.981338500976562,4.8282597468669755],[22.977218627929688,4.8344175992093925],[22.968292236328125,4.838522803012068],[22.960739135742188,4.836470204221701],[22.939453125,4.815259652868482],[22.927093505859375,4.8138912074549465],[22.909927368164062,4.8193649725862215],[22.89276123046875,4.808417398283358],[22.885208129882812,4.794732683003557],[22.884521484375,4.776257882622251],[22.886581420898438,4.77009950512061],[22.896881103515625,4.763256798672003],[22.897567749023438,4.7557297429314955],[22.893447875976562,4.749571181583995],[22.88177490234375,4.746149734842918],[22.8680419921875,4.735885292887771],[22.865982055664062,4.718093232803699],[22.861175537109375,4.709881358861784],[22.840576171875,4.699616380090984],[22.819976806640625,4.724936386894003],[22.804183959960938,4.728357938612812],[22.794570922851562,4.726989319952656],[22.781524658203125,4.714671630456441],[22.772598266601562,4.684560804504976],[22.754058837890625,4.653764300370554],[22.734832763671875,4.62912612641929],[22.729339599609375,4.595589456454672],[22.731399536132812,4.55794437644026],[22.705307006835938,4.524404370990765],[22.702560424804688,4.4956545578417355],[22.704620361328125,4.477171935671693],[22.677154541015625,4.466903610394128],[22.67578125,4.475118282132971],[22.666854858398438,4.479225583446776],[22.664794921875,4.489493735775809],[22.659988403320312,4.494285490770222],[22.647628784179688,4.494285490770222],[22.64007568359375,4.486071034370425],[22.617416381835938,4.491547348913986],[22.608489990234375,4.481279225455594],[22.5933837890625,4.4785410348289805],[22.592010498046875,4.462111676045688],[22.595443725585938,4.458688846646826],[22.59613037109375,4.433359414343617],[22.592697143554688,4.421721275679639],[22.578964233398438,4.413506008886149],[22.5823974609375,4.393652072446106],[22.595443725585938,4.392282815937999],[22.594070434570312,4.385436495711505],[22.607803344726562,4.386805764779007],[22.616729736328125,4.3717436671397305],[22.61260986328125,4.370374370509982],[22.613296508789062,4.366951117995458],[22.598190307617188,4.362158538237819],[22.599563598632812,4.350519288722583],[22.576904296875,4.345041932560913],[22.570724487304688,4.334771782561894],[22.566604614257812,4.333402418678231],[22.561798095703125,4.322447418394289],[22.563858032226562,4.316969858856784],[22.5604248046875,4.316969858856784],[22.561798095703125,4.31286166325894],[22.5439453125,4.287527300315178],[22.545318603515625,4.280680030820495],[22.5384521484375,4.258768357307991],[22.539825439453125,4.2539750954332725],[22.548751831054688,4.249181803731268],[22.55218505859375,4.243703719591426],[22.550125122070312,4.221790994882978],[22.546005249023438,4.2142583527223385],[22.511672973632812,4.190290370087164],[22.5054931640625,4.174539581257017],[22.491073608398438,4.169060971869517],[22.489700317382812,4.160158150193403],[22.484893798828125,4.155364281446038],[22.4560546875,4.138243083983712]],[[22.877655029296875,10.920291972531757],[22.824783325195312,10.931079160730892],[22.78564453125,10.931079160730892],[22.776718139648438,10.937146781752938],[22.767791748046875,10.954674766991028],[22.756118774414062,10.953326497260493],[22.720413208007812,10.961416023513424],[22.701873779296875,10.960067784495376],[22.682647705078125,10.96950532855883],[22.653121948242188,10.966134811682725],[22.613983154296875,10.977594412241519],[22.600250244140625,10.98568327440632],[22.581710815429688,10.976246247006735],[22.563858032226562,10.976246247006735],[22.547378540039062,10.972201714389913],[22.525405883789062,10.979616648556082],[22.518539428710938,10.993097869994235],[22.51373291015625,10.995794040366434],[22.495880126953125,10.98770545531717],[22.4725341796875,11.000512279195737],[22.4560546875,10.9978161519681]],[[22.4560546875,12.262179624964057],[22.462234497070312,12.262179624964057],[22.457427978515625,12.25412773765737],[22.46978759765625,12.242720476621736],[22.460861206054688,12.239365306036518],[22.460861206054688,12.23601009283011],[22.473907470703125,12.237352183226514],[22.476654052734375,12.225273124282928],[22.473220825195312,12.21722011174799],[22.478713989257812,12.215206820314403],[22.47802734375,12.209837968290282],[22.484207153320312,12.207824620712538],[22.484893798828125,12.1964153620519],[22.492446899414062,12.1836632565493],[22.490386962890625,12.171581749195848],[22.496566772460938,12.165540789425217],[22.496566772460938,12.158157207685303],[22.492446899414062,12.152787201288433],[22.493133544921875,12.12056488838704],[22.489700317382812,12.114522771118363],[22.491073608398438,12.109823252016048],[22.485580444335938,12.105795026956347],[22.486953735351562,12.098409789924855],[22.484207153320312,12.095724198587899],[22.486953735351562,12.08162440161146],[22.477340698242188,12.078267197589554],[22.478713989257812,12.075581404063763],[22.48626708984375,12.075581404063763],[22.484207153320312,12.070881200585683],[22.47802734375,12.072895583603392],[22.481460571289062,12.063494999963583],[22.475967407226562,12.056780095530375],[22.474594116210938,12.045364372263723],[22.47802734375,12.034619718747761],[22.496566772460938,12.03126192640989],[22.502059936523438,12.037305922413836],[22.513046264648438,12.038649014176864],[22.540512084960938,12.0614805462888],[22.548751831054688,12.060809058367296],[22.558364868164062,12.052751072179358],[22.583084106445312,12.058794584514285],[22.594070434570312,12.067523861901435],[22.60162353515625,12.060137568764318],[22.614669799804688,12.05610859584039],[22.620849609375,12.056780095530375],[22.632522583007812,12.07423849720005],[22.64007568359375,12.069538270159756],[22.614669799804688,12.004398078790713],[22.572784423828125,11.799473573212206],[22.56591796875,11.740319221189147],[22.553558349609375,11.672410514863511],[22.556304931640625,11.636096060619979],[22.561798095703125,11.621972491913782],[22.625656127929688,11.534524970601412],[22.642135620117188,11.516359369553358],[22.688827514648438,11.491463862454388],[22.775344848632812,11.462528483191683],[22.787017822265625,11.44637721505143],[22.7911376953125,11.40195647772221],[22.930526733398438,11.416091103395502],[22.93670654296875,11.395898565675806],[22.941513061523438,11.348777069933929],[22.948379516601562,11.315787392354615],[22.967605590820312,11.29289436105808],[22.971038818359375,11.282793913369341],[22.974472045898438,11.20938667564405]],[[22.4560546875,12.612196622129856],[22.458114624023438,12.618897304044022],[22.4560546875,12.620907474413265]],[[22.957992553710938,11.174360133476911],[22.945632934570312,11.13663451124855],[22.94219970703125,11.092165893502],[22.924346923828125,11.075319951536919],[22.91748046875,11.060494720525115],[22.900314331054688,11.00590445965946],[22.887954711914062,10.945910904003204],[22.877655029296875,10.920291972531757]],[[22.877655029296875,10.920291972531757],[22.879714965820312,10.901413450504288],[22.940139770507812,10.805653970806388],[22.995071411132812,10.729429159098629],[23.012924194335938,10.695020507896903],[23.128280639648438,10.619442730381087],[23.15093994140625,10.600545359681696],[23.163986206054688,10.578946936269103],[23.203811645507812,10.541821094659069],[23.234024047851562,10.522918945386305],[23.25531005859375,10.48916222744745],[23.306808471679688,10.458778032365256],[23.6700439453125,9.867393094500855],[23.696136474609375,9.671830421292151],[23.655624389648438,9.588563204603455],[23.626785278320312,9.54726048529817],[23.62335205078125,9.535071839725902],[23.624725341796875,9.529654524077166],[23.635025024414062,9.519496825508261],[23.637771606445312,9.508661614180857],[23.633651733398438,9.444997828512898],[23.641204833984375,9.438224391343338],[23.655624389648438,9.444997828512898],[23.665237426757812,9.441611126573173],[23.658370971679688,9.389451719801793],[23.640518188476562,9.346092468634017],[23.639144897460938,9.33254159387058],[23.63983154296875,9.321022936167527],[23.652877807617188,9.287142329888233],[23.652191162109375,9.279688156400159],[23.621978759765625,9.255291572276617],[23.60687255859375,9.228182271260248],[23.560867309570312,9.184125214734053],[23.55194091796875,9.180058132961824],[23.512802124023438,9.182091679681214],[23.493576049804688,9.173957422829282],[23.473663330078125,9.130571573649801],[23.461990356445312,9.075653790188095],[23.460617065429688,9.049886990701964],[23.44757080078125,9.01937128879386],[23.454437255859375,9.007164285153118],[23.457183837890625,8.990887639094662],[23.498382568359375,8.9617234860398],[23.523788452148438,8.956975611435936],[23.533401489257812,8.960366956768343],[23.559494018554688,9.004451561672086],[23.572540283203125,9.005129744450645],[23.580093383789062,8.999026053657786],[23.584213256835938,8.988853006868297],[23.580780029296875,8.942053316258352],[23.584213256835938,8.912206892260217],[23.580093383789062,8.90135304222363],[23.549880981445312,8.847078969093312],[23.537521362304688,8.831473689725161],[23.508682250976562,8.811796526762702],[23.499755859375,8.785332483801271],[23.49700927734375,8.76565286788525],[23.515548706054688,8.736470829837522],[23.514175415039062,8.717467344066636],[23.532028198242188,8.70660777526946],[23.558120727539062,8.70525030699867],[23.586959838867188,8.731041361216175],[23.633651733398438,8.73782818464084],[23.643264770507812,8.73443478836737],[23.66729736328125,8.716109915218157],[23.679656982421875,8.71339504273076],[23.699569702148438,8.720860894612489],[23.733901977539062,8.70525030699867],[23.759994506835938,8.712037599093332],[23.781280517578125,8.724933114569266],[23.807373046875,8.724933114569266],[23.8238525390625,8.72832659727107],[23.863677978515625,8.710680150527745],[23.876724243164062,8.70864396844069],[23.911056518554688,8.71339504273076],[23.926162719726562,8.71882476798398],[23.957061767578125,8.71339504273076],[23.990020751953125,8.696426643238562],[23.99688720703125,8.696426643238562],[24.015426635742188,8.704571571016562],[24.049072265625,8.694390383615016],[24.126663208007812,8.685566464064577],[24.14520263671875,8.686924003666912],[24.168548583984375,8.698462891793003],[24.200820922851562,8.687602771625228],[24.207687377929688,8.687602771625228],[24.231033325195312,8.697784143504913],[24.24957275390625,8.694390383615016],[24.256439208984375,8.686924003666912],[24.254379272460938,8.675384760475911],[24.237213134765625,8.65026871189048],[24.228973388671875,8.630581989099648],[24.23583984375,8.61632544530029],[24.268112182617188,8.591884405798199],[24.269485473632812,8.58305808748211],[24.25506591796875,8.569478735561699],[24.228286743164062,8.555219894081741],[24.199447631835938,8.521947189390128],[24.182281494140625,8.490029833481204],[24.163055419921875,8.4737305848307],[24.158935546875,8.430262547918577]],[[22.957992553710938,11.174360133476911],[22.945632934570312,11.135287077054238]],[[22.974472045898438,11.20938667564405],[22.957992553710938,11.174360133476911]],[[22.973785400390625,11.221510260010541],[22.974472045898438,11.20938667564405]],[[24.158935546875,8.430262547918577],[24.141082763671875,8.376599951748466]],[[24.141082763671875,8.376599951748466],[24.147262573242188,8.363692651835823]],[[24.141082763671875,8.376599951748466],[24.163055419921875,8.331082833500309],[24.181594848632812,8.313418046342342],[24.210433959960938,8.293034610795045],[24.2303466796875,8.284880940462285],[24.270858764648438,8.274688614957565],[24.328536987304688,8.268573093061947],[24.341583251953125,8.260418916317663],[24.3511962890625,8.24886687756247],[24.361495971679688,8.24750779197077],[24.3731689453125,8.262457476305098],[24.395828247070312,8.27332961829325],[24.442520141601562,8.269252600180547],[24.466552734375,8.27197061694181],[24.4830322265625,8.234596245894396],[24.500885009765625,8.2305188280405],[24.509124755859375,8.218965916257524],[24.5269775390625,8.214888337621165],[24.539337158203125,8.205373824582002],[24.55718994140625,8.205373824582002],[24.577102661132812,8.212169928587686],[24.627914428710938,8.22100468985899],[24.660873413085938,8.218965916257524],[24.686279296875,8.208771891120973],[24.715805053710938,8.21081071709042],[24.735031127929688,8.208092280138585],[24.752197265625,8.191101627913403],[24.762496948242188,8.186344115256379],[24.787216186523438,8.18838305621292],[24.800262451171875,8.195859083708093],[24.83184814453125,8.178188247073482],[24.855880737304688,8.174110250403398],[24.866867065429688,8.144883388744894],[24.87030029296875,8.121772266134819],[24.880599975585938,8.09390120205123],[24.89776611328125,8.0633087904536],[24.902572631835938,8.042232671243836],[24.912185668945312,8.03135424544327],[24.939651489257812,8.022515309869306],[24.956817626953125,7.998037255129475],[24.965057373046875,7.979677749515186],[25.046768188476562,7.944316379598883],[25.069427490234375,7.919153549446245],[25.083847045898438,7.896709728124888],[25.10101318359375,7.8987501259608734],[25.11199951171875,7.904871258972593],[25.122299194335938,7.903511015036507],[25.12847900390625,7.908951963874833],[25.151138305664062,7.908271849194385],[25.160751342773438,7.9130326284022665],[25.173797607421875,7.9137127352300825],[25.20538330078125,7.879025858308539],[25.220489501953125,7.8797060211255365],[25.225296020507812,7.8674629195361385],[25.24658203125,7.84637673077831],[25.250015258789062,7.829370960701875],[25.26031494140625,7.82392896761823],[25.258941650390625,7.815765844835561],[25.270614624023438,7.802160285513335]],[[24.159622192382812,8.450638800331001],[24.158935546875,8.430262547918577]],[[24.841461181640625,9.815299409264737],[24.854507446289062,9.820035538115766],[24.857940673828125,9.81868236535723],[24.857940673828125,9.824095023198575],[24.864120483398438,9.821388705342658],[24.865493774414062,9.824095023198575],[24.862060546875,9.82747788938992],[24.866867065429688,9.830184157433015],[24.87579345703125,9.82747788938992],[24.877853393554688,9.831537283149222],[24.873046875,9.832890403327564],[24.873733520507812,9.838302828647594],[24.880599975585938,9.845068235607739],[24.884719848632812,9.841009008061365],[24.888839721679688,9.841685549450663],[24.8895263671875,9.845068235607739],[24.897079467773438,9.841685549450663],[24.89227294921875,9.847097830667154],[24.90325927734375,9.854539572433543],[24.902572631835938,9.861304646528705],[24.908065795898438,9.852510023143067],[24.912872314453125,9.85115698334608],[24.914932250976562,9.855892598356126],[24.908065795898438,9.857922126831566],[24.909439086914062,9.861304646528705],[24.915618896484375,9.859275138875166],[24.923171997070312,9.866040115785461],[24.926605224609375,9.864010637294106],[24.924545288085938,9.868069581774625],[24.927291870117188,9.873481429938447],[24.942398071289062,9.871451997300538],[24.9444580078125,9.87551085006511],[24.939651489257812,9.877540257678055],[24.941024780273438,9.880246115025269],[24.945831298828125,9.879569652774816],[24.943771362304688,9.890392881804502],[24.95269775390625,9.886334212670986],[24.957504272460938,9.890392881804502],[24.949951171875,9.893098633379577],[24.948577880859375,9.89715721895666],[24.956817626953125,9.896480791509958],[24.9554443359375,9.90053933528826],[24.9609375,9.90189217206497],[24.9774169921875,9.895127932436907],[24.98291015625,9.902568588362406],[24.981536865234375,9.905274239610527],[24.970550537109375,9.903921416774972],[24.970550537109375,9.911361873335428],[24.979476928710938,9.924213173312824],[24.97467041015625,9.930976812881795],[24.98565673828125,9.931653169151708],[24.984970092773438,9.93571127741],[24.9884033203125,9.93706396897536],[24.984970092773438,9.943151011771802],[24.9884033203125,9.948561621312276],[24.981536865234375,9.949914259696394],[24.986343383789062,9.95126689247865],[24.98565673828125,9.960058868967469],[24.993209838867188,9.962087752981988],[24.993209838867188,9.969526886387404],[24.9993896484375,9.964116624377528],[24.9993896484375,9.974260791984172],[25.004196166992188,9.97358452396659],[25.00762939453125,9.967498048654543],[25.017242431640625,9.96885060854611],[25.017242431640625,9.974937058598],[25.0213623046875,9.978318370607653],[25.016555786132812,9.97899462879705],[25.011062622070312,9.985080889293004],[25.014495849609375,10.004691398505361],[25.019989013671875,10.00198657102579],[25.022048950195312,10.00333898758093],[25.019989013671875,10.010100985881367],[25.02960205078125,10.008072401177284],[25.037155151367188,10.012129557908139],[25.039901733398438,10.016186663919889],[25.035781860351562,10.021596059671765],[25.044708251953125,10.015510483107594],[25.047454833984375,10.01686284332277],[25.048141479492188,10.021596059671765],[25.041961669921875,10.028357677443415],[25.048141479492188,10.032414580381669],[25.044708251953125,10.033766870069249],[25.037841796875,10.027005365174595],[25.034408569335938,10.028357677443415],[25.041961669921875,10.036471432502283],[25.02960205078125,10.035119154109696],[25.035781860351562,10.039175972340944],[25.037155151367188,10.047289456232324],[25.030975341796875,10.054050537318341],[25.035781860351562,10.060811476952422],[25.048828125,10.062839731245885],[25.052261352539062,10.058783209920076],[25.055694580078125,10.059459300346138],[25.056381225585938,10.064867972798009],[25.047454833984375,10.079741354627467],[25.048828125,10.083797612420257],[25.0543212890625,10.082445532162478],[25.061874389648438,10.07365687223054],[25.063934326171875,10.083121573000588],[25.071487426757812,10.079741354627467],[25.070114135742188,10.08717778823883],[25.075607299804688,10.083797612420257],[25.078353881835938,10.091909974784857],[25.072174072265625,10.099346127373794],[25.07904052734375,10.11421791674299],[25.07080078125,10.11421791674299],[25.07354736328125,10.127061180755346],[25.068740844726562,10.131116841540681],[25.06805419921875,10.136524309456222],[25.055007934570312,10.14463534023858],[25.058441162109375,10.150042579964861],[25.052947998046875,10.154097949808902],[25.046768188476562,10.149366679994221],[25.039215087890625,10.150718478508043],[25.037841796875,10.152746165571934],[25.041961669921875,10.155449728333858],[25.033721923828125,10.16220853525291],[25.030288696289062,10.160180908178562],[25.031661987304688,10.167615477897593],[25.044021606445312,10.173698178988973],[25.046768188476562,10.178429088614072],[25.055694580078125,10.180456599843154],[25.042648315429688,10.188566515895094],[25.052947998046875,10.201406794334046],[25.050888061523438,10.208164627673034],[25.059127807617188,10.209516177120333],[25.055007934570312,10.218301108537387],[25.048141479492188,10.222355610391494],[25.055694580078125,10.226410060506629],[25.056381225585938,10.233167362336344],[25.064620971679688,10.236545959307561],[25.057754516601562,10.239924520301201],[25.061874389648438,10.246681534310287],[25.05706787109375,10.257492457069915],[25.06805419921875,10.261546457957978],[25.061874389648438,10.270329948377988],[25.069427490234375,10.270329948377988],[25.07080078125,10.277761942026022],[25.081100463867188,10.276410683451934],[25.085220336914062,10.287220590203441],[25.083847045898438,10.302759182568925],[25.088653564453125,10.309514853436623],[25.097579956054688,10.316945924037745],[25.1092529296875,10.316270379412678],[25.11749267578125,10.305461468297192],[25.123672485351562,10.30411032832944],[25.125045776367188,10.309514853436623],[25.120925903320312,10.312217081219128],[25.123672485351562,10.324376819199117],[25.138092041015625,10.327754440788624],[25.142898559570312,10.33653608708297],[25.147705078125,10.334509575103695],[25.147018432617188,10.326403396506288],[25.155258178710938,10.325727872188295],[25.15869140625,10.320323625412543],[25.164871215820312,10.320999161336756],[25.165557861328125,10.329105479265486],[25.168304443359375,10.33045651193615],[25.173797607421875,10.321674695810513],[25.181350708007812,10.318297008938048],[25.18341064453125,10.322350228833717],[25.17791748046875,10.335860584542306],[25.192337036132812,10.334509575103695],[25.190963745117188,10.348694884341269],[25.196456909179688,10.345992970093434],[25.196456909179688,10.337887087806566],[25.201950073242188,10.341264564191196],[25.20538330078125,10.35004583274046],[25.212249755859375,10.3453174878967],[25.2081298828125,10.354774106320416],[25.21636962890625,10.359502308605453],[25.225982666015625,10.357475944929567],[25.229415893554688,10.348694884341269],[25.2410888671875,10.354774106320416],[25.241775512695312,10.349370359267999],[25.236282348632812,10.342615544573398],[25.240402221679688,10.340589071820274],[25.248641967773438,10.3453174878967],[25.250701904296875,10.341264564191196],[25.245895385742188,10.338562585989315],[25.247955322265625,10.335860584542306],[25.25482177734375,10.34464200424624],[25.26950334605955,10.340597954493239]],[[25.277481079101562,5.028018927423543],[25.2685546875,5.025282908609292]],[[25.2685546875,7.479580621497748],[25.274734497070312,7.473453350971782]],[[25.276107788085938,7.644303639113591],[25.2685546875,7.643623095297472]],[[25.2685546875,7.804201147652392],[25.270614624023438,7.802160285513335]],[[25.2685546875,10.341264564191196],[25.26950334605955,10.340597954493239]],[[25.26950334605955,10.340597954493239],[25.273361206054688,10.337887087806566]],[[25.26950334605955,10.340597954493239],[25.271987915039062,10.339913577996258],[25.273361206054688,10.337887087806566]],[[25.270614624023438,7.802160285513335],[25.281600952148438,7.808963120559393],[25.285720825195312,7.806241999828086],[25.28228759765625,7.783111758889575],[25.28778076171875,7.766783761304069],[25.287094116210938,7.751135501377138],[25.278854370117188,7.736847451615265],[25.28228759765625,7.730723853474211],[25.281600952148438,7.719156814632169],[25.2740478515625,7.7109916554332205],[25.281600952148438,7.706909016739953],[25.2850341796875,7.689897598655238],[25.298080444335938,7.687175708432646],[25.29876708984375,7.6728854985578225],[25.2960205078125,7.668121988514406],[25.280227661132812,7.66744148272606],[25.289840698242188,7.657914287480521],[25.289840698242188,7.6517895494664305],[25.276107788085938,7.644303639113591]],[[25.273361206054688,10.337887087806566],[25.270614624023438,10.334509575103695],[25.272674560546875,10.333158559855981],[25.277481079101562,10.351396775322195],[25.275421142578125,10.360177760252933],[25.287094116210938,10.354098643030405],[25.300140380859375,10.354774106320416],[25.302200317382812,10.360177760252933],[25.3125,10.354098643030405],[25.322799682617188,10.353423178285487],[25.318679809570312,10.357475944929567],[25.32073974609375,10.365581321019091],[25.330352783203125,10.365581321019091],[25.330352783203125,10.371660215460262],[25.335159301757812,10.372335640890824],[25.339279174804688,10.379089815026816],[25.3509521484375,10.37030936022743],[25.353012084960938,10.371660215460262],[25.3509521484375,10.378414404173911]],[[25.276107788085938,7.644303639113591],[25.265121459960938,7.642942550396541],[25.2520751953125,7.630011991290176],[25.234222412109375,7.637498152147212],[25.2301025390625,7.633414807931157],[25.233535766601562,7.620483960704005],[25.230789184570312,7.617081041247849],[25.212936401367188,7.6218451209158955],[25.209503173828125,7.6198033789756074],[25.210189819335938,7.610955718123288],[25.204696655273438,7.6021078747028925],[25.188217163085938,7.600746651831768],[25.179977416992188,7.585772915593868],[25.168991088867188,7.58509227882869],[25.17242431640625,7.574201944218837],[25.182723999023438,7.568756673671498],[25.18341064453125,7.559227284779696],[25.193710327148438,7.541529290443366],[25.18890380859375,7.530637857158149],[25.1971435546875,7.518384667571776],[25.1971435546875,7.495238810727948],[25.212936401367188,7.487069390861869],[25.219802856445312,7.495919588801485],[25.239028930664062,7.478899817908537],[25.266494750976562,7.480942225489873],[25.27130126953125,7.478219013257354],[25.274734497070312,7.473453350971782]],[[25.274734497070312,7.473453350971782],[25.287094116210938,7.4700492746437],[25.29052734375,7.459156052246997],[25.305633544921875,7.441453987683343],[25.30975341796875,7.426474759623879],[25.322799682617188,7.433283562993182],[25.340652465820312,7.425793873484559],[25.339279174804688,7.404685880551991],[25.34820556640625,7.39583384064006],[25.349578857421875,7.3747244140662795]],[[25.350265502929688,5.283101332525865],[25.335159301757812,5.261905384874098],[25.3289794921875,5.207886646900698],[25.308380126953125,5.191474969470691],[25.316619873046875,5.162753507005524],[25.324859619140625,5.1552310039517],[25.32623291015625,5.149760036665079],[25.34820556640625,5.153179396739659],[25.341339111328125,5.13061128072399],[25.344085693359375,5.110778034898765],[25.320053100585938,5.07452948349655],[25.32623291015625,5.043066825264784],[25.311813354492188,5.030754934742904],[25.29327392578125,5.028018927423543],[25.277481079101562,5.028018927423543]],[[25.349578857421875,7.3747244140662795],[25.365371704101562,7.347484957231743],[25.385284423828125,7.339993813580376],[25.388717651367188,7.331140481161398],[25.391464233398438,7.331140481161398],[25.394210815429688,7.337950752501025],[25.405197143554688,7.341355849086671],[25.41961669921875,7.332502543763999],[25.425796508789062,7.32228697273636],[25.436782836914062,7.314114347382345],[25.437469482421875,7.304579428699746],[25.44708251953125,7.30934691348252],[25.45257568359375,7.308665847342364],[25.4608154296875,7.29913081239828],[25.455322265625,7.284146775502479],[25.45806884765625,7.2821034589117835],[25.467681884765625,7.286190082778845],[25.475234985351562,7.278697910569071],[25.477981567382812,7.270524489083999],[25.484161376953125,7.270524489083999],[25.4937744140625,7.276654569152674],[25.504074096679688,7.267799982190557],[25.50750732421875,7.279379022306328],[25.511627197265625,7.281422351312145],[25.519866943359375,7.276654569152674],[25.535659790039062,7.278016797797647],[25.544586181640625,7.254858348915562],[25.557632446289062,7.259626362399818],[25.56793212890625,7.256901789452974],[25.571365356445312,7.235785790185287],[25.58441162109375,7.242597510949335],[25.59539794921875,7.2371481425667366],[25.597457885742188,7.218074835237043],[25.61737060546875,7.220799642710933],[25.6365966796875,7.213306382670469],[25.646896362304688,7.216031218861047],[25.653762817382812,7.2051317757158175],[25.660629272460938,7.20036318688991],[25.689468383789062,7.193550830168343],[25.703887939453125,7.194232070442534],[25.722427368164062,7.175838224479941],[25.73822021484375,7.181969589168457],[25.7574462890625,7.179244548398831],[25.759506225585938,7.177200757107748],[25.755386352539062,7.167662943071205],[25.7574462890625,7.162893961160403],[25.778732299804688,7.160850096497245],[25.78765869140625,7.1547184475580625],[25.82061767578125,7.156081043332111],[25.828857421875,7.152674546270298],[25.83160400390625,7.1404109464885375],[25.817184448242188,7.123377623606726],[25.816497802734375,7.117926826555511],[25.832290649414062,7.116564117172785],[25.840530395507812,7.111113239184956],[25.858383178710938,7.107706407586725],[25.865936279296875,7.109069143257821],[25.893402099609375,7.100211289173904],[25.898208618164062,7.091353264512184],[25.907135009765625,7.086583488344629],[25.90850830078125,7.082495069481099],[25.900955200195312,7.075680957502466],[25.902328491210938,7.065459600954111],[25.90850830078125,7.061370995033534],[25.931167602539062,7.0606895571991375],[25.931854248046875,7.044334748242217],[25.938034057617188,7.0402459558118355],[25.973739624023438,7.042971821437296],[25.990219116210938,7.0402459558118355],[25.986785888671875,7.0272978754794515],[25.992279052734375,7.016393949086522],[25.997772216796875,7.0136679275666305],[26.023178100585938,7.017075451972578],[26.039657592773438,7.003445204803988],[26.049270629882812,6.982317534742738],[26.04583740234375,6.966641549876574],[26.058197021484375,6.957099389372652],[26.055450439453125,6.94142256196307],[26.039657592773438,6.937332868878442],[26.041030883789062,6.923700302184778],[26.05682373046875,6.923018663503993],[26.060943603515625,6.901887376486807],[26.082229614257812,6.900524035220597],[26.08428955078125,6.893707270014233],[26.079483032226562,6.8862087150364495],[26.077423095703125,6.872574675152922],[26.078109741210938,6.85007765478555],[26.086349487304688,6.83644258029894],[26.096649169921875,6.833715518693973],[26.1090087890625,6.81667103148623],[26.117935180664062,6.82144354906632],[26.126861572265625,6.815307446305065],[26.143341064453125,6.824852461082601],[26.152267456054688,6.823488899188275],[26.158447265625,6.81667103148623],[26.1749267578125,6.812580264308071],[26.176300048828125,6.802353193752631],[26.170120239257812,6.780534715846375],[26.172866821289062,6.775761792005724],[26.186599731445312,6.776443641161731],[26.178359985351562,6.768261387680113],[26.183853149414062,6.756669624561533],[26.212692260742188,6.743713795817328],[26.227798461914062,6.744395690183028],[26.233978271484375,6.7478051476138505],[26.245651245117188,6.740986208759249],[26.249771118164062,6.726666125044959],[26.256637573242188,6.717119167990038],[26.25457763671875,6.706890077528031],[26.259384155273438,6.697342732664392],[26.26556396484375,6.696660772308159],[26.312942504882812,6.710981739501783],[26.3287353515625,6.709617855996387],[26.333541870117188,6.706890077528031],[26.339035034179688,6.688477173722685],[26.34521484375,6.681657403518048],[26.357574462890625,6.685067300513246],[26.373367309570312,6.6782474827490015],[26.382293701171875,6.680293438062624],[26.387100219726562,6.664607562172579],[26.400146484375,6.662561541341771],[26.414566040039062,6.6536953524863],[26.415252685546875,6.643464935709773],[26.409072875976562,6.62573170946994],[26.411819458007812,6.614818637859841],[26.40289306640625,6.6175469283763055],[26.377487182617188,6.607997845669206],[26.382293701171875,6.596402283115156],[26.377487182617188,6.580031615259901],[26.352767944335938,6.579349492380779],[26.350021362304688,6.5541102881916675],[26.35345458984375,6.545924325774911],[26.338348388671875,6.540466942928739],[26.332855224609375,6.535009500484903],[26.330108642578125,6.527505419902574],[26.332168579101562,6.517954609260379],[26.319122314453125,6.511132490275874],[26.319122314453125,6.506356951818041],[26.327362060546875,6.500899137995963],[26.313629150390625,6.4899833326706515],[26.292343139648438,6.486572094970255],[26.29302978515625,6.479749550305978],[26.288909912109375,6.4708801043104485],[26.292343139648438,6.462010502585488],[26.30401611328125,6.45791678778483],[26.304702758789062,6.422436541538555],[26.299896240234375,6.393777613336393],[26.300582885742188,6.389000968929815],[26.308822631835938,6.384906666803923],[26.315689086914062,6.371941160845494],[26.32598876953125,6.373988367796567],[26.337661743164062,6.361705003612823],[26.368560791015625,6.348738911794003],[26.37542724609375,6.337137394988532],[26.376800537109375,6.321440810017937],[26.385040283203125,6.31939339422344],[26.396026611328125,6.309838680093365],[26.426925659179688,6.303013776400468],[26.436538696289062,6.307791218419802],[26.444778442382812,6.296188782911229],[26.448898315429688,6.294823773446239],[26.454391479492188,6.299601290874412],[26.464691162109375,6.292776252522875],[26.484603881835938,6.290046212074106],[26.488723754882812,6.279808432740433],[26.469497680664062,6.223838355951416],[26.470184326171875,6.218377540534332],[26.500396728515625,6.2176949346187556],[26.521682739257812,6.235442400193345],[26.525802612304688,6.233394646324956],[26.530609130859375,6.223838355951416],[26.534042358398438,6.191755254174925],[26.522369384765625,6.158987521497667],[26.5155029296875,6.152843346154439],[26.5045166015625,6.152160655619396],[26.496963500976562,6.1405547824503],[26.45782470703125,6.118025012932784],[26.44683837890625,6.085935520826559],[26.448898315429688,6.070231453384345],[26.459197998046875,6.075011000682011],[26.4715576171875,6.094128765214367],[26.4825439453125,6.103004638804963],[26.514129638671875,6.1152940671813445],[26.522369384765625,6.1152940671813445],[26.527175903320312,6.100956373325018],[26.538848876953125,6.093445999624076],[26.5374755859375,6.0627206505495135],[26.553268432617188,6.055209743140084],[26.556015014648438,6.048381554855985],[26.554641723632812,6.034724919711891],[26.558761596679688,6.030627862028688],[26.573867797851562,6.027896473043691],[26.596527099609375,6.0319935513630965],[26.60888671875,6.029945016071819],[26.623306274414062,6.01287358801316],[26.628799438476562,6.010824980611987],[26.642532348632812,6.014239321994507],[26.664505004882812,5.996484512993789],[26.68304443359375,6.01287358801316],[26.696090698242188,6.017653641940928],[26.705703735351562,6.016287916535459],[26.718063354492188,6.005361989842792],[26.733169555664062,5.999216059730827],[26.7462158203125,6.006727742674192],[26.748275756835938,6.021067940439258],[26.7572021484375,6.018336503356825],[26.782608032226562,6.0005818279677285],[26.8011474609375,5.9684853713395],[26.822433471679688,5.988972688952041],[26.832046508789062,5.980777853982558],[26.819000244140625,5.941850713788684],[26.823806762695312,5.9377529596411005],[26.829299926757812,5.899505787175079],[26.838226318359375,5.902237815762575],[26.860885620117188,5.8919926391689845],[26.89453125,5.89540771905613],[26.912384033203125,5.905652832557869],[26.917877197265625,5.905652832557869],[26.935043334960938,5.862622086241961],[26.944656372070312,5.865354296036165],[26.973495483398438,5.858523746468536],[26.9879150390625,5.863988192811718],[27.006454467773438,5.855108440345281],[27.011260986328125,5.844179320516925],[27.0318603515625,5.849643907129007],[27.037353515625,5.834616165610054],[27.03460693359375,5.824369747214182],[27.044219970703125,5.818904914286325],[27.05108642578125,5.809341328874327],[27.068252563476562,5.800460711273988],[27.103271484375,5.810707565311592],[27.12249755859375,5.801826969242168],[27.125930786132812,5.7949956463133026],[27.13623046875,5.789530528448783],[27.141036987304688,5.782015905093423],[27.160263061523438,5.777233820078871],[27.16094970703125,5.771768530616764],[27.15545654296875,5.7628873228748585],[27.164382934570312,5.748540463122784],[27.169189453125,5.745807686900402],[27.181549072265625,5.74717407665138],[27.200775146484375,5.7437580961264185],[27.201461791992188,5.721895336186928],[27.216567993164062,5.703447982149506],[27.226181030273438,5.698665237895333],[27.22137451171875,5.679533862806882],[27.228240966796875,5.663135035550934],[27.241973876953125,5.657668656301352]],[[25.349578857421875,7.3747244140662795],[25.3564453125,7.363147849348564]],[[25.355907937368098,5.284349878882175],[25.350265502929688,5.283101332525865]],[[25.355907937368098,5.284349878882175],[25.355758666992188,5.284468788152673],[25.350265502929688,5.283101332525865]],[[25.3509521484375,10.378414404173911],[25.3564453125,10.376388162866515]],[[25.3509521484375,10.378414404173911],[25.35919189453125,10.376388162866515],[25.362625122070312,10.381791443854887],[25.368118286132812,10.381791443854887],[25.372238159179688,10.375037328038593],[25.36468505859375,10.36963393042534],[25.37567138671875,10.370984788572434],[25.385971069335938,10.381116038835584],[25.388031005859375,10.38922080277786],[25.391464233398438,10.389896190287647],[25.396270751953125,10.383817650160669],[25.394210815429688,10.375712746181458],[25.396270751953125,10.37301106486403],[25.404510498046875,10.381791443854887],[25.413436889648438,10.378414404173911],[25.414810180664062,10.391922344058356],[25.424423217773438,10.384493049344918],[25.429916381835938,10.387194631491107],[25.431976318359375,10.383142249517519],[25.438156127929688,10.381791443854887],[25.442276000976562,10.385843843336353],[25.442962646484375,10.396649985086206],[25.448455810546875,10.38922080277786],[25.445709228515625,10.381116038835584],[25.457382202148438,10.373686487379784],[25.465621948242188,10.37706357809367],[25.473175048828125,10.37301106486403],[25.473861694335938,10.391246960927987],[25.48553466796875,10.380440632357743],[25.494461059570312,10.379089815026816],[25.497894287109375,10.374361908438003],[25.500640869140625,10.376388162866515],[25.499954223632812,10.381791443854887],[25.506134033203125,10.38651923814336],[25.505447387695312,10.395299237808572],[25.51025390625,10.39462386197905],[25.511627197265625,10.38922080277786],[25.521926879882812,10.38651923814336],[25.523300170898438,10.395299237808572],[25.527420043945312,10.398000726521348],[25.5322265625,10.393273105939041],[25.5377197265625,10.393273105939041],[25.537033081054688,10.385168447070175],[25.54046630859375,10.387870023379497],[25.541152954101562,10.39462386197905],[25.552825927734375,10.407455752916682],[25.557632446289062,10.406105052399282],[25.556259155273438,10.402052915764578],[25.561752319335938,10.395974612177655],[25.566558837890625,10.397325356534132],[25.566558837890625,10.404754346034316],[25.574111938476562,10.38922080277786],[25.577545166015625,10.393273105939041],[25.574111938476562,10.399351462113273],[25.582351684570312,10.406105052399282],[25.585098266601562,10.404754346034316],[25.585098266601562,10.397325356534132],[25.605697631835938,10.407455752916682],[25.613250732421875,10.402052915764578],[25.635223388671875,10.406780403388973],[25.637283325195312,10.398676095047758],[25.644149780273438,10.398676095047758],[25.653762817382812,10.406105052399282],[25.648956298828125,10.416235163695214],[25.655136108398438,10.418261146456391],[25.652389526367188,10.42096243631487],[25.654449462890625,10.42568963720409],[25.663375854492188,10.42568963720409],[25.662689208984375,10.43244265683957],[25.6695556640625,10.427040252850253],[25.666122436523438,10.42096243631487],[25.668182373046875,10.411507819376219],[25.674362182617188,10.41218315866751],[25.67779541015625,10.406780403388973],[25.685348510742188,10.406780403388973],[25.690841674804688,10.402728275524263],[25.692214965820312,10.413533832861875],[25.700454711914062,10.410832478622309],[25.712814331054688,10.420287116045854],[25.717620849609375,10.417585820332734],[25.72174072265625,10.42096243631487],[25.723800659179688,10.416235163695214],[25.732040405273438,10.411507819376219],[25.742340087890625,10.421637755119999],[25.747146606445312,10.421637755119999],[25.748519897460938,10.427040252850253],[25.752639770507812,10.423663702751167],[25.756759643554688,10.427715558476326],[25.756759643554688,10.437169683396878],[25.759506225585938,10.439195529932327],[25.762939453125,10.437169683396878],[25.760879516601562,10.427715558476326],[25.7684326171875,10.426364945759476],[25.767745971679688,10.422313072461153],[25.762252807617188,10.41961179431304],[25.774612426757812,10.41961179431304],[25.777359008789062,10.424339015699843],[25.781478881835938,10.422313072461153],[25.78216552734375,10.431767361468948],[25.786285400390625,10.425014327184181],[25.785598754882812,10.420287116045854],[25.797271728515625,10.420287116045854],[25.797271728515625,10.415559833181531],[25.802764892578125,10.420287116045854],[25.804824829101562,10.417585820332734],[25.80413818359375,10.421637755119999],[25.808258056640625,10.424339015699843],[25.800704956054688,10.428390862637608],[25.808944702148438,10.429066165334003],[25.813064575195312,10.426364945759476],[25.8123779296875,10.420287116045854],[25.818557739257812,10.416235163695214],[25.819244384765625,10.41218315866751],[25.822677612304688,10.418261146456391],[25.82061767578125,10.422988388338238],[25.832290649414062,10.416910492745647],[25.835037231445312,10.422313072461153],[25.83984375,10.41961179431304],[25.838470458984375,10.423663702751167],[25.846023559570312,10.41420916776477],[25.843963623046875,10.404754346034316],[25.850143432617188,10.403403633822505],[25.85357666015625,10.410832478622309],[25.8563232421875,10.410832478622309],[25.854263305664062,10.399351462113273],[25.859756469726562,10.40070219186126],[25.863189697265625,10.395974612177655],[25.86181640625,10.391246960927987],[25.865936279296875,10.395974612177655],[25.862503051757812,10.402728275524263],[25.87005615234375,10.40407899065922],[25.871429443359375,10.40070219186126],[25.874176025390625,10.40407899065922],[25.879669189453125,10.402728275524263],[25.884475708007812,10.406105052399282],[25.884475708007812,10.401377554543547],[25.887222290039062,10.40070219186126],[25.8892822265625,10.406780403388973],[25.894775390625,10.403403633822505],[25.892715454101562,10.409481792727004],[25.895462036132812,10.410832478622309],[25.9002685546875,10.402052915764578],[25.90576171875,10.40070219186126],[25.899581909179688,10.377738991862833],[25.905075073242188,10.379089815026816],[25.90850830078125,10.375712746181458],[25.910568237304688,10.378414404173911],[25.906448364257812,10.380440632357743],[25.909194946289062,10.380440632357743],[25.9222412109375,10.371660215460262],[25.92498779296875,10.382466847415563],[25.929107666015625,10.385843843336353],[25.9332275390625,10.380440632357743],[25.932540893554688,10.179104927121836],[25.975112915039062,10.167615477897593],[25.999832153320312,10.156125615454101],[26.03759765625,10.125033331132567],[26.053390502929688,10.10881007295232],[26.078109741210938,10.058107118078857],[26.116561889648438,9.999957935637092],[26.214065551757812,9.916773008437655],[26.303329467773438,9.658969347906899],[26.31500244140625,9.63256876382152],[26.345901489257812,9.593979582094613],[26.373367309570312,9.572990637650241],[26.393966674804688,9.564188436139549],[26.547775268554688,9.522205574667481],[26.702957153320312,9.489021919095157],[26.750335693359375,9.496471591198313],[26.843719482421875,9.530331693236691],[27.02362060546875,9.602781010909117],[27.142410278320312,9.626476027916818],[27.500152587890625,9.623768110014376],[27.750091552734375,9.606843131687077],[27.822189331054688,9.60548909684292],[27.907333374023438,9.610228195100236]],[[25.3564453125,5.284468788152673],[25.355907937368098,5.284349878882175]],[[25.3564453125,5.307715071321918],[25.35919189453125,5.2981431782665425],[25.365371704101562,5.304296555127955],[25.3729248046875,5.30292914334743],[25.37567138671875,5.290622301106134],[25.362625122070312,5.2789989475411465],[25.355907937368098,5.284349878882175]],[[27.448654174804688,5.0198108365208824],[27.44110107421875,5.030754934742904],[27.443161010742188,5.034858924155484],[27.44110107421875,5.043066825264784],[27.448654174804688,5.056746429785693],[27.44110107421875,5.0752134373240985],[27.425308227539062,5.084104771062593],[27.390975952148438,5.09436384975005],[27.38616943359375,5.0998352914455145],[27.375869750976562,5.100519218379833],[27.36968994140625,5.108042366543129],[27.3614501953125,5.107358447629617],[27.351837158203125,5.113513691572304],[27.342910766601562,5.1141976039146355],[27.319564819335938,5.131295174771966],[27.305145263671875,5.1299273859430805],[27.28729248046875,5.135398523662794],[27.270126342773438,5.145656780300522],[27.267379760742188,5.144289022297489],[27.263259887695312,5.151127782902507],[27.245407104492188,5.149760036665079],[27.230300903320312,5.152495526196603],[27.225494384765625,5.160701924107874],[27.220687866210938,5.159334198490016],[27.211761474609375,5.16685665288636],[27.202835083007812,5.168908215864327],[27.184982299804688,5.18600431534506],[27.153396606445312,5.197629398632214],[27.145843505859375,5.20378376765906],[27.1417236328125,5.20104849996456],[27.134857177734375,5.207886646900698],[27.123184204101562,5.204467582724746],[27.107391357421875,5.209254267364789],[27.102584838867188,5.207202835552826],[27.099151611328125,5.209254267364789],[27.098464965820312,5.206519023461198],[27.083358764648438,5.208570457504718],[27.081298828125,5.205151397047062],[27.077178955078125,5.207202835552826],[27.054519653320312,5.196261752901776],[27.05108642578125,5.199680861659604],[27.046279907226562,5.198313220383876],[27.049026489257812,5.191474969470691],[27.041473388671875,5.194894104202496],[27.020187377929688,5.185320480244917],[27.0208740234375,5.1757467111170925],[27.01263427734375,5.1805336138107165],[26.996841430664062,5.169592068713755],[26.991348266601562,5.170959772197185],[26.982421875,5.167540507950535],[26.981735229492188,5.1641212252500726],[26.9769287109375,5.166172797084131],[26.974868774414062,5.161385785811073],[26.964569091796875,5.158650334575548],[26.962509155273438,5.15181165491752],[26.957015991210938,5.154547135617303],[26.947402954101562,5.1490761624428565],[26.9439697265625,5.1429212613549895],[26.9329833984375,5.14223737978168],[26.928863525390625,5.13881796089841],[26.93023681640625,5.133346852517324],[26.927490234375,5.13266296066873],[26.931610107421875,5.125140101962672],[26.927490234375,5.124456201321769],[26.926116943359375,5.127875697203712],[26.918563842773438,5.1196688763430585],[26.920623779296875,5.114881515526354],[26.915817260742188,5.105990607613749],[26.911697387695312,5.104622764680062],[26.912384033203125,5.096415645847089],[26.904830932617188,5.095047782510336],[26.90826416015625,5.081368989130763],[26.896591186523438,5.073161573666531],[26.886978149414062,5.0786331955833495],[26.884231567382812,5.0717936609372565],[26.886978149414062,5.064270089136643],[26.879425048828125,5.057430402431995],[26.882171630859375,5.04648675344618],[26.88079833984375,5.044434798699695],[26.875991821289062,5.04648675344618],[26.873931884765625,5.042382837466443],[26.868438720703125,5.0416988489476395],[26.869125366210938,5.0355429198735875],[26.858139038085938,5.0416988489476395],[26.85333251953125,5.036226914872194],[26.851272583007812,5.043066825264784],[26.846466064453125,5.04511878433607],[26.84783935546875,5.0505906434684],[26.840286254882812,5.054010531976522],[26.840972900390625,5.058114374355708],[26.834793090820312,5.056062456416897],[26.826553344726562,5.061534223132046],[26.821060180664062,5.058798345556736],[26.823806762695312,5.054010531976522],[26.821060180664062,5.049222683013118],[26.80389404296875,5.048538701703285],[26.8011474609375,5.052642578738914],[26.80389404296875,5.057430402431995],[26.799087524414062,5.057430402431995],[26.797714233398438,5.060850254822732],[26.791534423828125,5.058798345556736],[26.786727905273438,5.068373866434909],[26.78741455078125,5.0738455289439965],[26.778488159179688,5.075897390426544],[26.786727905273438,5.0834208266689345],[26.782608032226562,5.084788714729891],[26.782608032226562,5.089576300054756],[26.777801513671875,5.085472657670731],[26.77093505859375,5.090260237907688],[26.769561767578125,5.086156599885018],[26.76544189453125,5.087524482133542],[26.768875122070312,5.090260237907688],[26.767501831054688,5.09846743539122],[26.77093505859375,5.108042366543129],[26.767501831054688,5.108726284726896],[26.766815185546875,5.105306686511584],[26.761322021484375,5.103254918829332],[26.75445556640625,5.107358447629617],[26.75445556640625,5.102570994810318],[26.749649047851562,5.101887070062331],[26.74896240234375,5.107358447629617],[26.74072265625,5.106674527986459],[26.731796264648438,5.101887070062331],[26.730422973632812,5.1039388421192795],[26.72698974609375,5.099151363782611],[26.72698974609375,5.103254918829332],[26.720809936523438,5.106674527986459],[26.717376708984375,5.101887070062331],[26.71875,5.095047782510336],[26.71600341796875,5.101887070062331],[26.707077026367188,5.107358447629617],[26.706390380859375,5.09846743539122],[26.689910888671875,5.0916281114317625],[26.685104370117188,5.093679916261952],[26.687164306640625,5.097783506271439],[26.680984497070312,5.101203144585471],[26.67755126953125,5.0998352914455145],[26.6802978515625,5.097783506271439],[26.67755126953125,5.086840541372653],[26.66107177734375,5.080001093808618],[26.65557861328125,5.082736881549013],[26.65283203125,5.077949245382288],[26.652145385742188,5.086156599885018],[26.645965576171875,5.085472657670731],[26.637725830078125,5.093679916261952],[26.637039184570312,5.085472657670731],[26.627426147460938,5.086156599885018],[26.631546020507812,5.073161573666531],[26.626052856445312,5.067005943564336],[26.626052856445312,5.072477617664251],[26.621932983398438,5.068373866434909],[26.619186401367188,5.0717936609372565],[26.621246337890625,5.081368989130763],[26.613693237304688,5.082052935702922],[26.619186401367188,5.089576300054756],[26.613006591796875,5.09436384975005],[26.612319946289062,5.089576300054756],[26.602020263671875,5.088208422167587],[26.594467163085938,5.077949245382288],[26.58966064453125,5.0786331955833495],[26.590347290039062,5.082736881549013],[26.584854125976562,5.088892361474691],[26.580734252929688,5.086156599885018],[26.583480834960938,5.0834208266689345],[26.5814208984375,5.080001093808618],[26.572494506835938,5.086840541372653],[26.568374633789062,5.068373866434909],[26.564254760742188,5.067005943564336],[26.558761596679688,5.069741786408934],[26.557388305664062,5.077265294455734],[26.55120849609375,5.082052935702922],[26.552581787109375,5.07452948349655],[26.544342041015625,5.0690578267840385],[26.549835205078125,5.065638017797989],[26.549835205078125,5.060850254822732],[26.54296875,5.061534223132046],[26.544342041015625,5.056746429785693],[26.539535522460938,5.054694507512215],[26.536788940429688,5.048538701703285],[26.534042358398438,5.0505906434684],[26.539535522460938,5.063586123720587],[26.536788940429688,5.07452948349655],[26.527862548828125,5.067005943564336],[26.529922485351562,5.063586123720587],[26.525115966796875,5.054694507512215],[26.52099609375,5.055378482325705],[26.523056030273438,5.04648675344618],[26.514816284179688,5.048538701703285],[26.511383056640625,5.056062456416897],[26.509323120117188,5.0505906434684],[26.4990234375,5.045802769251598],[26.499710083007812,5.056746429785693],[26.49627685546875,5.058798345556736],[26.488723754882812,5.058114374355708],[26.486663818359375,5.048538701703285],[26.483917236328125,5.04785471967212],[26.478424072265625,5.049906663601522],[26.480484008789062,5.055378482325705],[26.477737426757812,5.057430402431995],[26.4825439453125,5.061534223132046],[26.479110717773438,5.064954053829143],[26.469497680664062,5.061534223132046],[26.466751098632812,5.069741786408934],[26.465377807617188,5.063586123720587],[26.461257934570312,5.061534223132046],[26.451644897460938,5.067689905361642],[26.448211669921875,5.076581342803787],[26.451644897460938,5.079317145058826],[26.454391479492188,5.0752134373240985],[26.456451416015625,5.076581342803787],[26.455764770507812,5.0834208266689345],[26.451644897460938,5.086156599885018],[26.453018188476562,5.096415645847089],[26.448898315429688,5.100519218379833],[26.436538696289062,5.0929959820461415],[26.435165405273438,5.09846743539122],[26.440658569335938,5.107358447629617],[26.437225341796875,5.11556542640736],[26.434478759765625,5.117617154665149],[26.428985595703125,5.113513691572304],[26.421432495117188,5.1169332459768535],[26.415939331054688,5.11556542640736],[26.420059204101562,5.127191799492031],[26.410446166992188,5.123772299948801],[26.409759521484375,5.127191799492031],[26.413192749023438,5.1285595941828435],[26.411819458007812,5.136082412577526],[26.401519775390625,5.135398523662794],[26.402206420898438,5.1299273859430805],[26.393966674804688,5.123772299948801],[26.396026611328125,5.1299273859430805],[26.388473510742188,5.131295174771966],[26.393280029296875,5.139501846143639],[26.385040283203125,5.15181165491752],[26.378860473632812,5.15181165491752],[26.378173828125,5.147024535363312],[26.370620727539062,5.147024535363312],[26.3671875,5.1429212613549895],[26.35894775390625,5.144972901666487],[26.348648071289062,5.160701924107874],[26.3397216796875,5.147708411791876],[26.335601806640625,5.15181165491752],[26.324615478515625,5.15386326654659],[26.324615478515625,5.140869614431428],[26.321868896484375,5.139501846143639],[26.316375732421875,5.15181165491752],[26.308822631835938,5.157282604536022],[26.3067626953125,5.155914871549682],[26.310195922851562,5.149760036665079],[26.297836303710938,5.141553497473795],[26.296463012695312,5.146340658199496],[26.299896240234375,5.1490761624428565],[26.29302978515625,5.156598738411155],[26.293716430664062,5.163437366496584],[26.278610229492188,5.161385785811073],[26.28204345703125,5.1641212252500726],[26.280670166015625,5.168224362276556],[26.284103393554688,5.167540507950535],[26.285476684570312,5.170959772197185],[26.280670166015625,5.171643622830993],[26.277236938476562,5.176430556577748],[26.253890991210938,5.174379017977944],[26.248397827148438,5.178482088522875],[26.253890991210938,5.182585132438665],[26.25732421875,5.192158797900506],[26.251144409179688,5.192158797900506],[26.249771118164062,5.202416135297969],[26.24359130859375,5.202416135297969],[26.236038208007812,5.186688149704443],[26.23260498046875,5.189423479732429],[26.233978271484375,5.194894104202496],[26.2298583984375,5.197629398632214],[26.2298583984375,5.205835210625911],[26.234664916992188,5.208570457504718],[26.234664916992188,5.213357110896877],[26.228485107421875,5.208570457504718],[26.225051879882812,5.211989499363651],[26.220932006835938,5.211305692480342],[26.217498779296875,5.2030999518501035],[26.2188720703125,5.198313220383876],[26.215438842773438,5.194210278739783],[26.216812133789062,5.202416135297969],[26.214065551757812,5.20378376765906],[26.212692260742188,5.212673305502529],[26.206512451171875,5.215408522611787],[26.218185424804688,5.219511325926299],[26.208572387695312,5.222930308188185],[26.208572387695312,5.239341163232305],[26.205825805664062,5.242760037159451],[26.200332641601562,5.244811352531177],[26.198959350585938,5.24139248983425],[26.1968994140625,5.242760037159451],[26.196212768554688,5.231819574759618],[26.185226440429688,5.223614102403016],[26.182479858398438,5.227033062284136],[26.189346313476562,5.231135789504047],[26.184539794921875,5.235238489827056],[26.184539794921875,5.248230196501417],[26.164627075195312,5.235922270597782],[26.158447265625,5.237973608422704],[26.15570068359375,5.240708715048724],[26.15570068359375,5.249597728843336],[26.16119384765625,5.2598541257620965],[26.157073974609375,5.261905384874098],[26.144027709960938,5.2598541257620965],[26.134414672851562,5.267375376100507],[26.12823486328125,5.266691629829081],[26.133041381835938,5.2564353455528785],[26.12823486328125,5.255067828213552],[26.123428344726562,5.247546429206083],[26.114501953125,5.245495122823746],[26.114501953125,5.237289829895704],[26.107635498046875,5.235922270597782],[26.102828979492188,5.2468626611612965],[26.08978271484375,5.24412758148954],[26.0870361328125,5.239341163232305],[26.095962524414062,5.234554708308614],[26.096649169921875,5.231135789504047],[26.093902587890625,5.213357110896877],[26.08978271484375,5.209254267364789],[26.08428955078125,5.219511325926299],[26.074676513671875,5.220878921068213],[26.065750122070312,5.217459927622463],[26.066436767578125,5.209254267364789],[26.060256958007812,5.194894104202496],[26.046524047851562,5.209938076480814],[26.049957275390625,5.2160923250270566],[26.048583984375,5.225665480570681],[26.043777465820312,5.223614102403016],[26.036224365234375,5.208570457504718],[26.024551391601562,5.212673305502529],[26.008071899414062,5.210621884852697],[26.003952026367188,5.2140409155466],[26.008071899414062,5.228400641011363],[26.004638671875,5.235922270597782],[25.99365234375,5.238657386201604],[25.99090576171875,5.228400641011363],[25.986099243164062,5.224981688594362],[25.980606079101562,5.247546429206083],[25.97442626953125,5.247546429206083],[25.964813232421875,5.235238489827056],[25.956573486328125,5.2160923250270566],[25.954513549804688,5.205835210625911],[25.962753295898438,5.199680861659604],[25.9552001953125,5.195577928923192],[25.949020385742188,5.204467582724746],[25.934600830078125,5.210621884852697],[25.928421020507812,5.208570457504718],[25.923614501953125,5.200364681183477],[25.913314819335938,5.206519023461198],[25.903701782226562,5.205835210625911],[25.903701782226562,5.193526452535149],[25.910568237304688,5.188739648337056],[25.913314819335938,5.179849772787962],[25.900955200195312,5.168908215864327],[25.898208618164062,5.169592068713755],[25.894775390625,5.20378376765906],[25.887908935546875,5.202416135297969],[25.87554931640625,5.209254267364789],[25.881729125976562,5.2140409155466],[25.882415771484375,5.222930308188185],[25.86181640625,5.22634927180064],[25.854949951171875,5.224297895871774],[25.84259033203125,5.216776126697314],[25.838470458984375,5.199680861659604],[25.83160400390625,5.196945576138148],[25.828170776367188,5.191474969470691],[25.82611083984375,5.201732318002756],[25.818557739257812,5.201732318002756],[25.818557739257812,5.207202835552826],[25.813064575195312,5.2147247194516035],[25.813751220703125,5.223614102403016],[25.804824829101562,5.217459927622463],[25.800018310546875,5.2201951238700515],[25.808258056640625,5.233187143028967],[25.80963134765625,5.24412758148954],[25.81512451171875,5.25028149388973],[25.806884765625,5.251649021732899],[25.789031982421875,5.24002493951471],[25.780792236328125,5.240708715048724],[25.780792236328125,5.244811352531177],[25.789718627929688,5.249597728843336],[25.793838500976562,5.257119103096526],[25.791778564453125,5.270794096171901],[25.784225463867188,5.2789989475411465],[25.7794189453125,5.2789989475411465],[25.764999389648438,5.2694266104008785],[25.769119262695312,5.262589136408598],[25.77392578125,5.266691629829081],[25.780792236328125,5.263956637222767],[25.780105590820312,5.257802859889369],[25.740280151367188,5.240708715048724],[25.73822021484375,5.248230196501417],[25.740966796875,5.253700307872163],[25.736160278320312,5.262589136408598],[25.736160278320312,5.270794096171901],[25.732040405273438,5.272161578931979],[25.723800659179688,5.267375376100507],[25.714874267578125,5.270794096171901],[25.715560913085938,5.276947744869902],[25.709381103515625,5.286519965932641],[25.71075439453125,5.292673458494447],[25.706634521484375,5.302245436321207],[25.690841674804688,5.30292914334743],[25.683975219726562,5.307715071321918],[25.676422119140625,5.306347667117505],[25.6695556640625,5.315919432853655],[25.657882690429688,5.307715071321918],[25.655136108398438,5.311133568567155],[25.659255981445312,5.325491049804802],[25.6475830078125,5.332327827816072],[25.635223388671875,5.328909448322195],[25.631103515625,5.317970506163194],[25.637283325195312,5.3083987722872505],[25.63385009765625,5.3036128496163775],[25.623550415039062,5.309082472494535],[25.618743896484375,5.322756317302058],[25.613937377929688,5.324807367819562],[25.609130859375,5.322072632275951],[25.596771240234375,5.322756317302058],[25.594711303710938,5.327542091197384],[25.604324340820312,5.338480862927282],[25.615310668945312,5.341215525383531],[25.62286376953125,5.348735784198738],[25.612564086914062,5.3535213553373335],[25.58990478515625,5.348052128123212],[25.588531494140625,5.3535213553373335],[25.577545166015625,5.361041462865377],[25.5816650390625,5.372663264997816],[25.57891845703125,5.378132271671656],[25.565185546875,5.38155037588961],[25.548019409179688,5.378815894051407],[25.5377197265625,5.389753747616065],[25.531539916992188,5.391804573239836],[25.528106689453125,5.384284845433902],[25.530166625976562,5.376081399925467],[25.543899536132812,5.363092385212534],[25.54046630859375,5.358306889019628],[25.52398681640625,5.356939597505831],[25.498580932617188,5.3439501756369365],[25.490341186523438,5.356255950601539],[25.48004150390625,5.363776024463518],[25.470428466796875,5.356939597505831],[25.472488403320312,5.350103094058479],[25.469741821289062,5.344633836292871],[25.460128784179688,5.340531860913243],[25.446395874023438,5.344633836292871],[25.44158935546875,5.337113527125022],[25.436782836914062,5.34189918909114],[25.434036254882812,5.340531860913243],[25.43060302734375,5.336429858080697],[25.429229736328125,5.324807367819562],[25.418243408203125,5.322072632275951],[25.424423217773438,5.3125009621569035],[25.404510498046875,5.3097661719436795],[25.396270751953125,5.32412368507396],[25.399017333984375,5.333011501430963],[25.387344360351562,5.33779719540725],[25.392837524414062,5.332327827816072],[25.385971069335938,5.315919432853655],[25.3729248046875,5.31318465781389],[25.362625122070312,5.315235740232134],[25.3564453125,5.307715071321918]],[[25.3564453125,5.3083987722872505],[25.3564453125,5.307715071321918]],[[27.233047485351562,5.659718554577281],[27.241973876953125,5.657668656301352]],[[27.241973876953125,5.657668656301352],[27.244033813476562,5.654935447298472],[27.237167358398438,5.623502617371648],[27.239913940429688,5.602318664956519],[27.258453369140625,5.60641884483002],[27.2845458984375,5.600268564225279],[27.286605834960938,5.595484967884641]],[[27.286605834960938,5.595484967884641],[27.28179931640625,5.572249801113908]],[[27.286605834960938,5.595484967884641],[27.280426025390625,5.568149382027212],[27.288665771484375,5.5496971424069885],[27.287979125976562,5.542179397650233],[27.261886596679688,5.514841338097554],[27.250213623046875,5.47998348636526],[27.244033813476562,5.471781342733556],[27.234420776367188,5.428718247197497],[27.242660522460938,5.415046778801367],[27.238540649414062,5.397957008530659],[27.250213623046875,5.376081399925467],[27.252960205078125,5.350786747842499],[27.248153686523438,5.339164529685023],[27.256393432617188,5.321388946489868],[27.26806640625,5.320021572638161],[27.27081298828125,5.31660312471607],[27.26806640625,5.3083987722872505],[27.276992797851562,5.295408324430188],[27.277679443359375,5.28788741401133],[27.282485961914062,5.285152514834126],[27.293472290039062,5.289254859069416],[27.30377197265625,5.279682680257233],[27.301712036132812,5.263272887191521],[27.307891845703125,5.255067828213552],[27.304458618164062,5.248230196501417],[27.305145263671875,5.24139248983425],[27.316131591796875,5.235922270597782],[27.318191528320312,5.217459927622463],[27.329864501953125,5.207886646900698],[27.334671020507812,5.210621884852697],[27.345657348632812,5.2030999518501035],[27.34771728515625,5.194210278739783],[27.354583740234375,5.194894104202496],[27.35595703125,5.200364681183477],[27.363510131835938,5.198997041393038],[27.364883422851562,5.194894104202496],[27.360763549804688,5.190791140299342],[27.360763549804688,5.185320480244917],[27.371749877929688,5.1791659310253175],[27.377243041992188,5.177798245280736],[27.3834228515625,5.182585132438665],[27.393722534179688,5.170959772197185],[27.39990234375,5.175062864917125],[27.403335571289062,5.170275920824738],[27.399215698242188,5.165488940543941],[27.41363525390625,5.148392287485089],[27.417068481445312,5.151127782902507],[27.421875,5.144289022297489],[27.418441772460938,5.125140101962672],[27.423934936523438,5.1141976039146355],[27.441787719726562,5.09436384975005],[27.4603271484375,5.09094417503339],[27.466506958007812,5.085472657670731],[27.459640502929688,5.049906663601522],[27.45208740234375,5.03827889555008],[27.451400756835938,5.021178858848539],[27.448654174804688,5.0198108365208824]],[[27.448654174804688,5.0198108365208824],[27.447280883789062,5.010918621491892],[27.450027465820312,5.004078373732443],[27.458953857421875,5.000658223032492],[27.463760375976562,4.991081706074606],[27.478179931640625,4.988345532685306],[27.48779296875,4.972612314556662],[27.500152587890625,4.9712441908506495],[27.505645751953125,4.963719459694708],[27.511825561523438,4.960983172532968],[27.513198852539062,4.956878720523831],[27.506332397460938,4.939776562897311],[27.511825561523438,4.9213057371302],[27.520751953125,4.9247262991606116],[27.533111572265625,4.913780438786871],[27.548904418945312,4.909675694775606],[27.560577392578125,4.89051988905704],[27.57568359375,4.887099151737515],[27.585296630859375,4.895993032416392],[27.606582641601562,4.895993032416392],[27.614822387695312,4.891888179092683],[27.630615234375,4.893256466331637],[27.636795043945312,4.896677172188441],[27.648468017578125,4.895993032416392],[27.656021118164062,4.884362549308425],[27.66082763671875,4.88641500217774],[27.66632080078125,4.879573468184145],[27.673873901367188,4.878205153013185],[27.675933837890625,4.869311036456151],[27.68280029296875,4.867258531308741],[27.686920166015625,4.85289082011057],[27.701339721679688,4.8405753955778765],[27.697906494140625,4.8282597468669755],[27.70477294921875,4.824838693627579],[27.706832885742188,4.816628095528724],[27.697906494140625,4.800206602058899],[27.699966430664062,4.7954169252854495],[27.708892822265625,4.789942967844046],[27.726058959960938,4.787890222502666],[27.7294921875,4.789258720081528],[27.7294921875,4.799522364577636],[27.732925415039062,4.800890838853969],[27.756271362304688,4.796785407792601],[27.774124145507812,4.789258720081528],[27.77069091796875,4.77831066283588],[27.780303955078125,4.7728365686114875],[27.775497436523438,4.77009950512061],[27.772064208984375,4.759151142110602],[27.78167724609375,4.753676895264542],[27.783737182617188,4.748202604923947],[27.77618408203125,4.7372538939576625],[27.782363891601562,4.724936386894003],[27.77618408203125,4.719461869021352],[27.77618408203125,4.713987307964372],[27.770004272460938,4.7064597160903014],[27.765884399414062,4.690035596827186],[27.7789306640625,4.679085969314929],[27.779617309570312,4.6695049047309665],[27.796096801757812,4.629810531745279],[27.787857055664062,4.614753461811721],[27.79266357421875,4.606540379886426],[27.812576293945312,4.605855952108454],[27.824249267578125,4.596958331092577],[27.83935546875,4.592167258360623],[27.846221923828125,4.573002645975909],[27.857894897460938,4.570264802301201],[27.879867553710938,4.547677193529814],[27.893600463867188,4.539463341820094],[27.914886474609375,4.539463341820094],[27.922439575195312,4.535356380895774],[27.92724609375,4.537409864278205],[27.928619384765625,4.546308224744382],[27.940292358398438,4.553153042647567],[27.943038940429688,4.573687105259838],[27.948532104492188,4.5798472093693405],[27.954025268554688,4.5784783019272846],[27.956771850585938,4.568211412681943],[27.975997924804688,4.5613667381668614],[27.978744506835938,4.55589095158119],[27.982864379882812,4.556575427185913],[27.984237670898438,4.562051208555529],[27.99041748046875,4.556575427185913],[27.99591064453125,4.559997795432581],[28.002090454101562,4.55452199841713],[28.016510009765625,4.555206475324895],[28.024063110351562,4.5483616769469695],[28.047409057617188,4.551784084273277],[28.050155639648438,4.547677193529814],[28.041915893554688,4.531249396619772],[28.037796020507812,4.476487385132394],[28.048095703125,4.46827272874461],[28.050155639648438,4.459373413802551],[28.061141967773438,4.455266001303413],[28.070755004882812,4.44362820803403],[28.076934814453125,4.422405877136592],[28.084487915039062,4.416929047775388]],[[28.0810546875,4.417613653658056],[28.084487915039062,4.416929047775388]],[[28.084487915039062,4.416929047775388],[28.091354370117188,4.423090477960912],[28.090667724609375,4.438151535843019],[28.100967407226562,4.438151535843019],[28.115386962890625,4.447051107498102],[28.12225341796875,4.438151535843019],[28.131179809570312,4.433359414343617],[28.140792846679688,4.442943626233891],[28.146286010742188,4.4360977732933975],[28.146286010742188,4.428567261769003],[28.150405883789062,4.425828874929913],[28.149032592773438,4.418982863527434],[28.138046264648438,4.410767566409504],[28.13873291015625,4.401867558669124],[28.14697265625,4.3957059524938815]],[[28.14697265625,4.3957059524938815],[28.15715512835003,4.392533275321281]],[[28.14697265625,4.3957059524938815],[28.153839111328125,4.39433669975738],[28.15715512835003,4.392533275321281]],[[28.15715512835003,4.392533275321281],[28.161392211914062,4.390228926463392],[28.175125122070312,4.387490398371434],[28.194351196289062,4.369005071379237],[28.208084106445312,4.350519288722583],[28.220443725585938,4.354627279704502],[28.230743408203125,4.350519288722583],[28.254776000976562,4.348465284827508],[28.267135620117188,4.36147388148962],[28.27880859375,4.35599660504874],[28.309707641601562,4.36147388148962],[28.333053588867188,4.358735248257951],[28.340606689453125,4.352573287015789],[28.34747314453125,4.356681266786097],[28.35296630859375,4.355311942688177],[28.359832763671875,4.343672587302029],[28.367385864257812,4.338195181415957],[28.372879028320312,4.3231321105545],[28.374252319335938,4.2998522307419185],[28.381118774414062,4.285473125903946],[28.399658203125,4.2888967468554],[28.4161376953125,4.280680030820495],[28.436737060546875,4.28821202389208],[28.451156616210938,4.287527300315178],[28.455963134765625,4.292320352464854],[28.463516235351562,4.293689790410154],[28.467636108398438,4.305329913647436],[28.474502563476562,4.311492259788623],[28.47930908203125,4.311492259788623],[28.49029541015625,4.325186183323492],[28.491668701171875,4.340933889327545],[28.502655029296875,4.349834621379858],[28.497848510742188,4.357365927900149],[28.513641357421875,4.363527849861871],[28.512954711914062,4.374482252893138],[28.515701293945312,4.378590112746355],[28.540420532226562,4.383382587405097],[28.54522705078125,4.386805764779007],[28.554840087890625,4.385436495711505],[28.56170654296875,4.388175031336183],[28.571319580078125,4.382697950048642],[28.584365844726562,4.3840672241344585],[28.596725463867188,4.403236797561432],[28.603591918945312,4.421036673590149],[28.6138916015625,4.422405877136592],[28.628311157226562,4.418298258908771],[28.639297485351562,4.425828874929913],[28.653030395507812,4.424459677711262],[28.669509887695312,4.429251856895249],[28.67156982421875,4.433359414343617],[28.6688232421875,4.442259043798205],[28.685302734375,4.458004278853319],[28.689422607421875,4.4785410348289805],[28.703155517578125,4.488809196778648],[28.694915771484375,4.504553431076773],[28.696975708007812,4.509345086962864],[28.705902099609375,4.514821226418345],[28.714141845703125,4.513452195427004],[28.7237548828125,4.526457885478481],[28.717575073242188,4.529880396675466],[28.718948364257812,4.535356380895774],[28.724441528320312,4.536725370466213],[28.728561401367188,4.5456237393763015],[28.7347412109375,4.538778849955242],[28.745040893554688,4.5449392533581054],[28.752593994140625,4.542885791403808],[28.756027221679688,4.547677193529814],[28.766326904296875,4.5456237393763015],[28.782119750976562,4.56342014737544],[28.788299560546875,4.56342014737544],[28.802032470703125,4.556575427185913],[28.8006591796875,4.546992709462251],[28.810958862304688,4.542201302786128],[28.8116455078125,4.527826891900142],[28.815765380859375,4.519612814541964],[28.810958862304688,4.513452195427004],[28.810272216796875,4.4963390904130005],[28.818511962890625,4.4963390904130005],[28.826065063476562,4.485386492163959],[28.83636474609375,4.479225583446776],[28.859710693359375,4.48333286169553],[28.871383666992188,4.492231885341953],[28.8885498046875,4.4874401168582585],[28.909835815429688,4.475802833952788],[28.922882080078125,4.484701949315922],[28.926315307617188,4.4785410348289805],[28.936614990234375,4.477171935671693],[28.955154418945312,4.484017405826415],[28.9654541015625,4.479225583446776],[28.992233276367188,4.482648316923368],[28.997039794921875,4.484701949315922],[28.999099731445312,4.494285490770222],[29.019012451171875,4.4956545578417355],[29.038925170898438,4.488809196778648],[29.043045043945312,4.481279225455594],[29.041671752929688,4.473064622833232],[29.057464599609375,4.460742546200267],[29.060897827148438,4.462111676045688],[29.062957763671875,4.458004278853319],[29.073944091796875,4.462796240011045],[29.081497192382812,4.460742546200267],[29.082870483398438,4.453896858704293],[29.078750610351562,4.434728595087271],[29.090423583984375,4.433359414343617],[29.10003662109375,4.436782361444645],[29.136428833007812,4.431305638471967],[29.1357421875,4.415559834114581],[29.14947509765625,4.409398341384902],[29.157028198242188,4.392282815937999],[29.165267944335938,4.393652072446106],[29.1741943359375,4.382697950048642],[29.200286865234375,4.3655818126156305],[29.20166015625,4.350519288722583],[29.216766357421875,4.340933889327545],[29.224319458007812,4.342987913740352],[29.228439331054688,4.348465284827508],[29.249725341796875,4.351888621540646],[29.254531860351562,4.3580505883908],[29.253158569335938,4.364897158988816],[29.260025024414062,4.374482252893138],[29.253158569335938,4.3840672241344585],[29.27032470703125,4.398444450419976],[29.27581787109375,4.398444450419976],[29.277191162109375,4.393652072446106],[29.284744262695312,4.389544295382259],[29.297103881835938,4.39433669975738],[29.3060302734375,4.382697950048642],[29.34722900390625,4.397075202715005],[29.348602294921875,4.418982863527434],[29.354095458984375,4.427198069616084],[29.35546875,4.449104839543753],[29.361648559570312,4.451843140027589],[29.36920166015625,4.470326401476528],[29.37469482421875,4.472380068453545],[29.380874633789062,4.468957286961189],[29.39666748046875,4.475118282132971],[29.403533935546875,4.473064622833232],[29.422073364257812,4.497023622341143],[29.430999755859375,4.500446272331598],[29.435806274414062,4.51208316185346],[29.444046020507812,4.516874768062023],[29.448165893554688,4.527826891900142],[29.444732666015625,4.5401478330357055],[29.445419311523438,4.562051208555529],[29.468765258789062,4.584638364779981],[29.477005004882812,4.600380506181266],[29.474258422851562,4.620228796978999],[29.470138549804688,4.627072906469992],[29.474945068359375,4.632548146427761],[29.470138549804688,4.638023343989478],[29.47357177734375,4.644867281246504],[29.464645385742188,4.66676743365899],[29.466705322265625,4.6736110913067],[29.475631713867188,4.66676743365899],[29.480438232421875,4.671558001024686],[29.485244750976562,4.682507746329616],[29.483184814453125,4.687298206027664],[29.49005126953125,4.6948260049050665],[29.498977661132812,4.6968790268714145],[29.504470825195312,4.689351250132941],[29.511337280273438,4.688666902768208],[29.512710571289062,4.676348535659985],[29.518890380859375,4.674979814820246],[29.520950317382812,4.666083064222533],[29.534683227539062,4.655133062567137],[29.554595947265625,4.67224236512012],[29.563522338867188,4.661976833596163],[29.579315185546875,4.6640299519104],[29.587554931640625,4.6558174426670185],[29.593734741210938,4.656501822101163],[29.601287841796875,4.649657997813217],[29.623260498046875,4.6592393331784345],[29.629440307617188,4.652395535512189],[29.6466064453125,4.646236060730799],[29.656906127929688,4.646236060730799],[29.66033935546875,4.63323254844253],[29.674758911132812,4.631179340411009],[29.684371948242188,4.620913210902813],[29.704971313476562,4.620228796978999],[29.710464477539062,4.616806717451488],[29.706344604492188,4.607224807005646],[29.713897705078125,4.602433803340716],[29.717330932617188,4.594905018149872],[29.729690551757812,4.590798374525328],[29.744796752929688,4.570264802301201],[29.749603271484375,4.569580339748261],[29.755783081054688,4.575056021865318],[29.764022827148438,4.587376153449693],[29.770889282226562,4.5784783019272846],[29.779129028320312,4.575056021865318],[29.782562255859375,4.568211412681943],[29.794235229492188,4.560682267125846],[29.801101684570312,4.566158017182832],[29.824447631835938,4.560682267125846],[29.828567504882812,4.556575427185913],[29.820327758789062,4.551099604109603],[29.821701049804688,4.542201302786128],[29.813461303710938,4.538778849955242],[29.806594848632812,4.525773381296509],[29.799728393554688,4.520297324546131],[29.799041748046875,4.505922478838557],[29.810028076171875,4.500446272331598],[29.807281494140625,4.482648316923368],[29.803848266601562,4.479225583446776],[29.806594848632812,4.473749176573096],[29.803848266601562,4.46484992807654],[29.805908203125,4.458688846646826],[29.796981811523438,4.432674823020458],[29.801101684570312,4.399813695608013],[29.799041748046875,4.375851542015241],[29.817581176757812,4.359419907501506],[29.829254150390625,4.356681266786097],[29.84161376953125,4.335456463573484],[29.856033325195312,4.341618564753012],[29.881439208984375,4.342987913740352],[29.890365600585938,4.3491499534148],[29.902725219726562,4.347780615618077],[29.943923950195312,4.313546364068522],[29.953536987304688,4.310807557128083],[29.954910278320312,4.304645205439274],[29.9652099609375,4.297113374520389],[29.967269897460938,4.287527300315178],[29.95147705078125,4.2669853081744655],[29.954910278320312,4.260137855217618],[29.943923950195312,4.243703719591426],[29.950790405273438,4.242334192481907],[29.957656860351562,4.224530119369209],[29.965896606445312,4.223845339154215],[29.97344970703125,4.210149608051281],[29.987869262695312,4.214943141390642],[30.0091552734375,4.209464815163475],[30.015335083007812,4.213573563450956],[30.027008056640625,4.207410432886059],[30.027008056640625,4.193029605360747],[30.029754638671875,4.188920748851946],[30.025634765625,4.180702971111722],[30.034561157226562,4.1628974906668645],[30.051727294921875,4.150570383557897],[30.051727294921875,4.143721907519263],[30.059280395507812,4.132764222542468],[30.069580078125,4.127285323245365],[30.088119506835938,4.127285323245365],[30.11627197265625,4.117697158534681],[30.122451782226562,4.112218155390953],[30.137557983398438,4.108793759294191],[30.151290893554688,4.110848398717299],[30.161590576171875,4.119751774991878],[30.16845703125,4.095096028006179],[30.163650512695312,4.074548991709955],[30.169143676757812,4.069069693272613],[30.169830322265625,4.062220517811868],[30.160903930664062,4.049206924322056],[30.167770385742188,4.040987704792823],[30.174636840820312,4.040987704792823],[30.19317626953125,4.026603870284778],[30.202102661132812,4.000575333738762],[30.19317626953125,3.9834508452009545],[30.197982788085938,3.966326000245677],[30.208282470703125,3.9574209405181353],[30.211715698242188,3.9402955567240845],[30.2178955078125,3.932760276067091],[30.230941772460938,3.94098057885553],[30.23712158203125,3.932760276067091],[30.244674682617188,3.9402955567240845],[30.259780883789062,3.9478307691214534],[30.27008056640625,3.9457757179718542],[30.272140502929688,3.955365913129492],[30.276947021484375,3.9567359319550235],[30.2947998046875,3.9402955567240845],[30.298233032226562,3.9204296699116497],[30.296173095703125,3.9142642986001177],[30.312652587890625,3.925909961799965],[30.331192016601562,3.9170044692359447],[30.34423828125,3.9245398921984327],[30.3497314453125,3.9197446308987245],[30.351104736328125,3.9135792545398536],[30.370330810546875,3.907413832794411],[30.379257202148438,3.8998782557953175],[30.381317138671875,3.8923426112324155],[30.395736694335938,3.8916575492900014],[30.403976440429688,3.882066623633626],[30.406036376953125,3.8669949490194786],[30.41015625,3.8656247834774495],[30.41839599609375,3.8683651123467104],[30.42938232421875,3.8649396998761305],[30.438308715820312,3.877956193557513],[30.44586181640625,3.882751693368092],[30.450668334960938,3.8615142735703847],[30.457534790039062,3.8574037437582294],[30.454788208007812,3.851237911764024],[30.461654663085938,3.844386934940729],[30.466461181640625,3.832740148057839],[30.471954345703125,3.8313699273994075],[30.494613647460938,3.836850796858244],[30.529632568359375,3.855348471394325],[30.534439086914062,3.8409614258799305],[30.540618896484375,3.8464422337722097],[30.543365478515625,3.8409614258799305],[30.552291870117188,3.8430167329671723],[30.549545288085938,3.8293145922972873],[30.552978515625,3.821093202564881],[30.550918579101562,3.8162973554903017],[30.553665161132812,3.812871734040583],[30.559158325195312,3.812871734040583],[30.5584716796875,3.807390711334333],[30.56671142578125,3.791632576858439],[30.57769775390625,3.7539489189294843],[30.579071044921875,3.738874999496096],[30.576324462890625,3.705985549852554],[30.570144653320312,3.6909108094168723],[30.574264526367188,3.6710391699077265],[30.570831298828125,3.6662425009267365],[30.56671142578125,3.6415735118867545],[30.56121826171875,3.631294566679499],[30.556411743164062,3.628553494845422],[30.56121826171875,3.6203302294725157],[30.576324462890625,3.621015504441413],[30.586624145507812,3.610736325502004],[30.603790283203125,3.610736325502004],[30.605850219726562,3.6073099066455288],[30.618896484375,3.6052540491302247],[30.6298828125,3.607995191450653],[30.639495849609375,3.6189596779790936],[30.6463623046875,3.6189596779790936],[30.659408569335938,3.62512714335926],[30.669708251953125,3.631294566679499],[30.672454833984375,3.6388324712931155],[30.682754516601562,3.642944029054355],[30.6903076171875,3.6422587707314045],[30.703353881835938,3.6319798333379207],[30.706787109375,3.634720894768281],[30.727386474609375,3.6230713262356806],[30.735626220703125,3.640888252520502],[30.757598876953125,3.636091422360102],[30.754852294921875,3.6552785895456443],[30.76446533203125,3.665557260399637],[30.761032104492188,3.673780112045721],[30.765151977539062,3.6772062778782213],[30.770645141601562,3.673780112045721],[30.77545166015625,3.683373343187847],[30.783004760742188,3.6682982193569496],[30.798110961914062,3.6552785895456443],[30.795364379882812,3.6436292868555094],[30.798110961914062,3.6402029926327475],[30.796737670898438,3.636091422360102],[30.801544189453125,3.6319798333379207],[30.795364379882812,3.621700778891639],[30.798797607421875,3.603198186967079],[30.806350708007812,3.5997717397071276],[30.804977416992188,3.5936041021617364],[30.811843872070312,3.5894923206292404],[30.82489013671875,3.592233510375597],[30.82489013671875,3.5826393102843546],[30.833816528320312,3.58058339716896],[30.842056274414062,3.58058339716896],[30.844802856445312,3.5840099164620915],[30.850982666015625,3.5826393102843546],[30.86334228515625,3.5661918762551723],[30.864028930664062,3.5497441479703147],[30.859222412109375,3.533296126779959],[30.851669311523438,3.5250720067671812],[30.849609375,3.5003992110840523]],[[28.15715512835003,4.392533275321281],[28.1689453125,4.388859663673157]],[[28.999786376953125,9.670476647251169],[29.0093994140625,9.680629819648253],[29.019012451171875,9.707703444757627],[29.029312133789062,9.717855490309997],[29.037551879882812,9.718532282397595],[29.047164916992188,9.736805150915064],[29.069137573242188,9.731391071814581],[29.074630737304688,9.733421361761637],[29.069137573242188,9.73748190463117],[29.070510864257812,9.746956312582395],[29.08355712890625,9.735451639367994],[29.093170166015625,9.739512157548695],[29.092483520507812,9.745602842202617],[29.100723266601562,9.738158656975541],[29.104843139648438,9.744926104953427],[29.112396240234375,9.73748190463117],[29.113082885742188,9.746956312582395],[29.117202758789062,9.749663236864949],[29.537429809570312,9.749663236864949],[29.537429809570312,10.082445532162478],[29.941177368164062,10.287896197088958],[30.000228881835938,10.287896197088958],[30.529632568359375,9.960058868967469],[30.834503173828125,9.71176429992397],[30.842742919921875,9.725300127953926],[30.836563110351562,9.743572626336894],[30.837936401367188,9.749663236864949],[31.179885864257812,9.749663236864949],[31.281509399414062,9.759814007168815],[31.298675537109375,9.765904320896563],[31.3165283203125,9.77537792075676],[31.367340087890625,9.81935895242791],[31.7340087890625,10.253438404272693],[31.778640747070312,10.288571802528466],[31.839752197265625,10.379089815026816],[31.988754272460938,10.650485873076295],[32.14874267578125,10.73752474379852],[32.41241455078125,10.99983824970066],[32.46940612792969,11.042973026242814],[32.39112854003906,11.181096335902302]],[[30.84136962890625,2.7674779510920864],[30.839309692382812,2.7674779510920864]],[[30.89381514146454,3.3452814860397817],[30.887374877929688,3.3400104010345393],[30.89080810546875,3.3352120352297296],[30.887374877929688,3.328357186321635],[30.892868041992188,3.314647345518398],[30.886001586914062,3.316018338161516],[30.873641967773438,3.302993831419392],[30.875015258789062,3.2947677390791794],[30.8660888671875,3.285856062323657],[30.870208740234375,3.2803719139829113],[30.865402221679688,3.276258782980264],[30.842056274414062,3.269403527091621],[30.837936401367188,3.263233756729012],[30.83587646484375,3.2508941024341746],[30.84136962890625,3.2406109418546714],[30.829696655273438,3.2268998985885937],[30.826950073242188,3.217987621216162],[30.829696655273438,3.2049618449107298],[30.80841064453125,3.1576563202949037],[30.809097290039062,3.142572944825512],[30.802230834960938,3.1364024101474723],[30.799484252929688,3.1041779168448493],[30.793304443359375,3.093207651804361],[30.794677734375,3.069209801857119],[30.790557861328125,3.0630388388758756],[30.776138305664062,3.0602961772416415],[30.767898559570312,3.052068150249832],[30.769271850585938,3.0452114129562364],[30.7781982421875,3.03561190742924],[30.777511596679688,3.0287550655317315],[30.783004760742188,3.0205267979509354],[30.79193115234375,3.0170983347129794],[30.802230834960938,3.006812880170073],[30.816650390625,3.008184279720005],[30.82489013671875,3.0013272647361426],[30.824203491210938,2.9903559513070763],[30.837936401367188,2.9745844960831938],[30.85784912109375,2.961555732432723],[30.853729248046875,2.951269758090065],[30.854415893554688,2.940983688546109],[30.860595703125,2.933440510566287],[30.857162475585938,2.927954530973855],[30.866775512695312,2.9217827718212437],[30.864715576171875,2.917668246864408],[30.869522094726562,2.910124912012906],[30.869522094726562,2.9039530550316073],[30.875015258789062,2.9018957618732273],[30.87432861328125,2.8909234685182166],[30.887374877929688,2.8792652905718716],[30.890121459960938,2.8593775354502853],[30.883941650390625,2.8381178297828558],[30.884628295898438,2.815486100532583],[30.861282348632812,2.7839381088009736],[30.85784912109375,2.772278854096807],[30.84686279296875,2.7674779510920864]],[[30.849609375,3.5003992110840523],[30.85235595703125,3.5003992110840523],[30.851669311523438,3.4901186874705536],[30.854415893554688,3.488747942481258],[30.8660888671875,3.493545541191776],[30.887374877929688,3.554541432370182],[30.903167724609375,3.5737303201265442]],[[30.849609375,3.5003992110840523],[30.847549438476562,3.4873771954926736],[30.861282348632812,3.4791526716198784],[30.869522094726562,3.47778191065816],[30.879135131835938,3.4818941875610827],[30.878448486328125,3.488747942481258],[30.887374877929688,3.4928601714481533],[30.896987915039062,3.5031406650049077]],[[30.89381514146454,3.3452814860397817],[30.8935546875,3.344808743387371]],[[30.8935546875,3.4990284811143355],[30.896987915039062,3.5031406650049077]],[[30.8935546875,3.5620799717176883],[30.903167724609375,3.5737303201265442]],[[30.901107788085938,3.3585181634425045],[30.894241333007812,3.3454942189499444],[30.89381514146454,3.3452814860397817]],[[30.901107788085938,3.3585181634425045],[30.89381514146454,3.3452814860397817]],[[30.896987915039062,3.5031406650049077],[30.903854370117188,3.5003992110840523],[30.91827392578125,3.5065674711130814],[30.941619873046875,3.5058821108957803],[30.938873291015625,3.494916279177407],[30.9429931640625,3.479838051353105],[30.938186645507812,3.4709280759696726],[30.943679809570312,3.4654449724099115],[30.936813354492188,3.459961837074151],[30.935440063476562,3.443512240911217],[30.938873291015625,3.438028978971803],[30.936813354492188,3.4311748572202108],[30.94024658203125,3.4222644254615133],[30.936813354492188,3.4174664663306706],[30.936813354492188,3.3989598280859545],[30.923080444335938,3.387307318035017],[30.91827392578125,3.387307318035017],[30.916900634765625,3.3818237353282847],[30.919647216796875,3.3763401216087003],[30.911407470703125,3.3681146429897213],[30.9100341796875,3.3619454884086073],[30.901107788085938,3.3585181634425045]],[[30.903167724609375,3.5737303201265442],[30.907974243164062,3.592233510375597],[30.912094116210938,3.5970305726169567],[30.921707153320312,3.5990864487078085],[30.927200317382812,3.6162185687724717],[30.939559936523438,3.6196449539850426],[30.941619873046875,3.6264976855121835],[30.949172973632812,3.6326650994761076],[30.946426391601562,3.650481836146758],[30.956039428710938,3.6682982193569496],[30.968399047851562,3.6751505799579727],[30.971832275390625,3.6902255878554286]],[[30.971832275390625,3.6902255878554286],[30.9814453125,3.699133426893191]],[[30.971832275390625,3.6902255878554286],[30.980758666992188,3.699133426893191],[30.988311767578125,3.6998186415748395],[30.988311767578125,3.7032447070326606],[31.002731323242188,3.7073559680782315],[31.02264404296875,3.6936516903753764],[31.060409545898438,3.7196896364407626],[31.063156127929688,3.7299675615834778],[31.059036254882812,3.7340786980049225],[31.0693359375,3.7429860941782773],[31.079635620117188,3.7429860941782773],[31.084442138671875,3.739560183282346],[31.08856201171875,3.7416157314273586],[31.090621948242188,3.7347638855373453],[31.09405517578125,3.739560183282346],[31.100234985351562,3.7361342589974686],[31.105728149414062,3.7409305492480747],[31.100234985351562,3.7450416342840684],[31.10504150390625,3.7505230509601364],[31.108474731445312,3.7498378757545185],[31.114654541015625,3.7553192623546594],[31.118087768554688,3.7539489189294843],[31.122894287109375,3.761485781135489],[31.1297607421875,3.766281932247039],[31.134567260742188,3.7655967694198402],[31.135940551757812,3.7690225781612323],[31.155853271484375,3.7806702268751904],[31.1627197265625,3.7902622907039474],[31.18194580078125,3.794373142650977],[31.269149780273438,3.793688002017641],[31.289749145507812,3.7964285612904183],[31.35223388671875,3.7525785733538823],[31.4154052734375,3.722430428212435],[31.455230712890625,3.699133426893191],[31.5087890625,3.676521045764685],[31.501922607421875,3.6443145441347697],[31.517715454101562,3.638147209841434],[31.545181274414062,3.651167088201705],[31.57745361328125,3.67583581312457],[31.63238525390625,3.684058570030217],[31.711349487304688,3.7176340370180214],[31.722335815429688,3.727226793284045],[31.730575561523438,3.7525785733538823],[31.742935180664062,3.7553192623546594],[31.800613403320312,3.8005393838879877],[31.801986694335938,3.807390711334333],[31.795120239257812,3.81424198425914],[31.795806884765625,3.8224634396631596],[31.812973022460938,3.824518791205125],[31.82464599609375,3.8204080831949447],[31.841812133789062,3.8039650544202566],[31.869964599609375,3.784781124382708],[31.906356811523438,3.7368194449249743],[31.949615478515625,3.6676129804054898],[31.957168579101562,3.6600753172903926],[31.960601806640625,3.648426076845082],[31.951675415039062,3.629238763583805],[31.953048706054688,3.606624621323683],[31.959915161132812,3.578527479437362],[31.957855224609375,3.5716743870266465],[31.975021362304688,3.5751009396336317],[31.980514526367188,3.5798980917712084],[31.994247436523438,3.578527479437362],[32.03681945800781,3.587436422920231],[32.03956604003906,3.5853805205862312],[32.04505920410156,3.5929188065260003],[32.047119140625,3.5867511226559894],[32.0526123046875,3.592233510375597],[32.05604553222656,3.5860658218779564],[32.05741882324219,3.588121722670586],[32.06085205078125,3.5853805205862312],[32.056732177734375,3.5819540064256308],[32.0635986328125,3.5798980917712084],[32.06291198730469,3.5757862486190284],[32.067718505859375,3.5737303201265442],[32.07115173339844,3.5757862486190284],[32.06840515136719,3.5730450096050497],[32.073211669921875,3.5716743870266465],[32.07252502441406,3.5661918762551723],[32.07664489746094,3.568247821628615],[32.081451416015625,3.56550656010884],[32.081451416015625,3.5586533705696723],[32.086944580078125,3.5607093327886217],[32.081451416015625,3.5531707822290417],[32.084197998046875,3.5449468386531398],[32.089691162109375,3.5470028314094506],[32.086944580078125,3.5422055078688546],[32.089691162109375,3.5353521454008714],[32.08351135253906,3.534666806366902],[32.08625793457031,3.531240103603496],[32.10273742675781,3.5319254451683264],[32.19337463378906,3.5093089069576835],[32.200927734375,3.5045113889544823],[32.205047607421875,3.5127356904507576],[32.20367431640625,3.5284987322863595],[32.210540771484375,3.537408159463596],[32.20848083496094,3.5463175009986756],[32.218780517578125,3.5613946525082434],[32.207794189453125,3.592233510375597],[32.202301025390625,3.590862916531171],[32.19612121582031,3.5942893972827052],[32.19749450683594,3.600457030190799],[32.4151611328125,3.7457268132467867],[32.72003173828125,3.767652256283251],[32.90130615234375,3.8156122322929344],[33.02764892578125,3.893712733445229],[33.1787109375,3.778614770811061],[33.51104736328125,3.7518933997599144],[33.7939453125,4.037563005395167]],[[32.39112854003906,11.181096335902302],[32.39112854003906,11.706030770773818],[32.0965576171875,11.950662353621924],[32.74543762207031,11.952005876967073],[32.757110595703125,11.980890014704647],[32.75917053222656,12.013800730428155],[32.75779724121094,12.03126192640989],[32.75093078613281,12.05073653781701],[32.75642395019531,12.066852389117168],[32.75505065917969,12.078938641761813],[32.737884521484375,12.146074540880548],[32.7447509765625,12.20245561901314],[32.73170471191406,12.23668113888056],[33.2940673828125,12.219233387864005],[33.29200744628906,12.206482380490273],[33.284454345703125,12.199099937697458],[33.27690124511719,12.199099937697458],[33.276214599609375,12.193730759218635],[33.26728820800781,12.193059604262896],[33.26316833496094,12.187019133226132],[33.259735107421875,12.187019133226132],[33.26042175292969,12.177622571591884],[33.25218200683594,12.1722529584694],[33.256988525390625,12.158828450861819],[33.180084228515625,11.749730991577325],[33.136138916015625,11.626007870363427],[33.21922302246094,11.135287077054238]],[[32.41722106933594,11.135287077054238],[32.39112854003906,11.181096335902302]],[[33.18695068359375,8.38339309556388],[33.18763732910156,8.387468924886686]],[[33.71223449707031,7.661316881677292],[33.70399475097656,7.661997397255237],[33.7005615234375,7.659275328420259],[33.699188232421875,7.665399958832737],[33.688201904296875,7.664719448692516],[33.68751525878906,7.670844000784802],[33.67790222167969,7.671524501131184],[33.67515563964844,7.679009933068027],[33.66691589355469,7.680370906530322],[33.666229248046875,7.685814756775911],[33.647003173828125,7.693299936880311],[33.641510009765625,7.693980401250628],[33.636016845703125,7.6892171277361845],[33.630523681640625,7.694660864529159],[33.62091064453125,7.696021787810487],[33.603057861328125,7.690578068483068],[33.59138488769531,7.693980401250628],[33.581085205078125,7.6892171277361845],[33.57765197753906,7.6926194714183005],[33.56597900390625,7.694660864529159],[33.567352294921875,7.698063164541731],[33.564605712890625,7.700104531441816],[33.54881286621094,7.697382706723541],[33.55018615722656,7.691258537219586],[33.54194641113281,7.693980401250628],[33.53782653808594,7.698063164541731],[33.54057312011719,7.704867682628771],[33.53096008300781,7.716435112415492],[33.52409362792969,7.717115539612239],[33.520660400390625,7.714393824256261],[33.52546691894531,7.722558917758695],[33.52272033691406,7.7252805805371185],[33.5247802734375,7.7273218161120125],[33.51860046386719,7.730723853474211],[33.51448059082031,7.7286826343467565],[33.517913818359375,7.736847451615265],[33.509674072265625,7.732084660741637],[33.50349426269531,7.7354866597099905],[33.5028076171875,7.7293630418192905],[33.498687744140625,7.736167056211443],[33.49937438964844,7.740929800982789],[33.48976135253906,7.732765062729807],[33.48426818847656,7.7354866597099905],[33.484954833984375,7.741610188700593],[33.48152160644531,7.740929800982789],[33.48289489746094,7.746372871965316],[33.47808837890625,7.749774755613696],[33.473968505859375,7.747053250893447],[33.4698486328125,7.752496242741787],[33.468475341796875,7.749094381082662],[33.46229553222656,7.75317661177433],[33.46366882324219,7.746372871965316],[33.45817565917969,7.74365134526335],[33.45405578613281,7.745692491938148],[33.454742431640625,7.738208239129659],[33.44306945800781,7.74365134526335],[33.44306945800781,7.747053250893447],[33.4478759765625,7.7443317285870705],[33.446502685546875,7.750455129045216],[33.43963623046875,7.747733628722445],[33.4368896484375,7.750455129045216],[33.43894958496094,7.75317661177433],[33.43414306640625,7.75317661177433],[33.43482971191406,7.757258802866704],[33.42933654785156,7.754537346539383],[33.4259033203125,7.757939164197406],[33.42521667480469,7.753856979706893],[33.42933654785156,7.751135501377138],[33.424530029296875,7.750455129045216],[33.42315673828125,7.7443317285870705],[33.41972351074219,7.7443317285870705],[33.419036865234375,7.737527845921369],[33.416290283203125,7.740929800982789],[33.40049743652344,7.7402494121666985],[33.402557373046875,7.732084660741637],[33.399810791015625,7.730043448195139],[33.39569091796875,7.732765062729807],[33.39363098144531,7.7293630418192905],[33.38951110839844,7.736167056211443],[33.39088439941406,7.741610188700593],[33.38401794433594,7.73888863124004],[33.38470458984375,7.736847451615265],[33.38127136230469,7.742970960840968],[33.37921142578125,7.740929800982789],[33.38127136230469,7.736167056211443],[33.37303161621094,7.731404257656406],[33.37440490722656,7.7293630418192905],[33.36479187011719,7.732084660741637],[33.366851806640625,7.728002225777633],[33.36341857910156,7.7266414053499926],[33.365478515625,7.723919751339769],[33.36341857910156,7.7198372374483935],[33.350372314453125,7.730043448195139],[33.344879150390625,7.717795965713997],[33.34831237792969,7.715754684123852],[33.33869934082031,7.717115539612239],[33.34281921386719,7.7130329600102225],[33.34075927734375,7.7075894592566545],[33.33526611328125,7.7150742547374085],[33.33251953125,7.71235252624552],[33.32908630371094,7.7137133926805],[33.328399658203125,7.709630780244356],[33.32359313964844,7.71235252624552],[33.322906494140625,7.7075894592566545],[33.31878662109375,7.709630780244356],[33.32084655761719,7.714393824256261],[33.320159912109375,7.721198079794652],[33.3160400390625,7.7252805805371185],[33.317413330078125,7.731404257656406],[33.31398010253906,7.730723853474211],[33.31260681152344,7.725960993491662],[33.30711364746094,7.7293630418192905],[33.303680419921875,7.7252805805371185],[33.30436706542969,7.733445463620821],[33.30024719238281,7.734125863414587],[33.30230712890625,7.742970960840968],[33.29612731933594,7.740929800982789],[33.29887390136719,7.736167056211443],[33.295440673828125,7.734125863414587],[33.29132080078125,7.7402494121666985],[33.29612731933594,7.749094381082662],[33.28376770019531,7.742290575320017],[33.2830810546875,7.75317661177433],[33.27552795410156,7.747733628722445],[33.27552795410156,7.755898076903756],[33.26934814453125,7.75317661177433],[33.267974853515625,7.7592998835568],[33.26385498046875,7.757258802866704],[33.26316833496094,7.762021309064896],[33.2611083984375,7.7592998835568],[33.256988525390625,7.764742716953721],[33.25492858886719,7.759980241585301],[33.251495361328125,7.765423066172211],[33.25355529785156,7.768824795737645],[33.24806213378906,7.773587170836489],[33.246002197265625,7.7722264977494335],[33.2501220703125,7.778349491897894],[33.24394226074219,7.779710145128536],[33.24256896972656,7.775628172195804],[33.23295593261719,7.783111758889575],[33.23295593261719,7.7769888342534],[33.226776123046875,7.777669163627334],[33.22540283203125,7.768144452028474],[33.213043212890625,7.775628172195804],[33.210296630859375,7.771546159551932],[33.207550048828125,7.7722264977494335],[33.21098327636719,7.7769888342534],[33.20892333984375,7.779029819064995],[33.204803466796875,7.772906834844316],[33.20068359375,7.785152713897478],[33.1951904296875,7.783111758889575],[33.189697265625,7.788554283487962],[33.19038391113281,7.783111758889575],[33.18695068359375,7.781751116696867],[33.18626403808594,7.790595211984497],[33.17939758300781,7.787873971779241],[33.17390441894531,7.796717937785405],[33.17115783691406,7.790595211984497],[33.16497802734375,7.789234594091811],[33.16429138183594,7.796037639341402],[33.167724609375,7.79263613053461],[33.17253112792969,7.798758826481004],[33.166351318359375,7.798758826481004],[33.16017150878906,7.804201147652392],[33.160858154296875,7.7980785313553005],[33.15742492675781,7.796717937785405],[33.15605163574219,7.789234594091811],[33.1512451171875,7.791955825456554],[33.145751953125,7.787873971779241],[33.141632080078125,7.790595211984497],[33.13819885253906,7.785152713897478],[33.13407897949219,7.791275519273152],[33.127899169921875,7.784472396665792],[33.12583923339844,7.790595211984497],[33.123779296875,7.7871936589657365],[33.11347961425781,7.787873971779241],[33.11485290527344,7.783111758889575],[33.1072998046875,7.783792078329791],[33.1072998046875,7.779710145128536],[33.10386657714844,7.783111758889575],[33.097686767578125,7.783111758889575],[33.10523986816406,7.786513345047548],[33.105926513671875,7.7946770391357605],[33.097686767578125,7.791955825456554],[33.092193603515625,7.803520861379622],[33.08738708496094,7.801479995920009],[33.08876037597656,7.797398235123403],[33.08464050292969,7.79535733979149],[33.078460693359375,7.7980785313553005],[33.0743408203125,7.7946770391357605],[33.07090759277344,7.796037639341402],[33.07159423828125,7.791275519273152],[33.0633544921875,7.790595211984497],[33.05992126464844,7.797398235123403],[33.05511474609375,7.789914903590686],[33.04962158203125,7.793316434507227],[33.045501708984375,7.789914903590686],[33.04962158203125,7.798758826481004],[33.046875,7.813044768423503],[33.02833557128906,7.829370960701875],[33.018035888671875,7.84637673077831],[33.00498962402344,7.858620454636451],[33.004302978515625,7.8688232820198225],[33.00018310546875,7.8735845155545325],[33.00498962402344,7.889908329230199],[33.013916015625,7.889908329230199],[33.01666259765625,7.894669320210427],[33.00018310546875,7.91575304898008],[33.00567626953125,7.933435344706863],[32.99812316894531,7.944996434709156],[33.013916015625,7.957917267661813],[33.02764892578125,7.9606373911406685],[33.03794860839844,7.967437620818271],[33.040008544921875,7.978997751976284],[33.035888671875,7.9946374089877965],[33.03863525390625,8.007556673489711],[33.04481506347656,8.013676182107503],[33.061981201171875,8.017075869362259],[33.06884765625,8.02183538378516],[33.07777404785156,8.02183538378516],[33.07914733886719,8.038833194511101],[33.08258056640625,8.045632119478386],[33.07914733886719,8.055830293075651],[33.08807373046875,8.061949073939472],[33.08464050292969,8.073506518546205],[33.10455322265625,8.07554603328031],[33.11073303222656,8.07146699351392],[33.11622619628906,8.061949073939472],[33.12171936035156,8.063988646996457],[33.1182861328125,8.096620415240702],[33.12034606933594,8.110216205684662],[33.145751953125,8.116334161444884],[33.16154479980469,8.111575759456702],[33.171844482421875,8.129929285046794],[33.185577392578125,8.125850796317119],[33.19175720214844,8.127890045864799],[33.19175720214844,8.141484777826312],[33.18763732910156,8.144883388744894],[33.182830810546875,8.160516627173727],[33.18901062011719,8.167993177231882],[33.177337646484375,8.17478991941091],[33.177337646484375,8.189742344383697],[33.167724609375,8.191781267937616],[33.166351318359375,8.195859083708093],[33.17253112792969,8.203334970708804],[33.19862365722656,8.216247535155881],[33.20549011230469,8.238673621756176],[33.199310302734375,8.248187335350782],[33.182830810546875,8.25090549718669],[33.174591064453125,8.256341764755218],[33.17115783691406,8.277406594221826],[33.17527770996094,8.28759884935513],[33.16978454589844,8.295752463330142],[33.17390441894531,8.301188112000693],[33.191070556640625,8.297790840395681],[33.19725036621094,8.299829206884883],[33.202056884765625,8.31205918357564],[33.19175720214844,8.33447981657541],[33.20549011230469,8.331762232475164],[33.21784973144531,8.344670588724371],[33.21647644042969,8.36029592288495],[33.196563720703125,8.351464289143232],[33.193817138671875,8.352823015039586],[33.18695068359375,8.38339309556388]],[[33.19038391113281,8.363692651835823],[33.18695068359375,8.38339309556388]],[[33.18763732910156,8.387468924886686],[33.193817138671875,8.395620455263648],[33.193817138671875,8.397658311120539]],[[33.18763732910156,8.387468924886686],[33.193817138671875,8.397658311120539]],[[33.193817138671875,8.397658311120539],[33.18901062011719,8.401733990731858],[33.191070556640625,8.40648889615712],[33.202056884765625,8.40920595879139],[33.21647644042969,8.40648889615712],[33.2171630859375,8.417357032384727],[33.21372985839844,8.427545633059472],[33.21922302246094,8.435696320349097],[33.23295593261719,8.424149462643888],[33.24119567871094,8.430262547918577],[33.243255615234375,8.437054751517433],[33.24943542480469,8.439771599521729],[33.243255615234375,8.443167632646185],[33.24394226074219,8.447242832954798]],[[33.204803466796875,11.221510260010541],[33.27140808105469,10.82791066926712],[33.246002197265625,10.777999410603876],[33.51722717285156,10.642387966490144],[33.66828918457031,10.44189663811717],[33.74581595675596,10.381059379781172]],[[33.25961455491951,8.450612877685549],[33.25904846191406,8.449959609247726],[33.24394226074219,8.447242832954798]],[[33.25961455491951,8.450612877685549],[33.24394226074219,8.447242832954798]],[[33.259735107421875,8.450638800331001],[33.25961455491951,8.450612877685549]],[[33.28582763671875,8.441809222981178],[33.281707763671875,8.449959609247726],[33.28102111816406,8.456751466241652],[33.270721435546875,8.462864035194539],[33.26866149902344,8.456751466241652],[33.25961455491951,8.450612877685549]],[[33.28582763671875,8.441809222981178],[33.281707763671875,8.450638800331001]],[[33.299560546875,8.445205238179893],[33.292694091796875,8.439771599521729],[33.28582763671875,8.441809222981178]],[[33.33732604980469,8.447922028821818],[33.333892822265625,8.448601223493041],[33.32084655761719,8.455393104415956],[33.317413330078125,8.464901536620905],[33.311920166015625,8.467618188415148],[33.30848693847656,8.466259864914658],[33.299560546875,8.445205238179893]],[[33.300933837890625,8.450638800331001],[33.299560546875,8.445205238179893]],[[33.33732604980469,8.447922028821818],[33.331146240234375,8.450638800331001]],[[33.41766357421875,8.446563635892074],[33.4039306640625,8.44113001635619],[33.39637756347656,8.426187168471571],[33.38676452636719,8.42958332099362],[33.380584716796875,8.437054751517433],[33.37165832519531,8.438413177908558],[33.366851806640625,8.447242832954798],[33.3489990234375,8.450638800331001],[33.33732604980469,8.447922028821818]],[[33.43414306640625,8.446563635892074],[33.42864990234375,8.451997178908952],[33.42247009277344,8.452676366403436],[33.41766357421875,8.446563635892074]],[[33.42041015625,8.450638800331001],[33.41766357421875,8.446563635892074]],[[33.43414306640625,8.446563635892074],[33.430023193359375,8.450638800331001]],[[33.45268249511719,8.447242832954798],[33.44512939453125,8.443846835686022],[33.43414306640625,8.446563635892074]],[[33.45542907714844,8.450638800331001],[33.45268249511719,8.447242832954798]],[[33.578338623046875,8.447242832954798],[33.56803894042969,8.451997178908952],[33.56666564941406,8.462864035194539],[33.56048583984375,8.463543203534634],[33.56391906738281,8.468976507121628],[33.56048583984375,8.474409733992514],[33.54331970214844,8.467618188415148],[33.531646728515625,8.47169313014957],[33.52203369140625,8.468297348367685],[33.51173400878906,8.474409733992514],[33.50624084472656,8.472372282909134],[33.495941162109375,8.481201159626318],[33.48838806152344,8.476447174280976],[33.490447998046875,8.468976507121628],[33.48838806152344,8.462864035194539],[33.47740173339844,8.456751466241652],[33.468475341796875,8.459468175528185],[33.45954895019531,8.456072285927263],[33.45268249511719,8.447242832954798]],[[33.578338623046875,8.447242832954798],[33.57078552246094,8.450638800331001]],[[33.66279602050781,8.447922028821818],[33.6566162109375,8.456751466241652],[33.64494323730469,8.462864035194539],[33.62709045410156,8.465580701366893],[33.616790771484375,8.47169313014957],[33.6016845703125,8.454034737802969],[33.6016845703125,8.447242832954798],[33.59687805175781,8.443167632646185],[33.59275817871094,8.449280416968374],[33.578338623046875,8.447242832954798]],[[33.66279602050781,8.447922028821818],[33.65936279296875,8.450638800331001]],[[33.7884521484375,8.387468924886686],[33.79051208496094,8.379996538486903],[33.78364562988281,8.379996538486903],[33.781585693359375,8.374561985472763],[33.7774658203125,8.376599951748466],[33.767852783203125,8.36776868749671],[33.75068664550781,8.37863790735025],[33.732147216796875,8.368448022627353],[33.71498107910156,8.371165351300286],[33.70880126953125,8.37863790735025],[33.7005615234375,8.37863790735025],[33.69575500488281,8.384751710086848],[33.6895751953125,8.386789622967722],[33.6895751953125,8.399016875747522],[33.67927551269531,8.409885221474005],[33.67927551269531,8.421432504845342],[33.67378234863281,8.42890409287539],[33.67927551269531,8.437054751517433],[33.67652893066406,8.445205238179893],[33.66279602050781,8.447922028821818]],[[33.7060546875,3.949200800395344],[33.987579345703125,4.234116978858447]],[[33.71223449707031,7.661316881677292],[33.7060546875,7.661316881677292]],[[33.7060546875,10.41218315866751],[33.74581595675596,10.381059379781172]],[[33.78570556640625,7.587134185893746],[33.78021240234375,7.595301717200041],[33.78021240234375,7.60142726380681],[33.76373291015625,7.605510912995528],[33.76304626464844,7.610955718123288],[33.75274658203125,7.622525699399198],[33.740386962890625,7.6218451209158955],[33.73420715332031,7.631373121196002],[33.73626708984375,7.639539809623023],[33.72802734375,7.648386879224006],[33.72802734375,7.653150609962466],[33.723907470703125,7.656553242193616],[33.718414306640625,7.655872717920213],[33.715667724609375,7.6633584251489655],[33.71223449707031,7.661316881677292]],[[33.74581595675596,10.381059379781172],[33.7939453125,10.343291032584498]],[[33.74581595675596,10.381059379781172],[33.803558349609375,10.335860584542306],[33.90380859375,10.171670624831028],[33.97041320800781,10.145987158732346],[33.96697998046875,10.125709282431037],[33.971099853515625,10.093938033440613],[33.99513244628906,10.063515813179087],[33.99238586425781,10.039852103769555],[33.99993896484375,10.00604380379835],[33.98689270019531,9.962764044849402],[33.99101257324219,9.922860428632175],[33.97247314453125,9.872804953782493],[33.97315979003906,9.862657644688756],[33.9642333984375,9.82477159920413],[33.965606689453125,9.809210001222873],[33.9532470703125,9.797707480786817],[33.938140869140625,9.774024565864728],[33.916168212890625,9.765227624872384],[33.90380859375,9.728007227819083],[33.90037536621094,9.700258415753085],[33.894195556640625,9.680629819648253],[33.89213562011719,9.642723079275292],[33.87840270996094,9.537103310915793],[33.877716064453125,9.499857752235732],[34.10636901855469,9.499857752235732]],[[33.793945289042306,7.584411648737614],[33.78570556640625,7.587134185893746]],[[33.793945289042306,7.584411648737614],[33.79119873046875,7.586453551282252],[33.78570556640625,7.587134185893746]],[[33.7939453125,8.391544711460002],[33.7884521484375,8.387468924886686]],[[33.87428283691406,8.442488428411206],[33.88389587402344,8.433658664640953],[33.8818359375,8.424828699112435],[33.8763427734375,8.422790986129298],[33.8763427734375,8.411243743267432],[33.87153625488281,8.413281517026686],[33.86878967285156,8.411243743267432],[33.863983154296875,8.415319280066623],[33.861236572265625,8.411923002378066],[33.85643005371094,8.413281517026686],[33.85368347167969,8.40920595879139],[33.84544372558594,8.411243743267432],[33.84269714355469,8.405130357699008],[33.839263916015625,8.40580962752307],[33.83857727050781,8.409885221474005],[33.83583068847656,8.403771814481235],[33.83171081542969,8.404451086685032],[33.826904296875,8.398337594028522],[33.81935119628906,8.40037543561821],[33.817291259765625,8.40580962752307],[33.81660461425781,8.403092541087714],[33.809051513671875,8.401733990731858],[33.81111145019531,8.396979027023672],[33.803558349609375,8.396979027023672],[33.80149841308594,8.399696156277448],[33.7884521484375,8.387468924886686]],[[34.19436528042989,7.040324585942437],[34.19151306152344,7.0416088906269145],[34.19151306152344,7.04774204772566],[34.1949462890625,7.045697671040921],[34.196319580078125,7.04774204772566],[34.190826416015625,7.050467869276463],[34.196319580078125,7.052512224914604],[34.193572998046875,7.056600909115605],[34.19013977050781,7.055919464256375],[34.196319580078125,7.0586452376733355],[34.1949462890625,7.061370995033534],[34.19837951660156,7.064778169144703],[34.18876647949219,7.064778169144703],[34.19769287109375,7.0688667449318],[34.190826416015625,7.072273863785206],[34.19219970703125,7.076362373228537],[34.18601989746094,7.079088026071718],[34.19151306152344,7.08113225513729],[34.18876647949219,7.086583488344629],[34.19151306152344,7.093397439178636],[34.199066162109375,7.096122991282705],[34.190826416015625,7.105662296502473],[34.19013977050781,7.112475964748934],[34.19288635253906,7.115201403743606],[34.189453125,7.117245472370001],[34.19425964355469,7.117926826555511],[34.1949462890625,7.121333582304122],[34.19013977050781,7.131553697661016],[34.1839599609375,7.135641679958634],[34.177093505859375,7.1349603521108165],[34.15992736816406,7.147905407687574],[34.141387939453125,7.1458614759105945],[34.14070129394531,7.151993243807639],[34.13658142089844,7.153355847716318],[34.13520812988281,7.1588062226740945],[34.127655029296875,7.165619099791315],[34.112548828125,7.169025500164335],[34.111175537109375,7.172431875064492],[34.10430908203125,7.169706777182575],[34.097442626953125,7.184013359028494],[34.1015625,7.187419621707301],[34.10087585449219,7.193550830168343],[34.094696044921875,7.192188346553078],[34.09675598144531,7.196275785130199],[34.08576965332031,7.20036318688991],[34.07341003417969,7.2187560386443606],[34.069976806640625,7.218074835237043],[34.06654357910156,7.222162040291557],[34.0631103515625,7.220118442381399],[34.067230224609375,7.215350011351346],[34.0631103515625,7.213987593255963],[34.061737060546875,7.218074835237043],[34.05006408691406,7.2255680162810885],[34.046630859375,7.222162040291557],[34.039764404296875,7.222843237542454],[34.03770446777344,7.226249208399034],[34.04045104980469,7.229655153583738],[34.031524658203125,7.238510490834625],[34.03495788574219,7.243278677366985],[34.024658203125,7.243278677366985],[34.01985168457031,7.254858348915562],[34.01573181152344,7.256220643638181],[34.01161193847656,7.2698433639099465],[34.02534484863281,7.2643943253397785],[34.0301513671875,7.2698433639099465],[34.039764404296875,7.271205613225016],[34.0411376953125,7.275973453279315],[34.03633117675781,7.289595574200679],[34.03839111328125,7.293001039730453],[34.031524658203125,7.30934691348252],[34.03358459472656,7.316157517754953],[34.02946472167969,7.3290973794468135],[34.03633117675781,7.357018957392016],[34.01847839355469,7.37744826766869],[34.00749206542969,7.38153401663375],[34.00474548339844,7.3897054013101675],[34.0081787109375,7.400600345742085],[34.004058837890625,7.418304056369114],[33.998565673828125,7.425112986290636],[33.99444580078125,7.425112986290636],[33.979339599609375,7.443496570084815],[33.97178649902344,7.443496570084815],[33.9642333984375,7.450305109366525],[33.958740234375,7.448262558686756],[33.95599365234375,7.459156052246997],[33.95805358886719,7.468687636686595],[33.946380615234375,7.468687636686595],[33.94020080566406,7.4748149740751595],[33.92784118652344,7.472091723623539],[33.92509460449219,7.476176592932917],[33.92921447753906,7.480261424024892],[33.92852783203125,7.484346216879058],[33.92234802246094,7.487750181700041],[33.92097473144531,7.492515687792358],[33.91754150390625,7.492515687792358],[33.916168212890625,7.497281141755459],[33.90724182128906,7.5006850055096],[33.90449523925781,7.510896436975563],[33.899688720703125,7.512938694485847],[33.899688720703125,7.519746150170647],[33.90586853027344,7.525192037853014],[33.89900207519531,7.538806457802798],[33.87908935546875,7.5483362970853705],[33.87290954589844,7.545613507282531],[33.869476318359375,7.55446251144373],[33.861236572265625,7.560588638933364],[33.84956359863281,7.559227284779696],[33.831024169921875,7.564672675632074],[33.81935119628906,7.563311334360308],[33.81248474121094,7.572159975824916],[33.80424499511719,7.572840633031255],[33.793945289042306,7.584411648737614]],[[33.7939453125,7.584411640986812],[33.793945289042306,7.584411648737614]],[[33.92646789550781,8.447922028821818],[33.91960144042969,8.454034737802969],[33.916168212890625,8.453355552701476],[33.913421630859375,8.45810982327931],[33.89762878417969,8.454713921707826],[33.891448974609375,8.457430645359032],[33.89076232910156,8.462184865656594],[33.885955810546875,8.460147349856594],[33.88114929199219,8.463543203534634],[33.8763427734375,8.455393104415956],[33.87428283691406,8.442488428411206]],[[33.8763427734375,8.450638800331001],[33.87428283691406,8.442488428411206]],[[33.92646789550781,8.447922028821818],[33.92372131347656,8.450638800331001]],[[33.93608093261719,8.449280416968374],[33.92646789550781,8.447922028821818]],[[33.94844055175781,8.446563635892074],[33.9422607421875,8.453355552701476],[33.93608093261719,8.449280416968374]],[[33.938140869140625,8.450638800331001],[33.93608093261719,8.449280416968374]],[[33.94844055175781,8.446563635892074],[33.94500732421875,8.450638800331001]],[[33.9752197265625,8.447242832954798],[33.9642333984375,8.449959609247726],[33.95599365234375,8.445884437633742],[33.94844055175781,8.446563635892074]],[[33.98414611816406,8.450638800331001],[33.980712890625,8.451317990218108],[33.9752197265625,8.447242832954798]],[[33.979339599609375,8.450638800331001],[33.9752197265625,8.447242832954798]],[[33.98414611816406,8.450638800331001],[33.98277282714844,8.450638800331001]],[[34.10636901855469,9.499857752235732],[34.1455078125,9.03293414199753],[34.1455078125,8.963080010246422],[34.17366027832031,8.58577389960108],[34.1619873046875,8.579663295011148],[34.16473388671875,8.57083669259086],[34.152374267578125,8.56200988522828],[34.14894104003906,8.542997605026331],[34.144134521484375,8.545034680416153],[34.144134521484375,8.542318577478555],[34.138641357421875,8.540281487583037],[34.13246154785156,8.523305315724217],[34.12422180175781,8.521268124414085],[34.12147521972656,8.516514635822627],[34.102935791015625,8.507007481504521],[34.10362243652344,8.501574715933396],[34.086456298828125,8.486634213711294],[34.07066345214844,8.487992465223257],[34.050750732421875,8.475768028717745],[34.04731750488281,8.465580701366893],[34.024658203125,8.466259864914658],[34.01161193847656,8.455393104415956],[34.00337219238281,8.461505694920891],[33.9971923828125,8.457430645359032],[33.990325927734375,8.457430645359032],[33.98414611816406,8.450638800331001]],[[33.987579345703125,4.234116978858447],[34.056243896484375,4.282049489622648],[34.38720703125,4.609962508893073]],[[33.987579345703125,4.234116978858447],[34.04731750488281,4.179333333107463],[34.06585693359375,4.143721907519263],[34.04937744140625,4.121121516348598],[34.0631103515625,4.094411135280796],[34.07958984375,4.085507476556074],[34.091949462890625,4.061535597066104],[34.08782958984375,4.036878063781356],[34.058990478515625,4.027973770251432],[34.06036376953125,4.009479926416893],[34.08233642578125,4.001945277378957],[34.105682373046875,3.9766009499036885],[34.134521484375,3.9615309799955254],[34.12010192871094,3.9005633110436233],[34.09126281738281,3.8854919667455703],[34.08851623535156,3.8615142735703847],[34.09263610839844,3.8601440991769698],[34.10911560058594,3.8683651123467104],[34.127655029296875,3.8724755890318265],[34.16679382324219,3.869735273458366],[34.17503356933594,3.8800114110955506],[34.215545654296875,3.8806964824972563],[34.22515869140625,3.851923006414952],[34.22584533691406,3.830684816247199],[34.179840087890625,3.8313699273994075],[34.16404724121094,3.8101312270523016],[34.15306091308594,3.8067055810415575],[34.15374755859375,3.7998542481484248],[34.15924072265625,3.8012245190833127],[34.163360595703125,3.797798837665269],[34.17091369628906,3.8005393838879877],[34.18876647949219,3.7950582827409503],[34.19013977050781,3.7827256780666167],[34.166107177734375,3.773818687726824],[34.17091369628906,3.767652256283251],[34.22035217285156,3.784095976152545],[34.22584533691406,3.7827256780666167],[34.226531982421875,3.773818687726824],[34.229278564453125,3.773818687726824],[34.2333984375,3.7806702268751904],[34.245758056640625,3.784095976152545],[34.266357421875,3.7484675237323186],[34.30824279785156,3.711467210008825],[34.330902099609375,3.7327083213358425],[34.365234375,3.735449072534894],[34.38240051269531,3.727226793284045],[34.394073486328125,3.7176340370180214],[34.40299987792969,3.7053003399435016],[34.405059814453125,3.692966470929036],[34.45587158203125,3.676521045764685],[34.46342468261719,3.669668695683545],[34.453125,3.611421607722066],[34.45655822753906,3.5757862486190284],[34.451751708984375,3.5168478140343993],[34.42497253417969,3.4914894304597794],[34.39613342285156,3.488062569236828],[34.391326904296875,3.4928601714481533],[34.38926696777344,3.4914894304597794],[34.391326904296875,3.4832649425390048],[34.41673278808594,3.450366273926067],[34.41947937011719,3.4332310989120782],[34.40986633300781,3.4181518905334065],[34.40162658691406,3.4147247646241152],[34.40093994140625,3.370856476926319],[34.429779052734375,3.3427523138242647],[34.438018798828125,3.3071068520401807],[34.4476318359375,3.283113991917242],[34.45587158203125,3.18165214756914],[34.46067810058594,3.1741106618503303],[34.47029113769531,3.1727394767107064],[34.481964111328125,3.1651979259496357],[34.49501037597656,3.141201718047605],[34.512176513671875,3.148743443018167],[34.54582214355469,3.1364024101474723],[34.558868408203125,3.110348640898358],[34.572601318359375,3.0911507144605963],[34.57466125488281,3.069209801857119],[34.572601318359375,3.0500111336511986],[34.57672119140625,3.0205267979509354],[34.58770751953125,3.004070075898382],[34.59938049316406,2.924525780082358],[34.63920593261719,2.9066961067466637],[34.65293884277344,2.867606993317953],[34.668731689453125,2.862806483412971],[34.69207763671875,2.862806483412971],[34.701690673828125,2.8778937323721827],[34.70855712890625,2.87377904787306],[34.71199035644531,2.8655496343951214],[34.73602294921875,2.85526278436657],[34.74906921386719,2.8264591152919345],[34.7552490234375,2.8285165440208684],[34.76692199707031,2.8113711933311296],[34.76692199707031,2.802455511303503],[34.77516174316406,2.788053112352707],[34.77996826171875,2.7674779510920864]],[[35.00038146972656,11.18715878424709],[34.9530029296875,10.94928165122971],[34.965362548828125,10.94928165122971],[34.96124267578125,10.932427531685166],[34.9859619140625,10.906807436280255],[34.987335205078125,10.889950906052508],[34.96467590332031,10.878487920402678],[34.9749755859375,10.864327153188567],[34.86854553222656,10.78609369153588],[34.87403869628906,10.76046105534859],[34.86442565917969,10.73482623965811],[34.852752685546875,10.726055934826881],[34.82460021972656,10.73415160985797],[34.808807373046875,10.729429159098629],[34.797821044921875,10.71930937343815],[34.78889465332031,10.686923787001337],[34.78477478027344,10.683550089556254],[34.773101806640625,10.686923787001337],[34.7772216796875,10.729429159098629],[34.77516174316406,10.74089784008191],[34.79164123535156,10.756413597641961],[34.76280212402344,10.756413597641961],[34.70375061035156,10.821166389650994],[34.602813720703125,10.90613319340841],[34.465484619140625,10.813747506810238],[34.39064025878906,10.677477339721278],[34.29450988769531,10.585021646686439],[34.29862976074219,10.572197116948898],[34.29588317871094,10.562747120581104],[34.284210205078125,10.537095666050314],[34.28009033203125,10.538445795908626],[34.29656982421875,10.480384877117775],[34.308929443359375,10.452700836127205],[34.29725646972656,10.398676095047758],[34.33845520019531,10.281815683073845],[34.34669494628906,10.244654445228326],[34.34532165527344,10.218301108537387],[34.33502197265625,10.183159928106425],[34.33296203613281,10.156125615454101],[34.325408935546875,10.135172451029336],[34.333648681640625,10.1189497053733],[34.2333984375,10.049317795405155],[34.21623229980469,9.92624227985611],[34.22447204589844,9.886334212670986],[34.1619873046875,9.765904320896563],[34.10224914550781,9.556740241499647],[34.10636901855469,9.499857752235732]],[[34.45037841796875,6.914157271085623],[34.44831848144531,6.913475618628446],[34.44694519042969,6.918928810745051],[34.442138671875,6.91552057304965],[34.44007873535156,6.918247165173743],[34.43595886230469,6.912112310764242],[34.43046569824219,6.91552057304965],[34.43458557128906,6.908704023900711],[34.42840576171875,6.912112310764242],[34.4256591796875,6.908704023900711],[34.42840576171875,6.919610455332285],[34.42359924316406,6.91552057304965],[34.421539306640625,6.919610455332285],[34.41673278808594,6.918928810745051],[34.41741943359375,6.923018663503993],[34.4146728515625,6.9168838710792775],[34.40986633300781,6.920973741554145],[34.405059814453125,6.918928810745051],[34.4036865234375,6.923018663503993],[34.396820068359375,6.920973741554145],[34.394073486328125,6.926426847059554],[34.38926696777344,6.919610455332285],[34.38240051269531,6.919610455332285],[34.383087158203125,6.911430655357407],[34.37347412109375,6.912112310764242],[34.366607666015625,6.91552057304965],[34.36592102050781,6.920973741554145],[34.36180114746094,6.920973741554145],[34.35905456542969,6.9168838710792775],[34.352874755859375,6.923700302184778],[34.34669494628906,6.9216553831885825],[34.341888427734375,6.929835005987085],[34.34051513671875,6.9216553831885825],[34.339141845703125,6.92438193988082],[34.333648681640625,6.920973741554145],[34.33296203613281,6.925063576592028],[34.32472229003906,6.928471745372196],[34.3267822265625,6.932561515388945],[34.32403564453125,6.93528800901518],[34.32746887207031,6.938696103854232],[34.3212890625,6.939377719861927],[34.319915771484375,6.93528800901518],[34.31098937988281,6.950283441698351],[34.30961608886719,6.942785785094595],[34.3048095703125,6.943467395179304],[34.30206298828125,6.952328236383664],[34.300689697265625,6.945512219508063],[34.29313659667969,6.9482386381170125],[34.29313659667969,6.952328236383664],[34.297943115234375,6.9530098326347645],[34.297943115234375,6.956417799055944],[34.2938232421875,6.95846256703778],[34.29588317871094,6.963915238107181],[34.292449951171875,6.961870493881152],[34.29107666015625,6.964596817535289],[34.295196533203125,6.965959973420079],[34.29313659667969,6.969367845794319],[34.29862976074219,6.9673231253423396],[34.297943115234375,6.963915238107181],[34.30137634277344,6.964596817535289],[34.30206298828125,6.9673231253423396],[34.297943115234375,6.970049417296224],[34.303436279296875,6.97277569339086],[34.300689697265625,6.976865077783428],[34.30549621582031,6.978228197978073],[34.29450988769531,6.978228197978073],[34.29313659667969,6.982317534742738],[34.289703369140625,6.978228197978073],[34.284210205078125,6.985725288075725],[34.284210205078125,6.991859181483686],[34.275970458984375,6.988451472861702],[34.27459716796875,6.998674524147574],[34.26704406738281,6.996629931793607],[34.27665710449219,7.003445204803988],[34.26841735839844,7.002082158165732],[34.266357421875,7.0054897672922065],[34.26429748535156,7.001400633353056],[34.26567077636719,7.008897351515124],[34.259490966796875,7.006852803970466],[34.25743103027344,7.011623400954919],[34.24781799316406,7.009578865370235],[34.23820495605469,7.002082158165732],[34.232025146484375,7.004126726629377],[34.2333984375,7.011623400954919],[34.22515869140625,7.014349434442763],[34.22584533691406,7.018438454751326],[34.21966552734375,7.016393949086522],[34.21897888183594,7.021164448332704],[34.22515869140625,7.023208933036641],[34.223785400390625,7.0293423332131955],[34.21760559082031,7.030705300038521],[34.222412109375,7.036157127346003],[34.221038818359375,7.038883016992818],[34.215545654296875,7.0334312216925445],[34.21142578125,7.0334312216925445],[34.21417236328125,7.036157127346003],[34.21211242675781,7.038201546082069],[34.20799255371094,7.036157127346003],[34.210052490234375,7.0416088906269145],[34.201812744140625,7.0375200741706205],[34.19700622558594,7.04229035653274],[34.19436528042989,7.040324585942437]],[[34.19436528042989,7.040324585942437],[34.19425964355469,7.0402459558118355],[34.1949462890625,7.038883016992818],[34.19436528042989,7.040324585942437]],[[34.45037841796875,6.914157271085623],[34.449005126953125,6.9168838710792775],[34.45518493652344,6.918928810745051],[34.45587158203125,6.923018663503993],[34.46067810058594,6.919610455332285],[34.45793151855469,6.9162022225563105],[34.46136474609375,6.917565518618452],[34.45930480957031,6.912112310764242],[34.46617126464844,6.909385683239096],[34.4696044921875,6.918928810745051],[34.47303771972656,6.9168838710792775],[34.468231201171875,6.908704023900711],[34.47303771972656,6.910067341594738],[34.47784423828125,6.902569045647411],[34.47990417480469,6.906659039990036],[34.48265075683594,6.899160690028351],[34.48883056640625,6.901205706344503],[34.484710693359375,6.898479015960204],[34.487457275390625,6.896433987868799],[34.487457275390625,6.888935476020923],[34.49638366699219,6.886890406752073],[34.4970703125,6.88143684560607],[34.498443603515625,6.884845328666761],[34.501190185546875,6.880073445529205],[34.508056640625,6.883481938379785],[34.50599670410156,6.878710041537714],[34.514923095703125,6.872574675152922],[34.51698303222656,6.866439229581719],[34.509429931640625,6.867120949664581],[34.51423645019531,6.860985433763657],[34.51080322265625,6.8603037048934326],[34.51148986816406,6.856213311181549],[34.520416259765625,6.86166716165789],[34.52522277832031,6.860985433763657],[34.53071594238281,6.8521228823578815],[34.52247619628906,6.847350671046953],[34.52178955078125,6.843260166218242],[34.52728271484375,6.84598717333273],[34.52659606933594,6.8405331435274315],[34.53346252441406,6.838487866291029],[34.52934265136719,6.835760816356314],[34.53071594238281,6.832351982057982],[34.5355224609375,6.833033750862024],[34.53071594238281,6.827579573219078],[34.536895751953125,6.827579573219078],[34.53483581542969,6.82144354906632],[34.53826904296875,6.822807116784923],[34.54307556152344,6.81667103148623],[34.53483581542969,6.814625652260007],[34.53826904296875,6.809853066803268],[34.53277587890625,6.802353193752631],[34.541015625,6.803035005234555],[34.542388916015625,6.796898667064056],[34.53346252441406,6.796898667064056],[34.5355224609375,6.792807731428892],[34.53071594238281,6.789398591820569],[34.534149169921875,6.7873530964627875],[34.53277587890625,6.783262079675447],[34.53758239746094,6.781898399690822],[34.53346252441406,6.77917102814287],[34.536895751953125,6.773716238753496],[34.53208923339844,6.769625106228669],[34.53483581542969,6.769625106228669],[34.536895751953125,6.76553393902715],[34.53483581542969,6.7614427371695065],[34.53826904296875,6.759397123251063],[34.53758239746094,6.755987747485331],[34.530029296875,6.755305869447792],[34.53071594238281,6.74507758358901],[34.53483581542969,6.7478051476138505],[34.53895568847656,6.744395690183028],[34.539642333984375,6.7478051476138505],[34.545135498046875,6.7491689238654855],[34.54376220703125,6.743713795817328],[34.54994201660156,6.743031900492006],[34.550628662109375,6.734849081772197],[34.55268859863281,6.737576703354418],[34.5574951171875,6.734849081772197],[34.56504821777344,6.739622409474377],[34.56779479980469,6.732803355522154],[34.572601318359375,6.735530988605566],[34.57328796386719,6.731439533231472],[34.57878112792969,6.73416717398044],[34.58152770996094,6.72939379261137],[34.5849609375,6.731439533231472],[34.58839416503906,6.72802996074303],[34.58976745605469,6.73075762064922],[34.59938049316406,6.72939379261137],[34.60693359375,6.732803355522154],[34.617919921875,6.723256519049715],[34.62409973144531,6.72939379261137],[34.62547302246094,6.743713795817328],[34.64057922363281,6.740304309596386],[34.649505615234375,6.732121444855815],[34.652252197265625,6.732803355522154],[34.66117858886719,6.714391431550213],[34.67010498046875,6.713027557596757],[34.67765808105469,6.70007056455692],[34.70375061035156,6.691887023134452],[34.7113037109375,6.685067300513246],[34.705810546875,6.674155546461437],[34.71748352050781,6.657105444075383],[34.71405029296875,6.6543773726985895],[34.726409912109375,6.646875098291579],[34.727783203125,6.640736788622662],[34.73670959472656,6.641418826812531],[34.740142822265625,6.6386906683820275],[34.74906921386719,6.622321400509709],[34.76554870605469,6.610044093207646],[34.76829528808594,6.595038081434507],[34.77653503417969,6.603905325197131],[34.77790832519531,6.597766481039656],[34.78271484375,6.596402283115156],[34.786834716796875,6.590263345983597],[34.79301452636719,6.589581237165703],[34.79164123535156,6.5936738759984745],[34.79438781738281,6.597766481039656],[34.815673828125,6.606633675940129],[34.83970642089844,6.601176959412757],[34.85137939453125,6.609362011635649],[34.86167907714844,6.607997845669206],[34.86442565917969,6.610726173838698],[34.87060546875,6.603905325197131],[34.87815856933594,6.606633675940129],[34.88983154296875,6.600494865617164],[34.888458251953125,6.59094545386331],[34.882965087890625,6.586170679006905],[34.88914489746094,6.584124332859591],[34.88983154296875,6.579349492380779],[34.8980712890625,6.576620991498729],[34.91111755371094,6.580713737202274],[34.913177490234375,6.578667368565006],[34.90837097167969,6.576620991498729],[34.90837097167969,6.571846078912395],[34.91455078125,6.5650246956995115],[34.92279052734375,6.562978262505657],[34.92759704589844,6.556156757807052],[34.93927001953125,6.558203219021762],[34.93995666503906,6.552745970448975],[34.94544982910156,6.550017323769182],[34.94407653808594,6.537738229153474],[34.95231628417969,6.535009500484903],[34.95025634765625,6.5261410295289535],[34.96055603027344,6.518636816056052],[34.95780944824219,6.504310278580443],[34.969482421875,6.507721396011058],[34.98115539550781,6.4961235023019155],[34.981842041015625,6.486572094970255],[35.00175476074219,6.475655979210866],[35.00862121582031,6.474973714133618],[35.01686096191406,6.464739627382514],[35.02235412597656,6.434718445817625],[35.01686096191406,6.434036125586492],[35.012054443359375,6.424483546180724],[35.01411437988281,6.42107186720348],[35.012054443359375,6.4067425659789325],[35.00518798828125,6.399236580872609],[34.99900817871094,6.400601313644127],[34.991455078125,6.394459987466805],[34.990081787109375,6.3862714378179914],[34.99351501464844,6.361705003612823],[34.9969482421875,6.361705003612823],[35.00038146972656,6.350103778950091],[34.99076843261719,6.34259696483628],[34.98939514160156,6.335772493497227],[34.99214172363281,6.3282654707829336],[34.9859619140625,6.31939339422344],[34.98870849609375,6.3159810165620405],[34.97222900390625,6.305061256941305],[34.96742248535156,6.294823773446239],[34.968109130859375,6.287998672327663],[34.96124267578125,6.2832210482353705],[34.96467590332031,6.257967164413919],[34.96124267578125,6.2525067045460245],[34.95231628417969,6.25182414305256],[34.95025634765625,6.246363619044535],[34.95574951171875,6.239537883938305],[34.96330261230469,6.237490146065323],[34.96055603027344,6.22998170544819],[34.965362548828125,6.221107955334714],[34.9639892578125,6.214281891752767],[34.97291564941406,6.208138358814112],[34.97428894042969,6.188342043359827],[34.979095458984375,6.185611458833262],[34.97772216796875,6.17537164129481],[34.97016906738281,6.1760543019614],[34.97222900390625,6.171275658817277],[34.96742248535156,6.158987521497667],[34.97016906738281,6.1507952719189865],[34.96673583984375,6.148747189793991],[34.9639892578125,6.137823951988504],[34.96742248535156,6.129631376647248],[34.96330261230469,6.1255350417893935],[34.9639892578125,6.12075594473195],[34.97154235839844,6.114611328564163],[34.973602294921875,6.100273616425667],[34.970855712890625,6.094128765214367],[34.9749755859375,6.085935520826559],[34.976348876953125,6.0900321586460375],[34.98390197753906,6.09208046583789],[34.98939514160156,6.087301070237457],[34.99076843261719,6.079107721736664],[34.9969482421875,6.081838851776635],[35.001068115234375,6.079790505546727],[35.001068115234375,6.075693789689959],[35.00450134277344,6.075693789689959],[35.00038146972656,6.069548657451254],[34.99969482421875,6.054526928194485],[34.99626159667969,6.052478478179454],[34.99420166015625,6.042236111676103],[34.9969482421875,6.036773436940448],[34.99351501464844,6.037456274295544],[34.99488830566406,6.0326763947404425],[35.00175476074219,6.030627862028688],[35.00038146972656,6.026530773394633],[35.006561279296875,6.021067940439258],[35.009307861328125,6.007410617805356],[35.00587463378906,6.001264710802939],[35.006561279296875,5.991021378488261],[34.995574951171875,5.975997476865641],[34.99076843261719,5.952777909005887],[35.00038146972656,5.930923301669603],[35.01136779785156,5.917263732101461],[35.01068115234375,5.907018833381363],[35.00518798828125,5.89677374512645],[34.99763488769531,5.89677374512645],[35.006561279296875,5.889943581152755],[35.04158020019531,5.838031596814893],[35.130157470703125,5.68773310147784],[35.12603759765625,5.624185957851086]],[[34.45037841796875,6.914157271085623],[34.45106506347656,6.912112310764242],[34.45587158203125,6.912793965187953],[34.45037841796875,6.914157271085623]],[[34.97428894042969,11.221510260010541],[35.00038146972656,11.18715878424709]],[[35.00038146972656,11.18715878424709],[34.990081787109375,11.135287077054238]],[[36.44920349121094,13.96605408131831],[36.44645690917969,13.956725027447378],[36.486968994140625,13.839413364573717],[36.41075134277344,13.663335011040552],[36.407318115234375,13.651992104101256],[36.407318115234375,13.631973879182246],[36.41212463378906,13.609284507076326],[36.40663146972656,13.587260388977127],[36.397705078125,13.567904171553467],[36.24870300292969,13.368243250897294],[36.15531921386719,13.024627969202388],[36.1614990234375,13.008571920092725],[36.1614990234375,12.995191085020457],[36.16424560546875,12.993852961834982],[36.16081237792969,12.983147716796571],[36.16424560546875,12.98247862366539],[36.16355895996094,12.97712581377289],[36.16081237792969,12.97712581377289],[36.15119934082031,12.961066692801275],[36.151885986328125,12.95772091215836],[36.14295959472656,12.947683300542895],[36.14707946777344,12.940991334835044],[36.14295959472656,12.93362996511732],[36.135406494140625,12.929614580987229],[36.132659912109375,12.923591383664586],[36.138153076171875,12.908198108318514],[36.149139404296875,12.891465212245016],[36.165618896484375,12.875400579691554],[36.14227294921875,12.70732983079338],[36.14021301269531,12.703980673247711],[36.116180419921875,12.693932935851423],[36.107940673828125,12.693932935851423],[36.09832763671875,12.699291778541445],[36.08116149902344,12.723405172327514],[36.06330871582031,12.723405172327514],[36.04888916015625,12.716037433788026],[36.03034973144531,12.717377038519013],[36.009063720703125,12.724074956134704],[35.772857666015625,12.6624474564761],[35.77423095703125,12.671826516866632],[35.76805114746094,12.673836270619807],[35.76324462890625,12.668476892055581],[35.764617919921875,12.663117400803717],[35.759124755859375,12.663787343371283],[35.7550048828125,12.65909770844034],[35.74058532714844,12.65775779690874],[35.738525390625,12.659767661566894],[35.74195861816406,12.6624474564761],[35.73577880859375,12.661107562541073],[35.728912353515625,12.669816747262844],[35.71861267089844,12.671826516866632],[35.709686279296875,12.668476892055581],[35.70762634277344,12.673166354463406],[35.70487976074219,12.669146820539629],[35.69801330566406,12.672496436545654],[35.66162109375,12.636988268690056],[35.311431884765625,12.047378946944503],[35.270233154296875,11.944616416061221],[35.08689880371094,11.807539088816004],[35.04364013671875,11.73426862767906],[35.06217956542969,11.693255554388774],[35.0628662109375,11.67779003000611],[35.07179260253906,11.669048264908161],[35.08277893066406,11.644838862990117],[35.07728576660156,11.534524970601412],[35.04570007324219,11.478005915587573],[35.045013427734375,11.420802488865794],[34.98870849609375,11.34137155538887],[34.97222900390625,11.296261097957988],[34.9749755859375,11.29424106055934],[34.97222900390625,11.286834135091608],[34.96467590332031,11.28548740083425],[34.96604919433594,11.28144716016322],[34.94682312011719,11.268652689854132],[34.94476318359375,11.2605716784017],[34.947509765625,11.25451077087787],[34.94270324707031,11.253837328831697],[34.940643310546875,11.249123190412277],[34.93583679199219,11.249123190412277],[34.93377685546875,11.245755901449785],[34.93034362792969,11.247102821757322],[34.92759704589844,11.237674247415994],[34.94270324707031,11.238347727238551],[34.96467590332031,11.233633335452904],[35.00038146972656,11.18715878424709]],[[35.12809753417969,5.659718554577281],[35.12603759765625,5.624185957851086]],[[35.12603759765625,5.624185957851086],[35.31486511230469,5.4977544109120124],[35.30662536621094,5.484084515949845],[35.308685302734375,5.474515403116562],[35.305938720703125,5.469730789244449],[35.30937194824219,5.463579086623929],[35.30387878417969,5.444440052556259],[35.29289245605469,5.428718247197497],[35.29426574707031,5.399324207898014],[35.29083251953125,5.397273407690907],[35.28877258300781,5.38155037588961],[35.30181884765625,5.349419439510526],[35.308685302734375,5.350786747842499],[35.31623840332031,5.34326651421794],[35.31623840332031,5.335062517706134],[35.336151123046875,5.344633836292871],[35.37666320800781,5.356255950601539],[35.377349853515625,5.358990533628941],[35.38902282714844,5.358306889019628],[35.39314270019531,5.363092385212534],[35.39520263671875,5.361041462865377],[35.41168212890625,5.364459662948641],[35.41511535644531,5.370612374835069],[35.43159484863281,5.376081399925467],[35.448760986328125,5.393171786473429],[35.451507568359375,5.390437356926977],[35.45562744140625,5.392488180241588],[35.473480224609375,5.412312447988894],[35.47828674316406,5.411628863353761],[35.48927307128906,5.418464674921596],[35.49751281738281,5.41709751879356],[35.50506591796875,5.423249696996976],[35.522918701171875,5.418464674921596],[35.525665283203125,5.422566124736764],[35.52772521972656,5.420515403311579],[35.53802490234375,5.423933268482936],[35.54557800292969,5.416413939569419],[35.566864013671875,5.411628863353761],[35.57441711425781,5.41709751879356],[35.58540344238281,5.418464674921596],[35.59913635253906,5.399324207898014],[35.60188293457031,5.401375001167229],[35.605316162109375,5.399324207898014],[35.605316162109375,5.404109381396067],[35.61698913574219,5.404109381396067],[35.62042236328125,5.38155037588961],[35.62385559082031,5.384968460898329],[35.63209533691406,5.384284845433902],[35.63484191894531,5.387702915066552],[35.638275146484375,5.385652075593902],[35.650634765625,5.393855391935261],[35.6561279296875,5.393855391935261],[35.654754638671875,5.389070137535625],[35.66162109375,5.385652075593902],[35.665740966796875,5.388386526685756],[35.67535400390625,5.385652075593902],[35.68084716796875,5.391804573239836],[35.682220458984375,5.387702915066552],[35.70075988769531,5.393171786473429],[35.7110595703125,5.388386526685756],[35.71723937988281,5.392488180241588],[35.716552734375,5.386335689520529],[35.72135925292969,5.388386526685756],[35.723419189453125,5.386335689520529],[35.72410583496094,5.377448648524019],[35.72959899902344,5.3794995156631735],[35.72822570800781,5.374030521270899],[35.73646545410156,5.3794995156631735],[35.737152099609375,5.374030521270899],[35.73921203613281,5.3767650246085905],[35.74745178222656,5.375397774474747],[35.74607849121094,5.371296005656275],[35.75019836425781,5.374714148256525],[35.75569152832031,5.370612374835069],[35.75569152832031,5.367877843882959],[35.75157165527344,5.3671942092285905],[35.756378173828125,5.364459662948641],[35.75431823730469,5.360357820551912],[35.760498046875,5.357623243645226],[35.760498046875,5.35488865449865],[35.77354431152344,5.349419439510526],[35.775604248046875,5.350103094058479],[35.771484375,5.35488865449865],[35.77423095703125,5.358306889019628],[35.79414367675781,5.346684813681327],[35.81336975097656,5.346001155315162],[35.822296142578125,5.335746188274368],[35.82984924316406,5.338480862927282],[35.84014892578125,5.335746188274368],[35.838775634765625,5.329593125743239],[35.84220886230469,5.325491049804802],[35.84770202636719,5.323440001568094],[35.852508544921875,5.326174731029583],[35.85594177246094,5.321388946489868],[35.858001708984375,5.323440001568094],[35.86212158203125,5.320021572638161],[35.86212158203125,5.311817265741293],[35.86555480957031,5.310449870634585],[35.863494873046875,5.300878019997331],[35.85731506347656,5.294724609080329],[35.859375,5.290622301106134],[35.85182189941406,5.290622301106134],[35.85319519042969,5.287203690349512],[35.84564208984375,5.2783152140711636],[35.84014892578125,5.277631479847383],[35.84220886230469,5.274212797424882],[35.83534240722656,5.272161578931979],[35.82916259765625,5.263272887191521],[35.826416015625,5.249597728843336],[35.83946228027344,5.232503359267957],[35.84632873535156,5.217459927622463],[35.85456848144531,5.212673305502529],[35.855255126953125,5.20104849996456],[35.86555480957031,5.183952807822733],[35.86418151855469,5.169592068713755],[35.85662841796875,5.149760036665079],[35.849761962890625,5.149760036665079],[35.85182189941406,5.146340658199496],[35.84564208984375,5.141553497473795],[35.848388671875,5.140185730654676],[35.83740234375,5.1230883978438655],[35.8319091796875,5.122404495007059],[35.82710266113281,5.118301062622345],[35.830535888671875,5.1169332459768535],[35.82366943359375,5.1141976039146355],[35.825042724609375,5.112145864696182],[35.81817626953125,5.100519218379833],[35.81817626953125,4.77420509626342],[35.94932556152344,4.631179340411009],[35.94451904296875,4.618859967149391]],[[35.12603759765625,5.624185957851086],[35.20362854003906,5.572249801113908]],[[35.50849914550781,4.616806717451488],[35.608062744140625,4.617491134677793]],[[35.69801330566406,4.618175551243792],[35.94451904296875,4.618859967149391]],[[35.94451904296875,4.618859967149391],[35.94520568847656,4.574371563889674],[35.96099853515625,4.562735678291756],[35.95344543457031,4.542885791403808],[35.95619201660156,4.534671885137518],[36.04133605957031,4.447735685482912],[36.234283447265625,4.449104839543753],[36.24732971191406,4.455266001303413],[36.264495849609375,4.448420262831496],[36.547393798828125,4.441574460727067],[36.6064453125,4.449104839543753]]]}},{"type":"Feature","properties":{"kind":"disputed"},"geometry":{"type":"MultiLineString","coordinates":[[[23.696136474609375,9.671830421292151],[24.058685302734375,9.667092188303727],[24.068984985351562,9.658969347906899],[24.077224731445312,9.659646258761555],[24.077224731445312,9.655584773218912],[24.079971313476562,9.659646258761555],[24.091644287109375,9.660323168255017],[24.092330932617188,9.663030792615077],[24.097137451171875,9.663707695301188],[24.099197387695312,9.66100007638719],[24.10125732421875,9.667092188303727],[24.104690551757812,9.66776908281799],[24.102630615234375,9.670476647251169],[24.106063842773438,9.671153534953037],[24.105377197265625,9.675214832543196],[24.1094970703125,9.677245462934899],[24.1094970703125,9.684691002690002],[24.112930297851562,9.684014142260647],[24.11224365234375,9.686721575790168],[24.1204833984375,9.692813221378119],[24.11773681640625,9.696874256984865],[24.1204833984375,9.697551091471356],[24.115676879882812,9.700935243407],[24.118423461914062,9.702288894614375],[24.113616943359375,9.703642540353858],[24.119110107421875,9.704996180624718],[24.114303588867188,9.71176429992397],[24.119796752929688,9.713794709036922],[24.113616943359375,9.723946569800441],[24.119110107421875,9.724623349562181],[24.117050170898438,9.727330454908248],[24.1204833984375,9.731391071814581],[24.1314697265625,9.736128395827308],[24.1314697265625,9.733421361761637],[24.132843017578125,9.736128395827308],[24.135589599609375,9.73274459981702],[24.137649536132812,9.736805150915064],[24.139022827148438,9.733421361761637],[24.15069580078125,9.735451639367994],[24.152755737304688,9.733421361761637],[24.157562255859375,9.738158656975541],[24.156875610351562,9.732067836501303],[24.165115356445312,9.73274459981702],[24.166488647460938,9.728683999359461],[24.171981811523438,9.731391071814581],[24.179534912109375,9.728007227819083],[24.195327758789062,9.73274459981702],[24.202194213867188,9.735451639367994],[24.214553833007812,9.747633045712794],[24.2138671875,9.750339964502347],[24.22210693359375,9.759814007168815],[24.2193603515625,9.761844124120891],[24.225540161132812,9.765227624872384],[24.222793579101562,9.769287780381822],[24.23309326171875,9.77943795238506],[24.237899780273438,9.776054596137518],[24.237213134765625,9.780114619502678],[24.243392944335938,9.777407942768058],[24.253692626953125,9.782821274197135],[24.261932373046875,9.780791285242785],[24.268798828125,9.784851250750593],[24.276351928710938,9.778084614017658],[24.280471801757812,9.780791285242785],[24.2852783203125,9.778761283890022],[24.2852783203125,9.784174593277468],[24.290771484375,9.783497934426286],[24.292831420898438,9.78755786686066],[24.29901123046875,9.784174593277468],[24.307937622070312,9.78823451744211],[24.30999755859375,9.785527906845564],[24.314804077148438,9.788911166644953],[24.316177368164062,9.786204561562293],[24.316864013671875,9.789587814469094],[24.321670532226562,9.789587814469094],[24.321670532226562,9.79500094741802],[24.328536987304688,9.799060739192239],[24.332656860351562,9.795677582829734],[24.33746337890625,9.799737366324882],[24.350509643554688,9.801090616449585],[24.356002807617188,9.799060739192239],[24.355316162109375,9.793647672456105],[24.366302490234375,9.79094110598091],[24.366989135742188,9.78688121490069],[24.369049072265625,9.789587814469094],[24.378662109375,9.78823451744211],[24.382781982421875,9.792294391976824],[24.384841918945312,9.783497934426286],[24.388275146484375,9.78688121490069],[24.39239501953125,9.782144612590107],[24.398574829101562,9.78688121490069],[24.399261474609375,9.784174593277468],[24.404754638671875,9.785527906845564],[24.408187866210938,9.782144612590107],[24.41162109375,9.78823451744211],[24.415054321289062,9.78688121490069],[24.412994384765625,9.7916177496684],[24.418487548828125,9.7916177496684],[24.427413940429688,9.803120481283793],[24.434280395507812,9.801767239441457],[24.431533813476562,9.807856784237526],[24.43634033203125,9.811916418615473],[24.432220458984375,9.81462281389906],[24.43359375,9.81665259584919],[24.443893432617188,9.815976003248144],[24.446640014648438,9.81868236535723],[24.4500732421875,9.815299409264737],[24.451446533203125,9.81935895242791],[24.465179443359375,9.81665259584919],[24.47479248046875,9.824095023198575],[24.478225708007812,9.822741867037173],[24.479598999023438,9.8281544584768],[24.486465454101562,9.830184157433015],[24.487152099609375,9.833566961339804],[24.493331909179688,9.832890403327564],[24.493331909179688,9.82950759249844],[24.497451782226562,9.83086072098331],[24.495391845703125,9.833566961339804],[24.498138427734375,9.835596627067709],[24.5050048828125,9.82950759249844],[24.509124755859375,9.833566961339804],[24.509124755859375,9.82950759249844],[24.522171020507812,9.82950759249844],[24.522857666015625,9.823418445809558],[24.52972412109375,9.825448173826135],[24.531784057617188,9.811916418615473],[24.536590576171875,9.809886607643422],[24.535903930664062,9.807180173672908],[24.538650512695312,9.808533393420877],[24.536590576171875,9.80515033369239],[24.55169677734375,9.799060739192239],[24.555816650390625,9.799737366324882],[24.556503295898438,9.809210001222873],[24.56817626953125,9.80515033369239],[24.57366943359375,9.807856784237526],[24.572982788085938,9.810563212682434],[24.577789306640625,9.809886607643422],[24.580535888671875,9.815299409264737],[24.585342407226562,9.810563212682434],[24.588775634765625,9.813269619021257],[24.589462280273438,9.809886607643422],[24.597015380859375,9.807856784237526],[24.596328735351562,9.803120481283793],[24.600448608398438,9.800413992077361],[24.610061645507812,9.804473717603633],[24.610748291015625,9.807856784237526],[24.61761474609375,9.806503561727121],[24.621047973632812,9.799737366324882],[24.623794555664062,9.801090616449585],[24.625167846679688,9.798384110679518],[24.627914428710938,9.800413992077361],[24.632034301757812,9.796354216861834],[24.634780883789062,9.799737366324882],[24.632720947265625,9.801767239441457],[24.63958740234375,9.803120481283793],[24.644393920898438,9.797030849514224],[24.646453857421875,9.799060739192239],[24.645767211914062,9.795677582829734],[24.6533203125,9.799060739192239],[24.656753540039062,9.793647672456105],[24.663619995117188,9.799060739192239],[24.667739868164062,9.796354216861834],[24.670486450195312,9.799737366324882],[24.673233032226562,9.798384110679518],[24.673919677734375,9.803120481283793],[24.67803955078125,9.801767239441457],[24.675979614257812,9.80515033369239],[24.682159423828125,9.803120481283793],[24.682846069335938,9.80582694840025],[24.687652587890625,9.80582694840025],[24.686279296875,9.809210001222873],[24.697265625,9.810563212682434],[24.69451904296875,9.81665259584919],[24.697265625,9.81800577690382],[24.696578979492188,9.823418445809558],[24.704132080078125,9.823418445809558],[24.708938598632812,9.832890403327564],[24.712371826171875,9.832213843930674],[24.715805053710938,9.837626280330467],[24.7247314453125,9.834243517967302],[24.728164672851562,9.830184157433015],[24.72747802734375,9.823418445809558],[24.731597900390625,9.81868236535723],[24.7357177734375,9.81868236535723],[24.7412109375,9.809886607643422],[24.744644165039062,9.811239816339814],[24.7467041015625,9.807180173672908],[24.748764038085938,9.809886607643422],[24.753570556640625,9.807180173672908],[24.759063720703125,9.809210001222873],[24.762496948242188,9.806503561727121],[24.761123657226562,9.802443861052891],[24.76593017578125,9.801767239441457],[24.770736694335938,9.79500094741802],[24.787216186523438,9.797707480786817],[24.797515869140625,9.790264460914443],[24.811248779296875,9.79094110598091],[24.8126220703125,9.798384110679518],[24.809188842773438,9.80582694840025],[24.813308715820312,9.807856784237526],[24.808502197265625,9.81462281389906],[24.811248779296875,9.817329187067779],[24.816055297851562,9.815299409264737],[24.816741943359375,9.81868236535723],[24.8236083984375,9.81868236535723],[24.829788208007812,9.81462281389906],[24.833908081054688,9.81868236535723],[24.835968017578125,9.81462281389906],[24.83734130859375,9.817329187067779],[24.841461181640625,9.815299409264737],[24.836654663085938,9.808533393420877],[24.839401245117188,9.804473717603633],[24.833908081054688,9.802443861052891],[24.829788208007812,9.785527906845564],[24.822921752929688,9.784851250750593],[24.818115234375,9.777407942768058],[24.805755615234375,9.781467949605291],[24.806442260742188,9.766581015545155],[24.800949096679688,9.766581015545155],[24.799575805664062,9.76252082702163],[24.792709350585938,9.764550927472712],[24.792709350585938,9.757107165319795],[24.788589477539062,9.750339964502347],[24.776229858398438,9.75440030148044],[24.766616821289062,9.740865652633795],[24.763870239257812,9.744926104953427],[24.752197265625,9.746956312582395],[24.755630493164062,9.735451639367994],[24.747390747070312,9.725976904975576],[24.740524291992188,9.729360769529292],[24.736404418945312,9.718532282397595],[24.741897583007812,9.711087494149686],[24.740524291992188,9.704996180624718],[24.744644165039062,9.707703444757627],[24.7467041015625,9.702288894614375],[24.750823974609375,9.702288894614375],[24.747390747070312,9.694166905377434],[24.752883911132812,9.686721575790168],[24.74945068359375,9.684014142260647],[24.750823974609375,9.677245462934899],[24.748077392578125,9.676568587501121],[24.748077392578125,9.670476647251169],[24.739151000976562,9.66641529242726],[24.74395751953125,9.662353888567312],[24.744644165039062,9.656938607176684],[24.741897583007812,9.654907854199015],[24.752197265625,9.654907854199015],[24.753570556640625,9.643400022771097],[24.758377075195312,9.644076964907908],[24.757003784179688,9.638661389766764],[24.751510620117188,9.635953569592846],[24.754257202148438,9.633245727691202],[24.752197265625,9.62918392411209],[24.755630493164062,9.614290226496681],[24.752883911132812,9.593979582094613],[24.750823974609375,9.58924025652126],[24.739837646484375,9.591271404164424],[24.742584228515625,9.58246967653418],[24.730911254882812,9.57569896147412],[24.726791381835938,9.56621973364234],[24.72198486328125,9.56757392523506],[24.725418090820312,9.564188436139549],[24.724044799804688,9.559448694781931],[24.715805053710938,9.559448694781931],[24.720611572265625,9.557417356841306],[24.719924926757812,9.547937619492808],[24.712371826171875,9.548614752341404],[24.715805053710938,9.54658334975758],[24.71649169921875,9.541166216989602],[24.713058471679688,9.541843363294502],[24.711685180664062,9.532363192652976],[24.706192016601562,9.528300181727518],[24.708251953125,9.525591480908417],[24.700698852539062,9.524914302345884],[24.700698852539062,9.513402061391242],[24.696578979492188,9.512724858670234],[24.699325561523438,9.507984402072934],[24.690399169921875,9.508661614180857],[24.697265625,9.505952757705801],[24.69451904296875,9.494439878506439],[24.697265625,9.492408153765536],[24.68902587890625,9.490376416978085],[24.692459106445312,9.48766741586004],[24.684906005859375,9.483603874048967],[24.684906005859375,9.47818574341498],[24.680099487304688,9.479540284094758],[24.682159423828125,9.474122089300824],[24.675979614257812,9.474799368327108],[24.677352905273438,9.470735674130928],[24.679412841796875,9.472767527240288],[24.682159423828125,9.469381098713395],[24.679412841796875,9.468703809001516],[24.680099487304688,9.465317340414678],[24.67529296875,9.4626081415178],[24.671173095703125,9.464640042692468],[24.671859741210938,9.461253534062248],[24.6697998046875,9.459221612872101],[24.66705322265625,9.461930838457208],[24.662246704101562,9.453803097675907],[24.669113159179688,9.449739155279223],[24.662246704101562,9.443643151732559],[24.662933349609375,9.438901741051964],[24.667739868164062,9.436192334230974],[24.663619995117188,9.435514979198325],[24.664993286132812,9.427386615032356],[24.659500122070312,9.426709242706803],[24.663619995117188,9.425354494067049],[24.664993286132812,9.419935446339592],[24.660873413085938,9.412484116879154],[24.662246704101562,9.409774502694091],[24.656753540039062,9.401645532743863],[24.651260375976562,9.406387455099715],[24.65057373046875,9.400968109959031],[24.645767211914062,9.404355210620553],[24.642333984375,9.39758097614551],[24.635467529296875,9.39758097614551],[24.640960693359375,9.39216149311645],[24.630661010742188,9.39283893313314],[24.62860107421875,9.39080660910852],[24.632034301757812,9.386064473357592],[24.623794555664062,9.386741925294906],[24.623794555664062,9.382677193812052],[24.61761474609375,9.380644810200874],[24.618301391601562,9.375225062351898],[24.612808227539062,9.367772770859629],[24.612808227539062,9.363707817183423],[24.616928100585938,9.360997821644466],[24.609375,9.354900254433087],[24.612808227539062,9.351512670895609],[24.611434936523438,9.336606911637638],[24.607315063476562,9.334574258680833],[24.61212158203125,9.327798663230565],[24.610748291015625,9.31831260851139],[24.601821899414062,9.31560225981786],[24.60113525390625,9.309503898370039],[24.5928955078125,9.308826296084193],[24.591522216796875,9.30543826495363],[24.597702026367188,9.302727816413103],[24.592208862304688,9.300017346869124],[24.592208862304688,9.293918713631879],[24.58740234375,9.291208175867455],[24.585342407226562,9.294596344794426],[24.583969116210938,9.291208175867455],[24.581222534179688,9.29256344737233],[24.5819091796875,9.287142329888233],[24.577789306640625,9.289175258776764],[24.575042724609375,9.285787037409422],[24.577789306640625,9.283076436727626],[24.575729370117188,9.276299843333213],[24.572982788085938,9.277655172487991],[24.567489624023438,9.270200797346032],[24.572982788085938,9.264101645387573],[24.568862915039062,9.263423955298117],[24.569549560546875,9.259357787309963],[24.566116333007812,9.259357787309963],[24.5599365234375,9.248514442730318],[24.568862915039062,9.249869879085203],[24.566802978515625,9.246481278408215],[24.5599365234375,9.245125829001374],[24.557876586914062,9.239703979186492],[24.560623168945312,9.237670763985161],[24.554443359375,9.23157104798286],[24.554443359375,9.225471226435443],[24.558563232421875,9.224793461973524],[24.55718994140625,9.213949053559631],[24.56268310546875,9.210560107629684],[24.564056396484375,9.202426504803132],[24.569549560546875,9.197681816756905],[24.570236206054688,9.188192249830092],[24.567489624023438,9.186158738117843],[24.5709228515625,9.170568094086885],[24.566802978515625,9.169212353526287],[24.570236206054688,9.167178732976668],[24.568862915039062,9.15972202465639],[24.571609497070312,9.157688349769588],[24.56817626953125,9.15226515985479],[24.569549560546875,9.148875624157974],[24.556503295898438,9.132605403486206],[24.552383422851562,9.115656467131002],[24.548263549804688,9.114978492933258],[24.5489501953125,9.109554653022311],[24.54620361328125,9.109554653022311],[24.545516967773438,9.102774737363886],[24.540023803710938,9.095316681671717],[24.545516967773438,9.090570565303153],[24.54071044921875,9.074297688945892],[24.545516967773438,9.068195169928378],[24.54345703125,9.064804836754803],[24.54620361328125,9.064126766278859],[24.546890258789062,9.056667906571096],[24.545516967773438,9.049886990701964],[24.541397094726562,9.047852691011148],[24.5489501953125,9.034968525976428],[24.551010131835938,9.02479649127279],[24.546890258789062,9.016658656973442],[24.55169677734375,9.00309519229893],[24.5489501953125,8.986140146121443],[24.558563232421875,8.978679674348054],[24.561309814453125,8.969862555281123],[24.566802978515625,8.968506056409778],[24.5709228515625,8.956297338572407],[24.576416015625,8.952227674819689],[24.575729370117188,8.914241953259511],[24.571609497070312,8.908815098740513],[24.5654296875,8.911528536074785],[24.561309814453125,8.909493459962775],[24.553756713867188,8.89931790947859],[24.554443359375,8.895247610033735],[24.550323486328125,8.895925996417887],[24.54620361328125,8.888463677065918],[24.54345703125,8.889142076017096],[24.531784057617188,8.879644376420835],[24.532470703125,8.875573858422698],[24.511184692382812,8.868111124818073],[24.50225830078125,8.868111124818073],[24.467239379882812,8.850471333631663],[24.448699951171875,8.845043535363176],[24.448013305664062,8.839615657078516],[24.458999633789062,8.813832143966069],[24.45556640625,8.802975389360558],[24.44732666015625,8.79754689256248],[24.437026977539062,8.80840380651094],[24.42535400390625,8.80840380651094],[24.409561157226562,8.79890402422637],[24.401321411132812,8.784653893732001],[24.401321411132812,8.75343740946444],[24.396514892578125,8.739864207578782],[24.386215209960938,8.729005290108987],[24.360809326171875,8.720860894612489],[24.318923950195312,8.724933114569266],[24.301071166992188,8.71339504273076],[24.281845092773438,8.709322697034741],[24.266738891601562,8.701177872642635],[24.256439208984375,8.686924003666912]],[[28.0810546875,9.34405987102621],[28.7677001953125,9.35219019024218],[28.7677001953125,9.41925805939373],[28.816452026367188,9.498503291838672],[28.999786376953125,9.670476647251169],[28.999786376953125,10.166939615070437],[27.833175659179688,10.166939615070437],[27.833175659179688,9.763197528547243],[28.035736083984375,9.34405987102621],[28.1689453125,9.345414937416574]],[[34.38720703125,4.609962508893073],[35.50849914550781,4.616806717451488],[35.42060852050781,4.770783772016464],[35.47691345214844,4.90283439863204],[35.476226806640625,4.914464560331368],[35.4693603515625,4.9213057371302],[35.451507568359375,4.922673964053047],[35.31005859375,4.907623313295865],[35.31280517578125,4.925410409455624],[35.32997131347656,4.976716668617349],[35.34645080566406,5.007498506556274],[35.33683776855469,5.019126824281102],[35.32722473144531,5.023230886958806],[35.299072265625,5.018442811324147],[35.19676208496094,4.955510564186142],[35.152130126953125,4.989029577102103],[35.009307861328125,4.910359820532271],[34.973602294921875,4.89530889194459],[34.712677001953125,4.798153887556921],[34.498443603515625,4.737938193476744],[34.476470947265625,4.724252074523261],[34.468231201171875,4.715355952274432],[34.38720703125,4.609962508893073]],[[35.608062744140625,4.617491134677793],[35.69801330566406,4.618175551243792],[35.7000732421875,4.677717253825137],[35.679473876953125,4.691404288203821],[35.643768310546875,4.688666902768208],[35.6231689453125,4.668136170529943],[35.608062744140625,4.617491134677793]]]}}]}
